customer_id,email,first_name,last_name,street_address,city,state,zip_code,country,phone,registration_date,last_login
1,james.benton1@example.com,James,Benton,3007 Pacheco Green,Fletcherburgh,OH,29738,US,555-0001,2024-06-23T09:37:37,2026-01-24T21:12:02
2,robert.randall2@example.com,Robert,Randall,1926 Kennedy Knoll Apt. 461,East Gina,PR,64123,US,555-0002,2024-04-22T22:06:26,2025-02-10T22:30:53
3,cory.morales3@example.com,Cory,Morales,4844 Erica Gateway Apt. 565,Halestad,AR,97034,US,555-0003,2025-12-25T20:32:15,2026-02-09T10:29:16
4,michael.lang4@example.com,Michael,Lang,83235 Bobby Pass,Theresatown,HI,01011,US,555-0004,2026-06-09T07:17:35,2026-06-21T02:24:30
5,robert.sloan5@example.com,Robert,Sloan,318 Louis Park,South Christopherstad,IL,77108,US,555-0005,2025-08-17T20:46:20,2025-08-22T02:13:46
6,caroline.hall6@example.com,Caroline,Hall,3725 Brian Garden Apt. 195,South Clairestad,AS,27389,US,555-0006,2022-07-29T21:43:38,2024-05-25T22:24:07
7,christopher.brown7@example.com,Christopher,Brown,99986 Lam Squares,New Andrewberg,PR,31434,US,555-0007,2024-04-30T16:19:10,2026-02-26T13:20:34
8,tyler.holland8@example.com,Tyler,Holland,01367 Watts Extensions Suite 176,Martinmouth,HI,27540,US,555-0008,2025-12-24T19:49:53,2026-06-16T12:49:21
9,mason.davies9@example.com,Mason,Davies,497 Dean Run,Jonathanport,AZ,07222,US,555-0009,2021-08-11T13:15:33,2023-04-14T11:32:21
10,steven.christian10@example.com,Steven,Christian,993 Tracy Mountains,West Melissa,AZ,83633,US,555-0010,2024-08-22T16:22:00,2025-10-31T04:09:42
11,laura.steele11@example.com,Laura,Steele,62447 Heather Port Suite 711,South Paulbury,VT,61567,US,555-0011,2021-09-08T02:10:10,2022-10-11T08:55:27
12,phillip.henry12@example.com,Phillip,Henry,3007 Pacheco Green,Bradfordview,KS,19502,US,555-0012,2025-05-14T23:54:55,2025-12-31T05:54:16
13,todd.franco13@example.com,Todd,Franco,862 Carol Heights Suite 169,Isabellaland,WI,42549,US,555-0013,2026-05-09T02:48:48,2026-05-22T07:07:30
14,madison.chavez14@example.com,Madison,Chavez,80214 Martinez Mill,East Nicholas,OK,29391,US,555-0014,2026-01-23T01:16:57,2026-04-23T07:08:01
15,amber.baker15@example.com,Amber,Baker,11581 Monroe Forest Apt. 539,Lake Karen,PR,38958,US,555-0015,2023-03-29T04:56:43,2023-10-19T08:21:30
16,michael.hart16@example.com,Michael,Hart,633 Hunter Canyon Suite 119,North Teresa,MO,40586,US,555-0016,2024-11-27T19:04:18,2026-05-26T23:04:40
17,mark.brandt17@example.com,Mark,Brandt,7423 Yang Terrace,Jasonview,TN,98028,US,555-0017,2026-05-12T11:46:00,2026-06-24T12:20:44
18,christopher.jones18@example.com,Christopher,Jones,92602 French Viaduct Apt. 186,South James,IN,46686,US,555-0018,2022-07-24T16:37:50,2023-11-20T14:39:50
19,helen.thompson19@example.com,Helen,Thompson,42576 Steven Shoals,West Jordanborough,DE,20100,US,555-0019,2026-03-03T03:41:41,2026-06-03T10:58:27
20,jonathan.walter20@example.com,Jonathan,Walter,506 Brittany Valleys Suite 806,Lake Lindsay,KY,91821,US,555-0020,2022-12-02T04:00:50,2023-04-05T21:06:43
21,john.berry21@example.com,John,Berry,82484 Meyer Trail,Port Shawna,MA,08621,US,555-0021,2026-06-26T01:06:39,2026-06-28T23:21:47
22,tiffany.butler22@example.com,Tiffany,Butler,64776 Lori Village Apt. 032,East Michael,PW,46064,US,555-0022,2023-11-02T04:44:26,2024-08-02T09:49:44
23,michael.freeman23@example.com,Michael,Freeman,6382 Leach Prairie,Mckayfort,AS,24244,US,555-0023,2026-06-27T00:34:02,2026-06-27T10:15:23
24,robert.austin24@example.com,Robert,Austin,999 Garcia Glens Suite 498,Mckeeland,PW,64325,US,555-0024,2024-07-20T00:14:16,2025-11-13T12:27:17
25,jonathan.payne25@example.com,Jonathan,Payne,603 Francis Key Suite 333,New Ryanfurt,CT,28895,US,555-0025,2025-10-24T01:35:02,2026-02-18T00:24:19
26,john.levine26@example.com,John,Levine,215 Elizabeth Trail Suite 763,Michaelland,OK,49186,US,555-0026,2022-05-02T15:37:37,2024-07-16T02:50:06
27,terri.mendez27@example.com,Terri,Mendez,8925 Eric Spring,North Guyberg,KY,60137,US,555-0027,2025-07-31T01:40:57,2026-01-20T21:22:24
28,michael.atkinson28@example.com,Michael,Atkinson,91845 Mccullough Shoal,West Zacharyville,NV,51693,US,555-0028,2022-05-10T13:36:40,2022-08-08T10:03:01
29,amanda.sanford29@example.com,Amanda,Sanford,5430 Cody Path Suite 627,Michaelshire,VT,99553,US,555-0029,2025-03-11T23:34:08,2025-04-05T09:19:33
30,michael.hill30@example.com,Michael,Hill,2591 Heather Fall,Alyssatown,MS,20894,US,555-0030,2026-06-21T20:23:44,2026-06-26T17:59:11
31,tricia.cowan31@example.com,Tricia,Cowan,71559 Leslie Inlet Apt. 165,New Danielle,NV,81954,US,555-0031,2026-03-27T12:45:15,2026-05-25T11:12:31
32,john.benson32@example.com,John,Benson,12241 Williamson Groves Suite 350,Walterhaven,PW,48052,US,555-0032,2025-06-25T05:31:40,2025-07-12T16:10:37
33,patricia.tran33@example.com,Patricia,Tran,620 Barbara Roads,Clarkchester,MP,98897,US,555-0033,2022-01-19T23:36:10,2023-09-25T19:38:21
34,daniel.stone34@example.com,Daniel,Stone,04603 Copeland Station,Wallaceville,KY,47643,US,555-0034,2026-03-13T22:10:40,2026-05-19T03:48:18
35,sarah.randolph35@example.com,Sarah,Randolph,828 Michael Extensions Suite 873,Gibsonland,VT,77108,US,555-0035,2022-10-02T23:25:08,2025-03-18T00:25:08
36,anthony.powers36@example.com,Anthony,Powers,4651 Wells Turnpike Suite 978,Port Mary,MA,43736,US,555-0036,2024-03-19T01:16:53,2026-02-06T23:06:32
37,melanie.cooper37@example.com,Melanie,Cooper,4617 Ashley Plaza Apt. 707,East Davidmouth,MO,62081,US,555-0037,2023-02-09T17:35:37,2024-07-13T20:53:29
38,judy.green38@example.com,Judy,Green,8934 Browning Rapid Suite 833,North Arthur,PW,83172,US,555-0038,2025-03-19T07:07:55,2025-11-30T17:15:11
39,devin.schroeder39@example.com,Devin,Schroeder,1071 Dennis Trail,Heatherside,IL,75854,US,555-0039,2026-03-25T01:23:31,2026-05-20T03:28:30
40,james.green40@example.com,James,Green,30591 Phillips Prairie,Jordanmouth,MS,35209,US,555-0040,2026-01-30T01:13:47,2026-03-18T03:41:53
41,erin.oliver41@example.com,Erin,Oliver,398 Kimberly Trafficway,East Sarahshire,NH,48023,US,555-0041,2025-02-05T00:39:37,2025-03-04T11:26:51
42,brandi.wheeler42@example.com,Brandi,Wheeler,3111 Johnson Flats,Laurenfurt,MD,63006,US,555-0042,2023-04-14T18:34:00,2023-04-19T17:27:23
43,margaret.hardin43@example.com,Margaret,Hardin,033 Smith Squares,Lake Caitlinfurt,ID,46354,US,555-0043,2024-08-16T05:32:02,2026-03-10T02:40:28
44,laura.garcia44@example.com,Laura,Garcia,6908 Yolanda Hill Suite 029,Port Douglas,WI,57061,US,555-0044,2022-04-27T00:30:06,2023-02-26T08:53:09
45,shannon.anderson45@example.com,Shannon,Anderson,588 Jared Spur Suite 512,West Ericaside,MA,95432,US,555-0045,2026-06-29T21:35:07,2026-06-29T23:06:25
46,stephanie.lucas46@example.com,Stephanie,Lucas,078 Matthews Coves Apt. 091,Theresatown,IL,49586,US,555-0046,2026-06-16T08:01:51,2026-06-24T05:17:04
47,mark.reynolds47@example.com,Mark,Reynolds,205 Lori Curve Suite 898,Mikaylaton,MS,39231,US,555-0047,2025-04-27T12:45:24,2025-10-15T18:16:51
48,carla.jimenez48@example.com,Carla,Jimenez,2618 Rosales Isle Suite 375,Sabrinamouth,PW,20100,US,555-0048,2026-03-07T17:46:03,2026-06-10T23:23:59
49,jessica.winters49@example.com,Jessica,Winters,68423 Jasmin Lock,North Lindamouth,DE,13409,US,555-0049,2023-10-14T07:26:15,2025-09-04T12:15:54
50,jeremy.davis50@example.com,Jeremy,Davis,704 Smith Radial Apt. 767,Kendraborough,OH,81698,US,555-0050,2025-08-16T18:00:29,2025-08-23T23:09:40
51,charles.martin51@example.com,Charles,Martin,321 Brian Lock Apt. 498,Port Stephanie,MD,73875,US,555-0051,2022-12-09T04:21:30,2025-09-12T23:11:15
52,mark.hernandez52@example.com,Mark,Hernandez,7232 Monica Shoal Apt. 310,Hobbsfort,AS,73980,US,555-0052,2023-08-31T09:45:08,2025-02-05T10:29:25
53,eric.wong53@example.com,Eric,Wong,556 Susan Manors Apt. 357,Randyside,PW,16652,US,555-0053,2022-04-04T13:24:18,2023-09-23T13:12:49
54,michelle.mendez54@example.com,Michelle,Mendez,6570 Rodriguez Circle Apt. 928,Sherihaven,SD,09756,US,555-0054,2026-06-04T05:43:20,2026-06-22T23:08:19
55,devin.bryant55@example.com,Devin,Bryant,69729 Griffin Divide Apt. 418,Briggsstad,WI,95945,US,555-0055,2025-10-03T07:41:34,2026-04-06T08:07:13
56,robert.chambers56@example.com,Robert,Chambers,95616 Jack Junctions,Lake Bethhaven,PR,34673,US,555-0056,2026-05-19T15:44:56,2026-06-01T11:55:49
57,christopher.gardner57@example.com,Christopher,Gardner,529 David Burgs Apt. 256,New Tarafurt,KY,81085,US,555-0057,2024-01-22T06:04:16,2026-06-14T21:48:47
58,justin.singleton58@example.com,Justin,Singleton,602 Mark Haven,New Charlesside,PW,05067,US,555-0058,2026-04-29T08:36:08,2026-06-08T08:18:00
59,william.wilson59@example.com,William,Wilson,956 Travis Brooks,Rodriguezland,NM,47607,US,555-0059,2025-03-13T13:25:05,2025-12-25T08:38:22
60,james.saunders60@example.com,James,Saunders,20981 Smith Way Suite 696,Rodriguezland,OH,68964,US,555-0060,2023-11-04T10:37:02,2024-01-11T03:00:46
61,stephen.mitchell61@example.com,Stephen,Mitchell,867 James Forge,South Shannonville,AZ,52427,US,555-0061,2025-01-06T05:46:51,2025-06-06T00:08:15
62,melissa.maxwell62@example.com,Melissa,Maxwell,31714 Andrews Island,Wellsside,FL,56186,US,555-0062,2024-05-31T13:48:08,2025-05-06T00:26:19
63,lori.garcia63@example.com,Lori,Garcia,7130 Marquez Isle,North Pamelabury,TN,56762,US,555-0063,2026-06-25T02:24:04,2026-06-28T04:33:43
64,krystal.garcia64@example.com,Krystal,Garcia,50595 Henry Meadow,Port Samantha,KY,25254,US,555-0064,2025-05-12T16:34:36,2025-12-10T14:53:46
65,mark.davis65@example.com,Mark,Davis,356 Jensen Falls,Jonathanbury,WI,80104,US,555-0065,2025-12-16T15:03:03,2026-05-14T16:52:24
66,scott.williams66@example.com,Scott,Williams,8417 Laurie Parks,Stephanieside,FL,03711,US,555-0066,2025-12-16T22:58:24,2026-02-06T04:03:35
67,benjamin.mccoy67@example.com,Benjamin,Mccoy,36562 Sierra Summit Suite 344,West Justinfort,AS,96187,US,555-0067,2024-07-26T22:39:35,2025-12-02T14:23:37
68,brandon.mendoza68@example.com,Brandon,Mendoza,172 James Flat Suite 955,Nealhaven,WI,06981,US,555-0068,2023-09-30T04:22:22,2025-12-27T21:31:27
69,morgan.edwards69@example.com,Morgan,Edwards,5103 Ellison Hollow,Millerborough,MH,62071,US,555-0069,2026-02-15T03:27:15,2026-05-29T07:34:24
70,kristin.riddle70@example.com,Kristin,Riddle,742 Cynthia Corners,West Meganhaven,UT,51092,US,555-0070,2023-11-24T00:21:21,2025-11-24T12:53:00
71,spencer.edwards71@example.com,Spencer,Edwards,2554 Alyssa Avenue,Lake Jeremyfort,VT,52012,US,555-0071,2023-09-01T10:36:03,2026-03-06T21:02:55
72,molly.ferguson72@example.com,Molly,Ferguson,46971 Blair Park Suite 341,Perkinsmouth,PW,96859,US,555-0072,2026-06-02T18:33:37,2026-06-05T01:33:57
73,jason.jackson73@example.com,Jason,Jackson,184 Melissa Valley Apt. 922,West Stephanie,AS,16562,US,555-0073,2021-12-08T07:33:26,2025-02-10T22:03:48
74,john.maldonado74@example.com,John,Maldonado,70289 Ortiz Mews,New Sydneymouth,AZ,89984,US,555-0074,2023-04-04T21:27:17,2026-05-23T23:23:00
75,carrie.mosley75@example.com,Carrie,Mosley,306 Alexis Drives Suite 895,Russellshire,KS,94653,US,555-0075,2022-04-30T22:59:44,2024-09-19T12:06:54
76,tracy.stevens76@example.com,Tracy,Stevens,0698 Shaw Shoals Apt. 948,North Matthewburgh,MH,24985,US,555-0076,2025-06-26T05:06:20,2025-09-14T08:32:57
77,alexander.baker77@example.com,Alexander,Baker,0299 Scott Course,North Brian,IL,85583,US,555-0077,2026-03-05T03:37:04,2026-06-29T20:30:18
78,molly.christian78@example.com,Molly,Christian,588 Jared Spur Suite 512,Harrisonfort,MO,42041,US,555-0078,2026-06-26T02:22:51,2026-06-26T18:44:02
79,john.dunlap79@example.com,John,Dunlap,8899 Mark Shoal,Holderbury,WY,76471,US,555-0079,2023-02-25T07:06:53,2024-04-09T21:54:36
80,jeff.riddle80@example.com,Jeff,Riddle,9967 Jesse Vista Apt. 677,Thomasport,MH,45006,US,555-0080,2021-10-07T01:22:57,2022-07-31T04:46:41
81,brent.stafford81@example.com,Brent,Stafford,6504 Bell Mission Apt. 376,Lake Sandra,NM,82897,US,555-0081,2024-10-24T21:38:32,2025-08-05T16:39:02
82,tammy.moon82@example.com,Tammy,Moon,10704 Charles Union,Port Bryanborough,MO,65981,US,555-0082,2025-06-30T12:49:28,2025-11-30T04:48:23
83,troy.brown83@example.com,Troy,Brown,8477 Hunt Locks,Ravenland,IL,71789,US,555-0083,2024-06-02T15:58:16,2025-06-09T16:46:47
84,randy.fernandez84@example.com,Randy,Fernandez,852 Pamela Cliffs,Jonathanview,DE,67897,US,555-0084,2026-06-16T03:19:39,2026-06-29T00:02:31
85,catherine.mendez85@example.com,Catherine,Mendez,67318 Robert Oval,Patrickhaven,OH,37678,US,555-0085,2026-04-08T09:57:45,2026-05-17T22:01:09
86,robert.stokes86@example.com,Robert,Stokes,8328 Heath Forks,Hernandezfurt,AL,51833,US,555-0086,2024-12-27T13:55:00,2025-10-06T07:49:20
87,shelley.riddle87@example.com,Shelley,Riddle,99180 Gary Crest,Lopezstad,MP,62350,US,555-0087,2025-04-21T11:24:26,2026-05-11T18:15:13
88,brent.brown88@example.com,Brent,Brown,58349 Jade Loaf Apt. 898,Wilsontown,WI,57625,US,555-0088,2022-02-17T02:31:20,2025-09-12T12:36:34
89,christina.andrews89@example.com,Christina,Andrews,974 Vazquez Spurs Suite 412,Jeremyborough,MD,88835,US,555-0089,2025-03-06T14:44:21,2025-06-29T18:33:25
90,daniel.holloway90@example.com,Daniel,Holloway,4837 Ralph Point,North Wendy,SD,96033,US,555-0090,2025-12-26T14:07:32,2025-12-28T23:38:39
91,jonathan.chen91@example.com,Jonathan,Chen,67747 Sandra Fall Suite 408,Holderbury,OK,89785,US,555-0091,2025-10-23T17:08:53,2026-03-29T15:21:03
92,victor.spencer92@example.com,Victor,Spencer,84920 Chad Roads,New Aaronburgh,MO,32574,US,555-0092,2024-08-18T11:26:30,2026-03-16T10:00:02
93,anthony.ramos93@example.com,Anthony,Ramos,67743 Williams Greens,Dennisburgh,PW,61442,US,555-0093,2026-05-31T05:47:50,2026-06-16T16:38:39
94,stacey.mendez94@example.com,Stacey,Mendez,7903 James Viaduct Apt. 609,New Andrewberg,NH,28208,US,555-0094,2026-01-11T15:41:46,2026-02-16T09:58:59
95,tyler.jones95@example.com,Tyler,Jones,957 Jessica Village,Hintonhaven,FL,59559,US,555-0095,2026-02-17T10:53:21,2026-05-26T17:13:18
96,brandi.stark96@example.com,Brandi,Stark,225 Brown Falls,Lake Dawnton,NH,36009,US,555-0096,2022-04-01T17:20:49,2025-02-02T16:39:45
97,rita.holt97@example.com,Rita,Holt,79804 Williams Passage,Cindyside,FL,07547,US,555-0097,2026-01-01T13:27:29,2026-04-12T22:47:39
98,richard.freeman98@example.com,Richard,Freeman,63840 Victoria Estates Apt. 528,North Melissa,WI,99810,US,555-0098,2026-02-28T16:13:41,2026-06-13T10:03:57
99,monique.patterson99@example.com,Monique,Patterson,171 Michael Wall,Hernandezfort,IL,76250,US,555-0099,2026-05-17T22:33:11,2026-06-20T17:01:33
100,david.alvarez100@example.com,David,Alvarez,0209 Henry Extensions Apt. 238,Timothyfurt,MS,10480,US,555-0100,2025-07-21T05:58:51,2026-03-07T20:35:54
101,melvin.rowe101@example.com,Melvin,Rowe,1155 Costa Corners,Lake Alyssa,WI,35681,US,555-0101,2026-06-27T22:15:59,2026-06-29T07:19:38
102,tracey.garza102@example.com,Tracey,Garza,5338 Ronald Gardens Suite 466,Ballport,MO,54359,US,555-0102,2024-07-31T18:16:55,2025-11-06T03:17:13
103,ryan.cherry103@example.com,Ryan,Cherry,2035 Matthews Knolls,East Kimberly,MD,62359,US,555-0103,2024-04-25T11:31:22,2025-06-17T06:13:07
104,adrian.parsons104@example.com,Adrian,Parsons,3053 Laura Key,Hoffmanborough,MS,27384,US,555-0104,2026-06-09T20:31:27,2026-06-19T04:49:08
105,diana.phillips105@example.com,Diana,Phillips,802 Patricia River,Port Royview,NM,07433,US,555-0105,2026-06-28T19:38:30,2026-06-29T15:45:53
106,jennifer.thomas106@example.com,Jennifer,Thomas,42411 Johns Mountains Suite 466,Harristown,OH,42922,US,555-0106,2025-12-22T10:03:34,2026-04-17T03:46:22
107,anna.fox107@example.com,Anna,Fox,99752 Schmidt Manor,East Brandon,WY,24849,US,555-0107,2021-11-10T23:02:40,2024-02-18T00:38:35
108,terrance.conrad108@example.com,Terrance,Conrad,02786 Alvarado Trail,Nancyfort,MD,23150,US,555-0108,2022-10-18T06:22:31,2023-04-07T08:26:07
109,jose.dawson109@example.com,Jose,Dawson,24923 Stephenson Mill Suite 414,Moranland,VT,17050,US,555-0109,2023-10-19T23:05:57,2025-09-09T16:28:54
110,brenda.wilkins110@example.com,Brenda,Wilkins,454 Patton Valleys,Nicholsport,NH,48187,US,555-0110,2023-03-17T18:12:49,2025-05-01T02:42:37
111,kyle.wagner111@example.com,Kyle,Wagner,0814 Ortega Mills Apt. 236,Brittanyland,NH,37907,US,555-0111,2022-10-11T11:24:06,2024-01-19T02:03:36
112,paul.hudson112@example.com,Paul,Hudson,1815 Michael Garden Suite 360,Rogershaven,PW,90893,US,555-0112,2025-12-27T07:23:53,2026-03-03T02:50:12
113,nicole.stephenson113@example.com,Nicole,Stephenson,064 Richard Knolls Suite 421,North Larryshire,NV,46982,US,555-0113,2025-06-19T02:25:52,2025-09-19T20:15:14
114,erin.taylor114@example.com,Erin,Taylor,58617 Nichols Estates Suite 127,East Emily,SD,36207,US,555-0114,2024-01-22T19:55:01,2026-05-27T03:16:06
115,mario.lutz115@example.com,Mario,Lutz,3203 King Locks Suite 753,Wilsontown,AS,44004,US,555-0115,2026-03-05T18:01:24,2026-06-13T17:57:54
116,emily.bennett116@example.com,Emily,Bennett,53646 Amber Isle Suite 077,Port Jennaville,MO,67243,US,555-0116,2022-05-22T01:25:37,2024-09-09T14:23:29
117,melissa.clark117@example.com,Melissa,Clark,85766 Waller Landing,Taylorton,PW,78537,US,555-0117,2024-08-22T16:13:10,2025-05-21T07:45:54
118,brian.silva118@example.com,Brian,Silva,436 Walker Underpass,Robertbury,SD,95393,US,555-0118,2024-11-22T04:14:22,2026-01-27T02:08:32
119,scott.patterson119@example.com,Scott,Patterson,1272 Stewart Key,Leachmouth,WI,26615,US,555-0119,2025-11-25T22:08:53,2026-03-19T22:52:05
120,shannon.miller120@example.com,Shannon,Miller,9793 Robert Knoll,New Anthonyhaven,AL,33664,US,555-0120,2026-06-15T16:19:41,2026-06-29T15:42:02
121,susan.rodriguez121@example.com,Susan,Rodriguez,1826 Phillip Viaduct,Melanieland,MA,90595,US,555-0121,2024-04-10T15:05:24,2024-05-25T07:09:53
122,samantha.hayes122@example.com,Samantha,Hayes,481 Christopher Stravenue,Kyleshire,WY,64943,US,555-0122,2023-12-20T11:22:25,2024-01-21T02:28:52
123,becky.johnson123@example.com,Becky,Johnson,7687 Melody Valleys,West Melanie,TN,48536,US,555-0123,2022-07-10T10:55:12,2024-10-12T06:01:15
124,amber.holmes124@example.com,Amber,Holmes,773 Hayley Fields Apt. 146,North Kayla,PW,72879,US,555-0124,2024-11-09T05:03:59,2025-03-10T17:29:59
125,donna.brown125@example.com,Donna,Brown,85854 Sherry Unions,East Haleymouth,KY,02951,US,555-0125,2024-05-26T18:16:54,2025-08-31T14:15:30
126,brian.david126@example.com,Brian,David,4948 Graham Expressway Suite 728,Lake Loribury,MD,15704,US,555-0126,2024-01-18T21:27:28,2025-12-16T18:54:09
127,angela.garcia127@example.com,Angela,Garcia,0987 Charles Meadow Suite 731,North Sandymouth,WI,59212,US,555-0127,2024-10-22T15:17:17,2025-01-15T14:59:28
128,eric.andrade128@example.com,Eric,Andrade,619 Jackson Row,Port Victoria,MO,18145,US,555-0128,2025-11-28T04:35:41,2026-03-02T09:32:02
129,bonnie.cannon129@example.com,Bonnie,Cannon,440 Amy Village,West Nina,WY,62712,US,555-0129,2024-12-25T23:56:24,2026-01-09T10:54:53
130,julie.burke130@example.com,Julie,Burke,692 Aaron Junction,Jeffreyborough,UT,34608,US,555-0130,2026-04-29T21:23:46,2026-06-19T20:20:37
131,shannon.white131@example.com,Shannon,White,7156 Michael Mill,Wardville,WI,63646,US,555-0131,2026-05-06T12:34:06,2026-06-02T13:30:15
132,morgan.fritz132@example.com,Morgan,Fritz,31258 David Trafficway Suite 663,Kingstad,AZ,56883,US,555-0132,2022-01-28T03:22:00,2022-12-26T20:14:16
133,taylor.sloan133@example.com,Taylor,Sloan,99650 Richard Track,North Larryshire,WY,06854,US,555-0133,2026-04-24T18:09:08,2026-06-02T13:29:01
134,kevin.hernandez134@example.com,Kevin,Hernandez,077 Gabriel Points,Hintonhaven,ID,70809,US,555-0134,2025-06-16T12:02:46,2025-12-05T12:51:29
135,james.larsen135@example.com,James,Larsen,9793 Robert Knoll,North Dennisshire,PR,43080,US,555-0135,2025-06-19T18:14:59,2026-04-05T10:01:02
136,melanie.taylor136@example.com,Melanie,Taylor,69999 Johnston Pine Apt. 283,Hintonville,HI,91308,US,555-0136,2025-01-18T06:22:06,2025-11-07T11:05:24
137,eric.smith137@example.com,Eric,Smith,4867 Evans Mission Suite 416,Deckerbury,NM,83691,US,555-0137,2021-10-05T21:55:45,2023-01-31T18:43:55
138,courtney.cooke138@example.com,Courtney,Cooke,1950 Michael Drives,South Jason,CT,90976,US,555-0138,2026-03-09T03:26:58,2026-06-02T06:45:38
139,rachel.mcbride139@example.com,Rachel,Mcbride,490 Anna Points Suite 943,Brittanyland,MA,44489,US,555-0139,2026-06-27T09:04:45,2026-06-28T17:39:22
140,anthony.singleton140@example.com,Anthony,Singleton,11391 Parker Alley,East Marychester,OK,14317,US,555-0140,2025-11-17T14:16:30,2025-12-27T10:29:30
141,brian.cochran141@example.com,Brian,Cochran,141 Thompson Fords,South Jeremiah,MA,44455,US,555-0141,2025-11-06T13:30:57,2026-03-19T03:08:49
142,john.ellis142@example.com,John,Ellis,7302 Billy Ports,Stephanieside,KY,34687,US,555-0142,2026-05-29T20:49:40,2026-06-28T09:23:10
143,jeremy.spencer143@example.com,Jeremy,Spencer,09751 Nixon Common Apt. 847,Port Luisbury,AS,09568,US,555-0143,2026-06-29T00:43:48,2026-06-29T17:08:50
144,julia.solis144@example.com,Julia,Solis,47686 Williams Spur,Medinachester,AR,08551,US,555-0144,2026-02-10T14:59:13,2026-03-24T06:29:17
145,dustin.goodwin145@example.com,Dustin,Goodwin,671 Oscar Rapids,North Christopher,MO,29319,US,555-0145,2024-10-25T17:19:30,2026-01-03T23:22:30
146,jennifer.horton146@example.com,Jennifer,Horton,480 Elizabeth Courts Suite 367,Mcguiremouth,PR,20851,US,555-0146,2026-06-29T00:14:47,2026-06-29T06:57:33
147,jason.mendoza147@example.com,Jason,Mendoza,8739 Hood Harbors,Ballardtown,AR,17877,US,555-0147,2025-09-25T01:02:58,2026-02-22T21:17:59
148,anthony.dickson148@example.com,Anthony,Dickson,75607 Adam Cove,North Samuelport,IN,90451,US,555-0148,2025-07-09T19:37:57,2026-01-12T20:31:41
149,lindsey.shaffer149@example.com,Lindsey,Shaffer,941 Daniel Pines,East Joseph,MS,51941,US,555-0149,2022-08-20T06:07:14,2023-08-04T00:18:49
150,phillip.brown150@example.com,Phillip,Brown,220 Lopez Pine Suite 226,North Rachelmouth,CT,11757,US,555-0150,2022-06-30T02:40:49,2023-11-20T07:51:15
151,mario.martin151@example.com,Mario,Martin,81580 Richmond Pike,North William,VT,36009,US,555-0151,2023-08-02T20:01:58,2026-04-29T14:05:29
152,michelle.page152@example.com,Michelle,Page,32160 Nicholas Rapid,New Brittanyhaven,MA,99673,US,555-0152,2025-10-14T18:29:25,2025-12-18T11:34:37
153,kyle.price153@example.com,Kyle,Price,36746 Ryan Meadow Apt. 543,West Martin,MS,76175,US,555-0153,2026-03-17T10:03:46,2026-06-09T04:35:25
154,robert.thompson154@example.com,Robert,Thompson,035 Mills Rapid,Carlyport,SD,71789,US,555-0154,2025-12-25T09:07:25,2026-04-28T22:11:38
155,christina.jackson155@example.com,Christina,Jackson,862 Carol Heights Suite 169,Webbview,PW,73602,US,555-0155,2025-07-28T08:58:32,2026-01-23T16:05:57
156,charles.ellis156@example.com,Charles,Ellis,802 Bray Run,West Brianfurt,WI,83524,US,555-0156,2024-01-08T21:36:52,2024-05-12T02:09:53
157,jennifer.vaughan157@example.com,Jennifer,Vaughan,12567 Taylor Alley,Gibsonland,UT,95887,US,555-0157,2024-10-20T02:46:57,2025-02-23T12:24:24
158,lisa.taylor158@example.com,Lisa,Taylor,3792 Roberts Springs,Lake Jessicaville,VT,20312,US,555-0158,2026-06-28T23:13:42,2026-06-29T03:39:42
159,mark.house159@example.com,Mark,House,8239 Figueroa Greens,Joehaven,KY,02778,US,555-0159,2024-12-25T11:19:00,2025-11-14T02:31:35
160,rita.martinez160@example.com,Rita,Martinez,27163 Natasha Square Apt. 356,Kimport,MP,69955,US,555-0160,2023-04-25T06:24:16,2026-05-30T01:52:51
161,joseph.beard161@example.com,Joseph,Beard,3067 Jimenez Path,North Evelynburgh,AS,15467,US,555-0161,2022-05-01T03:05:50,2025-12-25T07:07:20
162,shelley.moreno162@example.com,Shelley,Moreno,0641 Simmons Extension Suite 438,North Krystalmouth,TN,86240,US,555-0162,2026-06-21T23:18:53,2026-06-22T04:10:49
163,kyle.taylor163@example.com,Kyle,Taylor,103 Linda Street,New Reneeland,WI,76250,US,555-0163,2021-07-18T23:55:43,2022-11-25T14:55:27
164,ricky.hansen164@example.com,Ricky,Hansen,4148 Thornton Skyway,Lake Troy,KY,50907,US,555-0164,2025-01-18T15:21:51,2025-04-11T13:42:52
165,richard.williams165@example.com,Richard,Williams,2451 William Views Apt. 611,West Jordanborough,WI,69113,US,555-0165,2026-06-21T05:25:44,2026-06-29T18:52:42
166,jessica.garcia166@example.com,Jessica,Garcia,2641 Weber Shoal Suite 895,East Kevin,AZ,14444,US,555-0166,2023-11-11T16:45:07,2024-06-25T04:34:26
167,christine.lopez167@example.com,Christine,Lopez,63840 Victoria Estates Apt. 528,Lake Brianview,WY,23537,US,555-0167,2022-10-08T16:52:47,2023-07-09T13:10:31
168,ashley.white168@example.com,Ashley,White,7353 Davis Villages Suite 391,Kimberlyton,AS,10093,US,555-0168,2026-01-15T00:45:47,2026-04-28T01:51:23
169,cynthia.perry169@example.com,Cynthia,Perry,016 Christopher Lock Apt. 997,New Josephhaven,PR,96702,US,555-0169,2026-03-26T05:27:22,2026-05-18T11:52:31
170,shelley.hatfield170@example.com,Shelley,Hatfield,900 Kevin Pine,Henrytown,IN,53480,US,555-0170,2025-11-23T20:19:35,2026-01-12T02:48:39
171,jeremiah.johnson171@example.com,Jeremiah,Johnson,7159 Curtis Expressway,New Donnatown,KY,39444,US,555-0171,2024-08-09T14:40:09,2025-11-14T18:04:39
172,alicia.martin172@example.com,Alicia,Martin,8327 Craig Valley,Dawnburgh,HI,92823,US,555-0172,2026-01-23T03:13:11,2026-02-07T10:45:31
173,anne.brown173@example.com,Anne,Brown,16276 Brittany Ferry Suite 667,Danielview,NM,26916,US,555-0173,2026-06-09T06:03:43,2026-06-09T15:42:23
174,brian.campbell174@example.com,Brian,Campbell,88550 Armstrong Groves Apt. 944,Adamstown,AS,62477,US,555-0174,2025-10-13T06:40:40,2025-11-03T16:23:44
175,jennifer.johnson175@example.com,Jennifer,Johnson,2415 Amanda Junction Suite 256,Lake Benjaminburgh,VT,11011,US,555-0175,2026-02-13T02:34:59,2026-04-04T01:19:38
176,jessica.lowe176@example.com,Jessica,Lowe,99508 Ford Stravenue Apt. 662,Shawnshire,NC,91363,US,555-0176,2024-12-19T11:23:56,2026-06-16T01:42:12
177,ruben.lee177@example.com,Ruben,Lee,9511 Brittany Rue,Brownborough,IL,16662,US,555-0177,2023-03-11T17:30:11,2024-12-30T20:34:32
178,john.jenkins178@example.com,John,Jenkins,5789 Margaret Mountains Apt. 919,Moranside,NM,86840,US,555-0178,2025-08-31T09:04:33,2026-04-16T18:35:39
179,jeffrey.williams179@example.com,Jeffrey,Williams,7166 Glenn Passage Apt. 463,South Michaelmouth,MA,97164,US,555-0179,2022-06-11T10:13:24,2023-09-30T02:27:56
180,dominique.young180@example.com,Dominique,Young,88780 Taylor Mountain Apt. 371,Brendaville,SC,79850,US,555-0180,2024-05-09T11:03:36,2025-11-22T15:39:34
181,nicole.stevens181@example.com,Nicole,Stevens,11399 Hines Mountains Apt. 879,Susanfurt,AR,69424,US,555-0181,2025-05-09T09:36:58,2026-06-15T21:51:59
182,jorge.watson182@example.com,Jorge,Watson,6880 Holland Pine,Erinfort,IN,10845,US,555-0182,2024-01-12T18:26:39,2024-11-29T11:28:50
183,kevin.mathews183@example.com,Kevin,Mathews,448 Christopher Pike,New Susanstad,KY,39146,US,555-0183,2023-02-26T06:38:36,2026-06-28T20:27:59
184,scott.roy184@example.com,Scott,Roy,28077 Daniel Camp Suite 211,Gonzaleshaven,AZ,00617,US,555-0184,2024-06-10T15:34:09,2025-10-02T01:00:31
185,brandon.ward185@example.com,Brandon,Ward,27726 Andrew Grove,West Josephstad,AZ,61074,US,555-0185,2026-06-13T12:25:01,2026-06-25T20:32:49
186,daniel.hicks186@example.com,Daniel,Hicks,087 Sarah Crest Suite 086,Lake Travis,UT,67251,US,555-0186,2026-06-28T12:54:42,2026-06-28T21:45:35
187,daniel.brown187@example.com,Daniel,Brown,06688 Nancy Estate Suite 904,Jessicaton,CT,02693,US,555-0187,2023-04-23T01:03:57,2025-05-10T13:45:50
188,steven.hall188@example.com,Steven,Hall,46554 Adkins Crossroad,Clarkberg,TN,72810,US,555-0188,2026-06-09T20:11:03,2026-06-20T03:25:01
189,wendy.gutierrez189@example.com,Wendy,Gutierrez,96227 Kaitlin Square,Jimton,MH,25392,US,555-0189,2025-01-12T13:45:57,2026-06-06T17:51:23
190,steven.fowler190@example.com,Steven,Fowler,7491 Lopez Overpass,New Ambershire,NC,15370,US,555-0190,2026-06-13T17:25:45,2026-06-28T10:46:07
191,robert.perez191@example.com,Robert,Perez,15940 David Inlet Suite 447,Nathanborough,IL,70774,US,555-0191,2022-04-29T23:46:41,2023-12-24T17:31:22
192,william.stokes192@example.com,William,Stokes,142 Hannah Station Apt. 072,North Haroldtown,PW,35264,US,555-0192,2025-12-21T13:03:42,2026-06-19T21:08:41
193,angela.franco193@example.com,Angela,Franco,145 Catherine Rapid Apt. 395,Lake Juliastad,MD,24849,US,555-0193,2024-07-02T12:29:57,2026-04-07T04:53:04
194,christopher.garrett194@example.com,Christopher,Garrett,109 Stephanie Route,Sarahtown,NH,89200,US,555-0194,2026-03-08T18:47:42,2026-05-14T14:59:20
195,ashley.dunn195@example.com,Ashley,Dunn,765 Thompson Stravenue Suite 134,Jimenezberg,PR,53450,US,555-0195,2025-02-11T19:41:45,2025-03-25T03:22:36
196,curtis.thompson196@example.com,Curtis,Thompson,94128 Sanchez Stravenue Apt. 064,South Sarahside,PW,61141,US,555-0196,2026-06-29T11:12:25,2026-06-29T13:15:50
197,jessica.ortiz197@example.com,Jessica,Ortiz,07612 Brittney Springs,Lake Cory,AZ,09972,US,555-0197,2026-02-28T06:40:50,2026-03-09T15:15:17
198,roger.byrd198@example.com,Roger,Byrd,18513 Timothy Port,Tuckershire,PR,90133,US,555-0198,2023-09-28T03:26:58,2024-01-14T18:27:45
199,alec.campos199@example.com,Alec,Campos,469 Powell Road Suite 818,New Christopherfort,PW,58585,US,555-0199,2025-10-08T23:25:19,2026-06-23T21:57:24
200,heather.briggs200@example.com,Heather,Briggs,81903 Wallace Cove Suite 510,East Jessica,SD,88663,US,555-0200,2025-05-28T22:40:48,2025-08-21T04:29:24
201,michael.watson201@example.com,Michael,Watson,39594 Sanchez Extensions,Villanuevachester,WI,17134,US,555-0201,2023-10-11T23:17:53,2025-08-27T07:38:56
202,darren.ruiz202@example.com,Darren,Ruiz,071 Jones Roads Apt. 356,Duncanfort,AS,10527,US,555-0202,2026-03-06T12:23:55,2026-05-19T00:36:04
203,erin.evans203@example.com,Erin,Evans,310 Rodriguez Ford,Smithchester,MA,02638,US,555-0203,2026-06-23T20:59:53,2026-06-27T17:46:39
204,craig.bradford204@example.com,Craig,Bradford,24264 Micheal Brooks Suite 420,East Michael,VT,53671,US,555-0204,2025-10-13T07:26:08,2025-12-05T23:43:53
205,jennifer.cruz205@example.com,Jennifer,Cruz,2290 Victoria Union,South Heatherburgh,PR,44455,US,555-0205,2024-06-05T04:20:39,2025-08-16T11:35:15
206,kathryn.hale206@example.com,Kathryn,Hale,83034 Tiffany Port Apt. 970,Johnmouth,MO,24684,US,555-0206,2024-11-11T19:02:32,2025-11-19T02:49:52
207,lisa.gonzalez207@example.com,Lisa,Gonzalez,009 Perez Well,New Kevin,MD,76175,US,555-0207,2023-03-30T17:26:30,2025-02-04T22:53:21
208,joshua.smith208@example.com,Joshua,Smith,7281 Jeffery Lakes Suite 798,Jonathanstad,AS,25093,US,555-0208,2022-01-03T21:31:18,2022-11-04T20:24:07
209,michelle.richards209@example.com,Michelle,Richards,4780 Anna Path,Maryton,HI,23392,US,555-0209,2022-12-12T23:10:49,2025-07-06T08:29:46
210,desiree.phillips210@example.com,Desiree,Phillips,5349 Kelly Island Apt. 564,Olsenton,WI,84560,US,555-0210,2026-04-13T06:34:39,2026-04-18T23:12:24
211,shane.johnson211@example.com,Shane,Johnson,912 Potter Rue Suite 787,Port Robert,MH,31588,US,555-0211,2023-07-18T14:18:36,2025-04-15T13:22:35
212,donald.rivera212@example.com,Donald,Rivera,7112 Timothy Inlet,Melanietown,VT,76296,US,555-0212,2024-05-21T04:20:35,2025-04-22T00:31:14
213,alicia.dunlap213@example.com,Alicia,Dunlap,8060 Michelle Isle,Nancyfort,WY,75043,US,555-0213,2025-04-07T02:42:32,2025-07-28T11:07:09
214,amanda.keith214@example.com,Amanda,Keith,38878 Sherry Circles,Donaldview,NM,42796,US,555-0214,2026-03-02T09:46:00,2026-06-06T23:09:41
215,allison.mcclure215@example.com,Allison,Mcclure,9966 Michael Turnpike,North Taylorland,AZ,98164,US,555-0215,2023-09-10T19:55:11,2024-03-08T19:09:06
216,ashley.parrish216@example.com,Ashley,Parrish,3908 Marissa Spur Suite 211,Evansmouth,MS,96381,US,555-0216,2025-10-24T09:32:25,2026-06-13T08:08:18
217,keith.reyes217@example.com,Keith,Reyes,913 Kathryn Wall Apt. 575,South Mark,SC,71398,US,555-0217,2026-06-29T23:55:15,2026-06-29T23:59:27
218,jeremy.velez218@example.com,Jeremy,Velez,92856 Rodgers Springs,Heatherton,IN,84942,US,555-0218,2024-01-16T09:03:29,2024-12-04T07:51:59
219,rachel.evans219@example.com,Rachel,Evans,551 Jackson Bypass,Lake James,KY,15215,US,555-0219,2026-02-10T02:37:59,2026-03-24T19:08:36
220,debra.evans220@example.com,Debra,Evans,07612 Brittney Springs,Lake Michelleland,MS,39741,US,555-0220,2022-12-08T13:53:00,2023-06-05T05:33:32
221,chad.johnson221@example.com,Chad,Johnson,0394 William Inlet Apt. 325,Bassshire,IN,85741,US,555-0221,2022-10-19T09:49:19,2026-03-09T01:50:35
222,william.johnson222@example.com,William,Johnson,972 Phillips Ville Apt. 047,Garciamouth,MO,59593,US,555-0222,2026-06-01T07:58:36,2026-06-19T07:43:59
223,rachel.mcdowell223@example.com,Rachel,Mcdowell,72943 Soto Camp Apt. 982,West Mollyberg,AR,44656,US,555-0223,2023-04-11T20:05:37,2023-05-19T04:30:53
224,bethany.hinton224@example.com,Bethany,Hinton,196 Jeff Shoals Apt. 192,New Thomaston,WI,80787,US,555-0224,2025-11-18T11:27:18,2026-03-12T16:44:03
225,debra.barton225@example.com,Debra,Barton,5279 Emily Junctions,North Scott,ID,71136,US,555-0225,2026-02-07T15:58:29,2026-02-19T21:03:57
226,nancy.gregory226@example.com,Nancy,Gregory,879 Williams Stravenue,Vernonmouth,MO,15511,US,555-0226,2025-06-19T15:48:32,2026-01-21T00:15:52
227,steven.anderson227@example.com,Steven,Anderson,8317 Logan Crescent,East Lauren,PW,74382,US,555-0227,2026-03-18T10:21:20,2026-05-10T03:27:12
228,barbara.lawrence228@example.com,Barbara,Lawrence,86506 George Trail Suite 451,Spencerville,KY,82362,US,555-0228,2026-02-13T13:08:07,2026-02-24T20:26:41
229,becky.faulkner229@example.com,Becky,Faulkner,167 Wagner Passage,Dianeville,VT,81701,US,555-0229,2024-12-02T20:01:11,2026-03-16T06:33:45
230,brent.whitaker230@example.com,Brent,Whitaker,508 Keith Street,Harrishaven,AR,04279,US,555-0230,2025-08-03T03:23:18,2025-10-28T22:20:49
231,robert.barber231@example.com,Robert,Barber,5279 Emily Junctions,Christopherfurt,AZ,29944,US,555-0231,2022-10-08T23:38:02,2024-10-14T09:52:54
232,heather.hunter232@example.com,Heather,Hunter,330 Eric Cove Suite 666,Lake Courtneyville,AZ,07791,US,555-0232,2024-06-22T21:53:46,2025-10-06T22:33:36
233,michael.parrish233@example.com,Michael,Parrish,2608 Beck Forks,Johnsonberg,IN,95432,US,555-0233,2023-06-05T08:39:05,2026-05-18T18:10:02
234,erika.burton234@example.com,Erika,Burton,96348 Savannah River,Jerryberg,PR,34820,US,555-0234,2025-11-21T03:03:08,2026-03-10T04:43:19
235,sean.murray235@example.com,Sean,Murray,209 Wayne Dale Apt. 120,Lake Elizabethmouth,FL,76390,US,555-0235,2023-09-30T14:35:27,2026-04-08T00:50:50
236,marc.andrews236@example.com,Marc,Andrews,8474 Angela Prairie,New Jasonburgh,AL,63646,US,555-0236,2023-09-04T18:00:16,2024-09-03T23:41:20
237,casey.fry237@example.com,Casey,Fry,8367 Williamson Brook Apt. 779,Crossport,PR,65632,US,555-0237,2022-11-08T07:35:01,2025-12-22T10:28:35
238,amber.may238@example.com,Amber,May,45365 James Path,Josephfort,SC,74229,US,555-0238,2026-01-11T18:12:06,2026-02-20T16:04:48
239,larry.hines239@example.com,Larry,Hines,1337 Patricia Plains Suite 449,Richardfurt,MS,31434,US,555-0239,2026-06-21T12:47:24,2026-06-27T12:33:25
240,michael.garcia240@example.com,Michael,Garcia,64261 Jessica Expressway Apt. 384,Herrerachester,AR,52119,US,555-0240,2025-03-06T03:52:48,2025-04-17T18:28:22
241,larry.flores241@example.com,Larry,Flores,2327 Newman Trafficway Apt. 045,Stephensland,AS,49695,US,555-0241,2026-06-28T20:21:19,2026-06-29T23:36:51
242,lisa.jensen242@example.com,Lisa,Jensen,591 Obrien Plaza Apt. 317,Deborahside,SD,93275,US,555-0242,2022-04-07T03:36:46,2026-04-19T20:07:41
243,heather.bowen243@example.com,Heather,Bowen,261 Morales Avenue,Sherrifort,IN,05845,US,555-0243,2026-06-21T18:51:24,2026-06-25T10:02:10
244,gregory.hess244@example.com,Gregory,Hess,2238 Charles Shore,Bowmantown,IL,15862,US,555-0244,2025-04-12T19:31:56,2025-12-01T00:21:08
245,kristen.heath245@example.com,Kristen,Heath,9137 Robert Islands Apt. 942,Elliottland,IL,37407,US,555-0245,2023-04-07T13:06:48,2025-03-12T14:15:31
246,shannon.schneider246@example.com,Shannon,Schneider,18143 Myers Courts Apt. 473,Millerstad,AS,98867,US,555-0246,2025-11-30T19:35:18,2026-01-27T21:35:30
247,maria.sanford247@example.com,Maria,Sanford,6351 Nguyen Ferry Apt. 325,Kevinmouth,MP,93061,US,555-0247,2023-08-08T20:26:05,2025-07-21T04:38:36
248,ashley.peters248@example.com,Ashley,Peters,49125 Douglas Divide,Hillshire,VT,94613,US,555-0248,2024-03-28T17:13:32,2025-10-24T19:57:12
249,robert.atkinson249@example.com,Robert,Atkinson,064 Moore Road Suite 525,Millstown,AS,43282,US,555-0249,2026-05-26T13:27:53,2026-06-13T15:27:32
250,debra.brown250@example.com,Debra,Brown,030 Dakota Lodge Suite 647,Port Anthonyland,KY,61421,US,555-0250,2024-03-01T03:15:13,2024-07-04T20:13:43
251,david.bell251@example.com,David,Bell,83909 Krista Inlet,East Diana,MO,37907,US,555-0251,2025-08-11T20:49:27,2026-06-03T23:12:44
252,bill.carter252@example.com,Bill,Carter,90130 Patricia Lake,Morganmouth,PW,35261,US,555-0252,2025-12-15T15:46:29,2026-01-07T05:53:35
253,justin.harris253@example.com,Justin,Harris,478 Dillon Branch,Brownburgh,PR,95312,US,555-0253,2024-04-26T02:27:46,2025-09-08T05:31:05
254,melissa.sloan254@example.com,Melissa,Sloan,119 Nicholas Track,Lake Brianview,NH,97225,US,555-0254,2022-08-28T21:00:07,2023-01-20T07:33:43
255,melanie.gonzalez255@example.com,Melanie,Gonzalez,1446 Davis Ranch,North Douglas,AS,94613,US,555-0255,2022-10-27T20:27:25,2023-05-11T19:04:47
256,zachary.hampton256@example.com,Zachary,Hampton,5205 Savage Grove Apt. 878,Madisonport,NV,81343,US,555-0256,2023-08-12T10:50:42,2023-09-03T01:39:59
257,christine.turner257@example.com,Christine,Turner,7451 Kevin Harbors Apt. 947,North Thomas,ID,05374,US,555-0257,2024-07-03T11:56:35,2025-03-24T11:34:47
258,johnny.heath258@example.com,Johnny,Heath,2670 Pace Crest Suite 377,New Mary,UT,49058,US,555-0258,2024-05-03T14:13:03,2025-09-19T04:54:34
259,james.alvarez259@example.com,James,Alvarez,89509 Jennifer Knolls Apt. 191,Edwardsborough,UT,45981,US,555-0259,2024-02-25T06:15:46,2025-05-16T13:36:03
260,alicia.vincent260@example.com,Alicia,Vincent,9006 Holloway Well,Rossshire,UT,53803,US,555-0260,2025-04-03T07:43:43,2026-02-02T16:06:18
261,michael.davies261@example.com,Michael,Davies,2878 Taylor Ports Apt. 028,West Danielleland,PW,58648,US,555-0261,2024-05-09T05:04:29,2025-10-18T22:24:11
262,alexandria.jensen262@example.com,Alexandria,Jensen,052 Jamie Views,New Danielle,AZ,00776,US,555-0262,2026-06-02T20:48:43,2026-06-06T16:05:29
263,martha.ellis263@example.com,Martha,Ellis,70022 Ray Manors Apt. 445,North Alicia,PW,76687,US,555-0263,2023-02-21T07:34:37,2023-05-02T12:51:43
264,joshua.estrada264@example.com,Joshua,Estrada,009 Kimberly Street Apt. 195,Port Taylorberg,AR,30537,US,555-0264,2026-03-15T04:52:35,2026-05-20T23:44:47
265,jason.robinson265@example.com,Jason,Robinson,73429 Ashley Square,West Ericaside,IN,67243,US,555-0265,2025-09-22T09:39:36,2026-03-24T16:41:40
266,travis.ayala266@example.com,Travis,Ayala,02275 Christina Square,Port Katherinetown,SD,37781,US,555-0266,2021-12-18T09:37:31,2024-06-26T12:32:21
267,steven.lopez267@example.com,Steven,Lopez,862 Lopez Path Suite 076,North Jerryshire,MD,32978,US,555-0267,2024-09-17T15:27:34,2025-02-24T11:27:10
268,rebecca.brown268@example.com,Rebecca,Brown,051 Powell Cape,Jillfort,ID,50266,US,555-0268,2026-05-06T17:38:17,2026-06-19T17:32:52
269,brandon.olson269@example.com,Brandon,Olson,4488 Tonya Islands Apt. 699,Alexanderhaven,PR,58974,US,555-0269,2026-06-29T16:34:43,2026-06-29T17:08:25
270,dawn.lopez270@example.com,Dawn,Lopez,7490 Turner Tunnel Apt. 272,Shawnport,MA,63002,US,555-0270,2026-06-05T12:07:20,2026-06-20T23:50:39
271,duane.chang271@example.com,Duane,Chang,670 Rhonda Mission Apt. 887,East Joshuaside,VT,39095,US,555-0271,2026-05-14T03:28:47,2026-05-19T18:53:05
272,john.garrison272@example.com,John,Garrison,13348 Flores Pines,Harrishaven,KY,43461,US,555-0272,2025-04-19T02:59:47,2026-01-30T00:52:59
273,jason.flores273@example.com,Jason,Flores,8867 Jones Points Suite 711,Melissahaven,DE,28597,US,555-0273,2025-03-03T05:59:31,2025-09-21T07:47:30
274,krystal.fry274@example.com,Krystal,Fry,7645 Evans River Apt. 348,Port Joe,KY,33728,US,555-0274,2025-10-12T13:15:17,2026-04-17T13:56:02
275,kevin.brown275@example.com,Kevin,Brown,74224 Joseph Square Apt. 261,South Jameston,NC,79002,US,555-0275,2025-08-17T04:58:20,2025-09-02T17:47:27
276,monique.hill276@example.com,Monique,Hill,814 Robert Pike,Port Royview,KY,88957,US,555-0276,2022-02-10T16:32:18,2024-07-17T23:52:00
277,brandy.hardy277@example.com,Brandy,Hardy,4867 Evans Mission Suite 416,South William,MO,47936,US,555-0277,2024-04-27T08:24:13,2024-08-20T07:58:45
278,anthony.santos278@example.com,Anthony,Santos,9747 Jennifer Alley Apt. 687,West Michael,AR,89848,US,555-0278,2025-04-30T21:10:48,2026-02-14T23:23:49
279,ashley.thompson279@example.com,Ashley,Thompson,0243 Clark Cliff Suite 873,Morganville,PW,01385,US,555-0279,2026-02-13T15:32:48,2026-03-02T00:05:45
280,angela.reilly280@example.com,Angela,Reilly,4780 Anna Path,Ramirezborough,PW,17161,US,555-0280,2026-05-14T06:38:28,2026-05-17T17:09:15
281,thomas.haas281@example.com,Thomas,Haas,6321 Jennifer Valleys,Lake Brianview,MA,55060,US,555-0281,2026-05-16T11:13:08,2026-06-17T05:23:27
282,kevin.mcconnell282@example.com,Kevin,Mcconnell,4731 Costa Ports,South Christopher,CT,26858,US,555-0282,2024-06-07T16:29:00,2024-07-25T11:35:06
283,heidi.morris283@example.com,Heidi,Morris,70861 Lisa Course,Lake Elizabeth,PW,67782,US,555-0283,2026-06-18T01:18:42,2026-06-20T17:40:55
284,kenneth.herrera284@example.com,Kenneth,Herrera,1686 Carl Valleys,East Joebury,OH,94141,US,555-0284,2024-08-26T05:58:45,2026-03-04T02:10:15
285,randy.rivera285@example.com,Randy,Rivera,878 Patrick Prairie Suite 893,Sandratown,AR,61983,US,555-0285,2022-11-17T05:22:02,2025-10-21T15:22:46
286,derrick.hall286@example.com,Derrick,Hall,8839 Compton Landing Suite 082,Port Bryanborough,AR,52792,US,555-0286,2025-12-04T16:10:15,2026-05-30T18:09:16
287,katie.brown287@example.com,Katie,Brown,4867 Henry Plain Apt. 904,Smithchester,MS,34625,US,555-0287,2021-07-07T11:39:25,2023-02-20T12:04:20
288,pamela.walls288@example.com,Pamela,Walls,651 Marc Underpass Apt. 092,Port Tylermouth,IL,82362,US,555-0288,2025-12-09T09:41:56,2026-03-26T09:13:38
289,jennifer.carson289@example.com,Jennifer,Carson,9468 Lee Mountain,East Travis,AZ,31924,US,555-0289,2025-09-26T13:28:13,2026-04-28T08:15:58
290,lori.santana290@example.com,Lori,Santana,2608 Matthew Brook Apt. 716,Josefurt,NV,86233,US,555-0290,2021-08-07T10:32:07,2022-04-09T07:24:52
291,william.anderson291@example.com,William,Anderson,2607 Kimberly Trail,East Melissa,MP,56126,US,555-0291,2025-10-18T14:19:12,2026-04-20T21:13:08
292,julia.hoffman292@example.com,Julia,Hoffman,6534 Harvey Neck Apt. 707,Mikaylaton,MD,47859,US,555-0292,2025-08-10T16:20:41,2025-09-11T04:48:18
293,jason.byrd293@example.com,Jason,Byrd,58718 Flores Fords,Port Mary,NC,46795,US,555-0293,2023-07-17T01:43:50,2026-03-28T09:41:16
294,eric.le294@example.com,Eric,Le,759 Scott Coves,South Monicaborough,IL,62468,US,555-0294,2023-02-12T11:53:21,2025-04-08T14:53:25
295,kimberly.sims295@example.com,Kimberly,Sims,09928 Guerrero Shore,Mccarthyton,MO,32733,US,555-0295,2023-12-02T21:48:45,2025-03-10T15:51:34
296,lisa.mcfarland296@example.com,Lisa,Mcfarland,11713 Karen Squares Suite 097,Ravenland,VT,26878,US,555-0296,2024-12-30T18:36:58,2025-09-21T13:07:04
297,mark.smith297@example.com,Mark,Smith,23288 Thomas Highway,North Samantha,KY,96529,US,555-0297,2026-04-23T01:40:24,2026-05-05T09:21:09
298,ryan.wood298@example.com,Ryan,Wood,470 Morrison Run,Lake Amyport,PR,42850,US,555-0298,2026-06-05T19:02:35,2026-06-14T04:00:22
299,sarah.mitchell299@example.com,Sarah,Mitchell,70377 Karen Drives,New Abigail,MD,60545,US,555-0299,2026-06-28T18:06:40,2026-06-29T15:50:38
300,bethany.lucas300@example.com,Bethany,Lucas,2922 Kevin Lodge Suite 821,Port Danielle,DE,35267,US,555-0300,2024-09-19T23:53:26,2025-09-05T12:42:17
301,ronald.bradford301@example.com,Ronald,Bradford,552 Melinda Mill,Anthonyburgh,AZ,35181,US,555-0301,2023-06-15T13:32:06,2025-01-23T07:47:29
302,charles.brown302@example.com,Charles,Brown,98986 Melanie Pines,Richardton,MS,95887,US,555-0302,2024-10-27T06:48:49,2025-02-23T12:34:08
303,michael.sanders303@example.com,Michael,Sanders,50842 Julie Glen Apt. 348,Pettymouth,MS,89322,US,555-0303,2026-06-15T00:16:11,2026-06-25T08:36:50
304,rachel.moreno304@example.com,Rachel,Moreno,910 Allison Ferry Suite 276,Ryantown,MH,39614,US,555-0304,2026-04-12T07:50:42,2026-05-13T04:03:56
305,lindsey.lopez305@example.com,Lindsey,Lopez,4598 Sara Green,West Crystal,IN,87983,US,555-0305,2025-11-17T02:14:57,2025-12-28T04:42:22
306,linda.martin306@example.com,Linda,Martin,25298 Parks Branch Suite 660,North David,IN,14014,US,555-0306,2026-06-08T05:33:15,2026-06-28T18:37:50
307,brenda.mccoy307@example.com,Brenda,Mccoy,89752 Anderson Ramp,Schmittchester,WY,11909,US,555-0307,2025-09-01T21:55:26,2026-02-01T12:05:24
308,richard.johnson308@example.com,Richard,Johnson,74666 Christian Prairie Apt. 832,Clarkshire,AZ,58051,US,555-0308,2024-02-10T04:18:32,2025-05-15T00:06:42
309,collin.hunt309@example.com,Collin,Hunt,780 Butler Island,Anthonyville,KY,56362,US,555-0309,2022-09-03T03:16:05,2026-06-03T23:56:43
310,brian.roberts310@example.com,Brian,Roberts,497 Jordan Vista Apt. 053,Erikamouth,WI,77213,US,555-0310,2022-05-24T13:30:33,2023-11-24T05:35:33
311,laurie.wood311@example.com,Laurie,Wood,0468 Jones Corners Suite 576,West Catherine,IL,48526,US,555-0311,2022-06-28T05:20:10,2026-04-07T15:38:46
312,keith.hunter312@example.com,Keith,Hunter,2445 Ian Village,Ericstad,VT,89530,US,555-0312,2026-06-13T00:59:54,2026-06-24T19:50:02
313,jeremy.case313@example.com,Jeremy,Case,353 Jacob Crest Suite 560,Bartonland,AR,06737,US,555-0313,2022-01-21T22:21:44,2024-11-12T14:09:26
314,larry.herrera314@example.com,Larry,Herrera,7416 Hutchinson Landing Suite 395,Anneborough,HI,92008,US,555-0314,2024-04-15T11:35:09,2024-10-21T07:27:27
315,cheyenne.payne315@example.com,Cheyenne,Payne,7232 Monica Shoal Apt. 310,Rossshire,AL,78157,US,555-0315,2021-10-26T00:49:11,2022-01-22T10:20:44
316,elizabeth.ward316@example.com,Elizabeth,Ward,8319 Duran Road,East Tracey,AR,50136,US,555-0316,2026-06-14T10:02:00,2026-06-21T05:44:59
317,daniel.moore317@example.com,Daniel,Moore,2220 Kristen Trail Suite 442,Johnchester,NC,55964,US,555-0317,2026-05-20T17:44:34,2026-05-21T03:34:13
318,mario.blevins318@example.com,Mario,Blevins,590 Smith Street Suite 951,South Jeremiah,MA,21807,US,555-0318,2021-08-19T15:09:16,2021-12-23T16:29:22
319,christina.gutierrez319@example.com,Christina,Gutierrez,4070 Rose Trace,West Nina,KY,31737,US,555-0319,2024-05-17T06:51:34,2025-08-20T21:33:56
320,mary.smith320@example.com,Mary,Smith,3103 Jenkins Junctions,Brownville,AS,44004,US,555-0320,2023-08-26T19:38:29,2025-09-16T22:50:28
321,jeffery.cook321@example.com,Jeffery,Cook,331 Richardson Roads,North Emilyside,KY,83522,US,555-0321,2023-02-28T21:38:24,2023-09-21T07:28:16
322,sara.davenport322@example.com,Sara,Davenport,1152 Miller Cape,Stephanieside,AR,63459,US,555-0322,2026-06-04T06:40:59,2026-06-23T02:52:04
323,julia.contreras323@example.com,Julia,Contreras,48964 Lambert Curve,Alyssamouth,WI,73707,US,555-0323,2026-03-11T00:29:36,2026-06-24T10:05:39
324,curtis.gibson324@example.com,Curtis,Gibson,624 Charles Parkways Suite 008,Melissahaven,VT,85741,US,555-0324,2026-06-29T22:16:40,2026-06-29T23:33:27
325,levi.williams325@example.com,Levi,Williams,5005 Lawrence Bypass Apt. 998,Leeburgh,MH,28366,US,555-0325,2021-08-21T13:05:08,2025-06-13T04:51:08
326,monique.fernandez326@example.com,Monique,Fernandez,24265 Kimberly Road Apt. 221,Kathyborough,VT,62202,US,555-0326,2025-08-09T01:44:45,2026-03-24T18:04:50
327,alicia.washington327@example.com,Alicia,Washington,687 Walter Underpass,Jimenezberg,AL,29213,US,555-0327,2026-06-26T05:33:09,2026-06-27T01:52:45
328,shane.medina328@example.com,Shane,Medina,5872 Robert Inlet,Port Diana,VT,46037,US,555-0328,2026-06-29T19:32:38,2026-06-29T21:09:07
329,jessica.knight329@example.com,Jessica,Knight,62259 Margaret Lodge Suite 882,Hurleyberg,MO,63681,US,555-0329,2026-03-15T02:13:51,2026-06-24T13:49:50
330,justin.anderson330@example.com,Justin,Anderson,430 Olivia Crescent Apt. 667,West Thomas,VT,61606,US,555-0330,2026-04-04T11:05:51,2026-05-31T16:22:02
331,bryan.williams331@example.com,Bryan,Williams,671 Douglas Flats Apt. 542,Lake Amyberg,PR,84036,US,555-0331,2022-06-27T06:16:08,2025-08-25T04:29:44
332,allison.green332@example.com,Allison,Green,453 Hurst Lock,Brittanyland,AZ,71663,US,555-0332,2026-06-19T19:56:55,2026-06-29T16:21:35
333,patricia.rodriguez333@example.com,Patricia,Rodriguez,6907 Michelle Forks Apt. 373,Jasonbury,MO,33994,US,555-0333,2024-06-24T23:24:54,2024-12-12T02:05:51
334,jennifer.johnson334@example.com,Jennifer,Johnson,19106 Massey Courts Apt. 635,Lake Nancyport,AS,37733,US,555-0334,2025-11-03T02:54:35,2026-01-18T23:10:06
335,brandon.cross335@example.com,Brandon,Cross,89021 Pacheco Crossing Apt. 363,Loganchester,AS,37025,US,555-0335,2026-06-21T06:22:55,2026-06-26T21:32:38
336,sabrina.lane336@example.com,Sabrina,Lane,18143 Myers Courts Apt. 473,East Lisaport,VT,16988,US,555-0336,2026-03-27T10:14:28,2026-03-29T17:31:36
337,bill.davis337@example.com,Bill,Davis,4673 Rose Ford Suite 174,Lake Loribury,UT,59161,US,555-0337,2022-08-15T11:18:37,2024-10-31T11:26:58
338,kenneth.watson338@example.com,Kenneth,Watson,5482 Morse Plaza,East Desiree,IN,86499,US,555-0338,2026-04-24T09:21:54,2026-06-17T06:09:45
339,jennifer.camacho339@example.com,Jennifer,Camacho,75830 Murphy Land,South Kelsey,AR,15521,US,555-0339,2025-06-02T11:17:18,2026-01-28T02:05:57
340,james.valdez340@example.com,James,Valdez,0763 Hill Fords,East Micheleview,IL,86783,US,555-0340,2022-07-21T10:09:43,2023-09-19T15:57:07
341,nathan.howard341@example.com,Nathan,Howard,2165 Kimberly Plains Suite 146,Johnchester,SC,64894,US,555-0341,2025-07-22T21:46:07,2026-03-27T14:49:50
342,tiffany.green342@example.com,Tiffany,Green,873 Kari Path Suite 810,Lake Michelleland,DE,44554,US,555-0342,2021-08-01T15:55:27,2022-04-20T13:08:10
343,william.knapp343@example.com,William,Knapp,41832 Lopez Mission,Lake Bethhaven,VT,82362,US,555-0343,2024-04-07T13:53:51,2026-04-05T09:45:24
344,jeffrey.camacho344@example.com,Jeffrey,Camacho,197 Regina Shoal,North Gregorystad,MP,74576,US,555-0344,2025-06-26T20:10:16,2025-08-02T23:50:20
345,glenn.simpson345@example.com,Glenn,Simpson,40293 Moreno Cove,Henryshire,NV,65859,US,555-0345,2023-03-28T03:01:58,2026-01-18T13:43:14
346,danielle.hernandez346@example.com,Danielle,Hernandez,166 Henry Wall Apt. 304,West Amber,IN,67055,US,555-0346,2025-05-26T09:49:08,2025-12-11T07:54:05
347,stephen.cohen347@example.com,Stephen,Cohen,9078 Lyons Creek Suite 867,New Thomaston,IN,99378,US,555-0347,2025-05-29T10:31:15,2025-11-15T10:09:35
348,eric.roberson348@example.com,Eric,Roberson,4009 Brown Passage Apt. 256,Lopezstad,AS,68987,US,555-0348,2024-12-07T02:01:53,2025-09-18T10:04:02
349,rebecca.howard349@example.com,Rebecca,Howard,23288 Thomas Highway,Port Brookeshire,WY,67443,US,555-0349,2025-12-02T02:09:40,2026-01-13T02:46:05
350,kathleen.wagner350@example.com,Kathleen,Wagner,17337 Sara Shoal Apt. 052,West Robert,VT,56682,US,555-0350,2025-03-08T23:29:27,2025-10-13T18:17:34
351,ryan.barker351@example.com,Ryan,Barker,21711 Payne Lodge Suite 658,New Ericburgh,OK,58977,US,555-0351,2023-08-06T21:08:15,2026-01-21T23:39:19
352,colleen.mccullough352@example.com,Colleen,Mccullough,482 Derek Drives,North Sierra,PR,47435,US,555-0352,2023-10-02T15:14:08,2025-12-12T16:24:15
353,cynthia.kelley353@example.com,Cynthia,Kelley,187 Summers Hollow Suite 992,East Kristenfurt,OK,15995,US,555-0353,2026-06-27T08:33:07,2026-06-27T18:53:49
354,erika.garcia354@example.com,Erika,Garcia,112 Zachary Trafficway Apt. 965,Lake Caitlinfurt,IN,10127,US,555-0354,2025-07-30T00:10:42,2026-03-12T14:21:46
355,david.stewart355@example.com,David,Stewart,4966 Jordan Radial,North Sarahhaven,MS,10811,US,555-0355,2026-04-05T05:55:43,2026-06-17T17:21:39
356,debbie.wilson356@example.com,Debbie,Wilson,554 Samuel Club Apt. 384,Glendashire,AR,45486,US,555-0356,2026-03-25T04:36:46,2026-06-12T13:15:01
357,micheal.young357@example.com,Micheal,Young,927 Jessica Groves Suite 233,North Stacyport,PR,89281,US,555-0357,2025-07-14T08:38:32,2025-12-10T14:29:29
358,dominic.jimenez358@example.com,Dominic,Jimenez,1139 Ray Wall Apt. 715,Davidton,FL,44303,US,555-0358,2023-12-23T11:04:53,2024-02-05T16:26:18
359,kevin.tucker359@example.com,Kevin,Tucker,66980 Kimberly Mews,South Elizabeth,KY,41847,US,555-0359,2026-03-15T15:46:59,2026-06-22T16:19:45
360,dana.nelson360@example.com,Dana,Nelson,10548 Kim Haven Apt. 721,North Samantha,DE,70680,US,555-0360,2026-03-29T23:41:47,2026-05-05T09:55:51
361,kari.moore361@example.com,Kari,Moore,51852 Brooke Corners,Ashleyland,PW,63323,US,555-0361,2023-04-04T00:39:51,2024-06-04T01:16:23
362,becky.steele362@example.com,Becky,Steele,8933 Whitehead Pass,Lindseyhaven,MS,18524,US,555-0362,2026-03-30T06:25:13,2026-06-07T22:33:10
363,michelle.flores363@example.com,Michelle,Flores,27111 Greer Run,South Christopher,NH,08606,US,555-0363,2025-12-20T16:34:34,2026-02-09T04:35:04
364,maria.houston364@example.com,Maria,Houston,509 Monroe Roads,Clarkland,MA,82652,US,555-0364,2026-02-11T17:15:04,2026-06-07T03:34:11
365,melissa.jones365@example.com,Melissa,Jones,49392 Moore Trafficway Suite 229,Markport,IL,82410,US,555-0365,2026-05-11T16:06:31,2026-05-15T10:08:43
366,kathleen.young366@example.com,Kathleen,Young,136 Ronald Trail Suite 416,Stephenport,UT,07769,US,555-0366,2023-06-15T06:56:19,2025-09-15T00:07:21
367,randy.jones367@example.com,Randy,Jones,69149 Davis Rue,East William,AS,10376,US,555-0367,2021-08-16T03:56:01,2026-04-30T03:28:57
368,christopher.davis368@example.com,Christopher,Davis,930 Allen Corner,Bishopmouth,OH,24776,US,555-0368,2026-06-08T22:17:53,2026-06-29T21:51:36
369,allison.mitchell369@example.com,Allison,Mitchell,70518 Lucero Fields,Humphreyberg,AR,40048,US,555-0369,2025-12-19T04:17:57,2026-06-15T07:23:21
370,zachary.chang370@example.com,Zachary,Chang,05129 Holly Mountain,North Pamelabury,MO,90383,US,555-0370,2026-01-06T18:07:34,2026-06-07T11:32:40
371,ross.york371@example.com,Ross,York,59757 Carolyn Squares,New Brandymouth,KY,74274,US,555-0371,2026-05-04T20:00:25,2026-05-20T11:56:07
372,luis.peters372@example.com,Luis,Peters,5546 Aaron Fall,Williamsborough,MP,65549,US,555-0372,2025-02-28T16:37:45,2026-06-13T18:44:26
373,grant.baldwin373@example.com,Grant,Baldwin,829 Reed Terrace,Skinnerport,PR,35677,US,555-0373,2022-06-26T23:17:29,2026-03-16T10:31:25
374,zachary.howard374@example.com,Zachary,Howard,84117 Brett Plains,Stevenshire,PW,38328,US,555-0374,2026-06-25T04:19:17,2026-06-27T18:08:12
375,amy.sweeney375@example.com,Amy,Sweeney,6772 Michael Mills Apt. 073,Stevenville,AR,60697,US,555-0375,2022-10-07T21:59:48,2024-04-07T04:15:59
376,jacqueline.morris376@example.com,Jacqueline,Morris,09928 Guerrero Shore,South Kendra,NH,89886,US,555-0376,2025-12-17T06:44:34,2026-01-07T13:22:36
377,hannah.howard377@example.com,Hannah,Howard,57919 Davis Course Apt. 125,Lake Ginabury,MA,95165,US,555-0377,2022-07-03T05:32:46,2024-11-10T05:44:16
378,michelle.jackson378@example.com,Michelle,Jackson,023 Joseph Road,Hammondburgh,KY,73023,US,555-0378,2025-10-22T10:36:33,2026-04-15T23:15:56
379,jesse.perez379@example.com,Jesse,Perez,355 Cooper Mission,Emilymouth,KY,79593,US,555-0379,2026-03-08T19:28:41,2026-04-23T12:56:37
380,matthew.randolph380@example.com,Matthew,Randolph,3329 Durham Lock Apt. 557,Lake Peter,AZ,09504,US,555-0380,2026-06-27T23:37:49,2026-06-28T19:16:11
381,sandra.wagner381@example.com,Sandra,Wagner,52696 Lori Loop,East Adam,WY,74248,US,555-0381,2026-06-29T23:11:28,2026-06-29T23:39:17
382,loretta.griffin382@example.com,Loretta,Griffin,0575 Darlene Lodge Suite 471,Rodneyton,DE,07892,US,555-0382,2023-11-11T03:59:39,2023-12-07T21:21:44
383,nicholas.thomas383@example.com,Nicholas,Thomas,7158 David Road,East Aaron,MS,72269,US,555-0383,2022-05-30T19:58:20,2026-04-28T04:06:12
384,samuel.armstrong384@example.com,Samuel,Armstrong,42619 Jamie Divide,Meganside,VT,27958,US,555-0384,2025-06-13T07:14:48,2025-10-01T23:00:04
385,sharon.murphy385@example.com,Sharon,Murphy,166 Davenport Ramp,North Shawna,MO,13755,US,555-0385,2024-10-07T10:49:22,2025-01-04T06:56:56
386,james.guerrero386@example.com,James,Guerrero,65434 Greer Port Apt. 604,North David,AZ,76471,US,555-0386,2026-06-29T02:00:14,2026-06-29T02:07:28
387,george.mcgee387@example.com,George,Mcgee,49541 Daniel Mountain Suite 208,North Michael,WY,65599,US,555-0387,2023-04-18T16:08:34,2026-01-13T19:15:33
388,nicholas.gutierrez388@example.com,Nicholas,Gutierrez,86901 Black Well Apt. 207,West Rickeystad,AS,81883,US,555-0388,2025-04-24T07:57:48,2026-05-01T22:49:24
389,laura.newton389@example.com,Laura,Newton,32394 Collier Loop Suite 523,North Melissa,NV,58951,US,555-0389,2022-02-23T22:34:31,2022-07-25T04:44:56
390,justin.long390@example.com,Justin,Long,9143 Joel Expressway Suite 539,Port Sarahbury,MD,55040,US,555-0390,2024-07-26T17:56:29,2024-11-10T19:28:44
391,janice.carter391@example.com,Janice,Carter,04094 Wolf Cliff Apt. 246,South Rogerborough,MA,94763,US,555-0391,2025-06-12T04:49:22,2025-11-30T15:46:47
392,james.miller392@example.com,James,Miller,4845 Chavez Underpass,Walkerport,AR,46473,US,555-0392,2026-06-29T22:03:18,2026-06-29T22:24:58
393,emily.torres393@example.com,Emily,Torres,4083 Moyer Place Apt. 501,Danielview,WI,40083,US,555-0393,2022-10-28T04:29:07,2025-07-10T18:51:08
394,jeffrey.madden394@example.com,Jeffrey,Madden,2608 Beck Forks,Kevinland,DE,81455,US,555-0394,2024-05-26T04:25:39,2024-07-09T13:46:48
395,jessica.meza395@example.com,Jessica,Meza,66123 Mitchell Causeway Suite 794,Lake Biancashire,ID,10204,US,555-0395,2024-06-29T01:16:32,2025-08-04T20:40:29
396,lindsay.acosta396@example.com,Lindsay,Acosta,40730 Pearson Courts Suite 761,Tinaside,IN,98341,US,555-0396,2022-07-16T11:01:57,2024-01-20T10:01:14
397,katie.young397@example.com,Katie,Young,423 Leonard Overpass,Espinozahaven,PW,36674,US,555-0397,2026-05-05T04:35:41,2026-05-31T03:20:47
398,jennifer.williams398@example.com,Jennifer,Williams,537 Cobb Wells,New Brandymouth,KY,98136,US,555-0398,2023-02-07T11:19:11,2024-07-17T13:05:21
399,cynthia.cole399@example.com,Cynthia,Cole,068 Sanchez Streets,Davisshire,KY,77946,US,555-0399,2026-06-15T19:37:11,2026-06-17T23:45:07
400,briana.figueroa400@example.com,Briana,Figueroa,99211 Joseph Greens Apt. 506,Lindabury,HI,31946,US,555-0400,2026-06-24T03:06:36,2026-06-25T10:08:43
401,john.miller401@example.com,John,Miller,885 Christopher Haven,South Brian,MD,35379,US,555-0401,2022-05-30T01:54:00,2022-09-03T18:24:39
402,shannon.dunn402@example.com,Shannon,Dunn,6606 William Tunnel,Kevinland,AS,94190,US,555-0402,2022-02-26T04:07:08,2022-08-27T21:06:26
403,mario.bush403@example.com,Mario,Bush,750 Elizabeth Bypass Suite 520,South Brian,AS,47764,US,555-0403,2026-05-26T16:25:26,2026-06-29T05:47:40
404,tina.colon404@example.com,Tina,Colon,7020 Stuart Club Suite 378,South Melissatown,PW,39442,US,555-0404,2026-03-01T22:56:01,2026-04-04T13:01:04
405,brian.davis405@example.com,Brian,Davis,648 Blair Cove Suite 754,Martinville,PW,85063,US,555-0405,2025-11-20T13:01:45,2026-01-27T12:51:39
406,jessica.jones406@example.com,Jessica,Jones,579 Gaines Point Suite 312,Smithville,KY,29243,US,555-0406,2022-10-20T11:35:02,2023-04-09T21:18:21
407,makayla.adams407@example.com,Makayla,Adams,506 Brittany Valleys Suite 806,Stanleyland,NV,10230,US,555-0407,2023-01-07T02:46:24,2025-08-23T02:05:02
408,john.kelly408@example.com,John,Kelly,14324 Crystal Mills,Marcfurt,UT,52086,US,555-0408,2026-01-03T14:18:21,2026-06-16T13:01:23
409,troy.avila409@example.com,Troy,Avila,8509 Jennifer Knoll,Jimton,SD,87726,US,555-0409,2023-07-06T07:42:23,2025-11-12T21:29:39
410,donna.santana410@example.com,Donna,Santana,46191 Murphy Rue Apt. 132,Allenborough,TN,05127,US,555-0410,2026-06-27T14:36:34,2026-06-29T01:46:04
411,janet.adams411@example.com,Janet,Adams,1767 Barbara Parkways Suite 259,Heatherside,SC,79856,US,555-0411,2026-03-20T20:56:49,2026-06-11T02:42:22
412,jonathon.gibson412@example.com,Jonathon,Gibson,71559 Leslie Inlet Apt. 165,Millerfort,AR,28924,US,555-0412,2025-03-01T22:58:30,2025-09-14T00:37:45
413,katherine.henry413@example.com,Katherine,Henry,1189 Fox Field Suite 282,Katelynborough,PW,02397,US,555-0413,2025-05-15T21:49:50,2026-05-03T09:08:56
414,katherine.green414@example.com,Katherine,Green,193 Sonia Village Suite 268,Jimenezberg,FL,09326,US,555-0414,2025-08-10T10:41:38,2026-04-25T19:26:13
415,regina.meadows415@example.com,Regina,Meadows,0578 Ricky Prairie,Anthonystad,MD,33898,US,555-0415,2026-05-26T04:09:56,2026-05-26T05:36:25
416,shawn.davenport416@example.com,Shawn,Davenport,8367 Williamson Brook Apt. 779,Faulknerview,MH,16146,US,555-0416,2023-03-29T19:14:19,2024-10-29T09:32:51
417,christopher.payne417@example.com,Christopher,Payne,39594 Marcus Mission,Rangelchester,HI,40423,US,555-0417,2026-04-09T18:54:44,2026-05-01T06:40:23
418,timothy.jensen418@example.com,Timothy,Jensen,217 Rogers Cape Apt. 584,Carmenfurt,SC,67434,US,555-0418,2023-05-02T20:51:56,2023-08-10T09:26:33
419,jessica.barajas419@example.com,Jessica,Barajas,06445 Pearson Junction Apt. 311,Sweeneymouth,KY,29860,US,555-0419,2023-09-25T18:37:29,2026-01-25T22:20:52
420,brianna.camacho420@example.com,Brianna,Camacho,9520 Hughes Bypass,Thompsonport,OK,99810,US,555-0420,2025-09-20T20:04:23,2025-09-23T01:54:27
421,kevin.santos421@example.com,Kevin,Santos,40363 Fox Green Suite 126,South Phillip,MS,65114,US,555-0421,2025-03-11T09:56:14,2026-02-21T16:04:09
422,tyrone.sanders422@example.com,Tyrone,Sanders,0186 Trevor Extension,Bethstad,OH,04863,US,555-0422,2025-06-12T13:34:28,2026-06-25T11:37:20
423,daniel.garrett423@example.com,Daniel,Garrett,220 Lopez Pine Suite 226,Marychester,NH,41427,US,555-0423,2021-08-01T03:39:46,2023-12-13T19:44:25
424,kevin.taylor424@example.com,Kevin,Taylor,2846 Gordon Brooks,Stephaniefort,VT,84561,US,555-0424,2025-07-25T17:42:00,2025-11-28T16:27:06
425,luis.barnes425@example.com,Luis,Barnes,992 Jason Terrace Suite 688,Harrisonfurt,MA,40557,US,555-0425,2022-06-04T00:58:13,2024-11-20T21:20:56
426,james.fry426@example.com,James,Fry,858 Maria Plains Apt. 567,South Johnchester,AS,10326,US,555-0426,2023-05-17T16:45:12,2025-11-19T11:48:16
427,adrian.murphy427@example.com,Adrian,Murphy,00040 Kelly Loop Suite 549,West Sandrashire,SD,24039,US,555-0427,2024-04-07T00:03:12,2024-10-19T13:36:12
428,steven.pierce428@example.com,Steven,Pierce,28966 Smith Gateway Suite 281,Colebury,AS,28244,US,555-0428,2026-06-26T20:08:05,2026-06-27T15:09:15
429,john.fitzpatrick429@example.com,John,Fitzpatrick,5619 David Cliffs Apt. 206,Linfurt,DE,23472,US,555-0429,2025-08-28T11:29:01,2026-03-01T23:37:34
430,randy.myers430@example.com,Randy,Myers,7645 Evans River Apt. 348,Lake Rebecca,HI,73023,US,555-0430,2022-04-26T15:55:58,2026-03-30T07:06:59
431,elizabeth.webb431@example.com,Elizabeth,Webb,190 Michael Shores,Port Tylerborough,MD,56424,US,555-0431,2023-09-11T03:05:17,2024-07-12T09:27:53
432,melissa.johnson432@example.com,Melissa,Johnson,47743 Judy Mews,New Sonya,AR,46892,US,555-0432,2022-08-17T00:21:37,2024-01-31T08:43:43
433,kaitlyn.allison433@example.com,Kaitlyn,Allison,0763 Hill Fords,Gamblehaven,WI,95704,US,555-0433,2025-10-06T08:17:10,2026-06-28T05:20:06
434,ricky.tucker434@example.com,Ricky,Tucker,353 Jeremy Meadow Apt. 850,New Walterburgh,AZ,49902,US,555-0434,2026-06-29T08:40:39,2026-06-29T11:22:39
435,jessica.harris435@example.com,Jessica,Harris,477 Eileen Prairie Apt. 350,South Bernardmouth,NM,67113,US,555-0435,2022-11-18T17:14:22,2023-02-28T06:15:50
436,andrew.holt436@example.com,Andrew,Holt,5314 Fry Square Apt. 417,Doyleshire,AR,31645,US,555-0436,2025-03-21T23:37:11,2025-12-21T05:30:44
437,scott.harris437@example.com,Scott,Harris,091 Cruz Creek,Michelleville,NM,65312,US,555-0437,2026-02-24T17:58:04,2026-02-27T18:54:54
438,scott.oconnor438@example.com,Scott,Oconnor,6638 Rick Trace,Kelleyborough,NV,67107,US,555-0438,2025-06-14T02:24:37,2025-08-21T19:51:24
439,chris.reynolds439@example.com,Chris,Reynolds,471 Gomez Rapid Suite 079,South Alexisstad,VT,46010,US,555-0439,2025-12-06T17:40:15,2026-04-13T10:52:41
440,diane.greer440@example.com,Diane,Greer,48944 Jake Unions,Moniquefurt,MH,79727,US,555-0440,2026-04-10T01:54:40,2026-06-02T10:44:34
441,anthony.anderson441@example.com,Anthony,Anderson,31222 Monica Islands,South Jenniferview,VT,16625,US,555-0441,2025-07-10T22:26:04,2026-01-07T15:48:23
442,robert.hall442@example.com,Robert,Hall,58699 Pollard Grove,Charlesbury,MA,20522,US,555-0442,2026-05-03T04:31:02,2026-05-25T08:57:39
443,amy.baker443@example.com,Amy,Baker,469 Powell Road Suite 818,Briggsstad,NH,96692,US,555-0443,2021-12-26T09:38:02,2024-08-01T04:01:15
444,brandi.bauer444@example.com,Brandi,Bauer,9930 Roberts Greens,Sarahburgh,MH,28157,US,555-0444,2026-05-19T05:56:50,2026-06-15T02:39:13
445,stephanie.sloan445@example.com,Stephanie,Sloan,30477 Matthew Ramp,South Danielstad,KS,72843,US,555-0445,2024-09-29T03:37:53,2026-02-24T10:54:51
446,dorothy.dennis446@example.com,Dorothy,Dennis,016 Christopher Lock Apt. 997,Palmertown,HI,61740,US,555-0446,2022-11-22T16:54:13,2025-09-30T09:44:43
447,anthony.kennedy447@example.com,Anthony,Kennedy,54601 Stephanie Tunnel,Brandonshire,FL,13322,US,555-0447,2023-08-24T10:09:08,2025-07-16T04:47:07
448,nathan.stanley448@example.com,Nathan,Stanley,441 Gonzales Plains,New Colleen,NH,41078,US,555-0448,2025-09-14T10:34:54,2026-05-30T11:30:59
449,jessica.bell449@example.com,Jessica,Bell,11901 Williams Valleys,Lake Dwayneview,AR,44391,US,555-0449,2023-11-02T09:19:04,2026-01-23T18:50:59
450,kristy.smith450@example.com,Kristy,Smith,372 Jeremy River Apt. 761,Schmittchester,MS,81848,US,555-0450,2025-09-10T21:09:53,2025-10-19T19:19:49
451,christina.lee451@example.com,Christina,Lee,949 Leslie Shores,Taylorton,DE,69861,US,555-0451,2025-12-09T12:49:09,2026-06-21T05:29:51
452,jesse.brown452@example.com,Jesse,Brown,4306 Maldonado Tunnel,Annetteshire,VT,88401,US,555-0452,2026-01-27T14:32:12,2026-06-13T09:27:11
453,david.jones453@example.com,David,Jones,788 Turner Forges,Sweeneymouth,WI,25557,US,555-0453,2026-05-16T21:22:29,2026-05-31T01:06:58
454,angela.malone454@example.com,Angela,Malone,490 Desiree Causeway,New Brianstad,PW,42611,US,555-0454,2025-02-03T09:36:39,2025-02-13T17:26:34
455,debra.rodgers455@example.com,Debra,Rodgers,51995 Angela Rapid Apt. 056,New Seanberg,NM,81698,US,555-0455,2024-08-20T06:47:47,2025-10-04T05:05:00
456,chris.robinson456@example.com,Chris,Robinson,4708 Gutierrez Ports,Lake Lori,UT,66337,US,555-0456,2025-06-19T06:00:44,2025-11-30T23:39:23
457,kimberly.turner457@example.com,Kimberly,Turner,96227 Kaitlin Square,North Michael,PW,19967,US,555-0457,2026-03-20T05:05:15,2026-06-04T12:12:47
458,sharon.stanley458@example.com,Sharon,Stanley,4942 Shelton Islands,North Janiceburgh,KY,19921,US,555-0458,2026-04-02T19:04:07,2026-05-19T01:36:37
459,luis.thompson459@example.com,Luis,Thompson,562 Gonzalez Ports Apt. 686,Cabreramouth,MO,32230,US,555-0459,2026-06-29T17:24:41,2026-06-29T17:54:55
460,michelle.johns460@example.com,Michelle,Johns,0845 Kevin Brooks,East Lisaport,NM,02438,US,555-0460,2024-05-17T16:40:33,2024-11-22T21:54:32
461,randy.ross461@example.com,Randy,Ross,47320 Sanchez Ridge Apt. 743,Merrittfurt,MA,06854,US,555-0461,2022-01-11T21:43:34,2025-12-20T12:03:43
462,bradley.rowe462@example.com,Bradley,Rowe,788 Turner Forges,East Benjamin,SC,48672,US,555-0462,2024-01-13T19:18:43,2024-02-16T15:46:37
463,todd.sweeney463@example.com,Todd,Sweeney,746 Harold Passage,Stephenport,PW,47723,US,555-0463,2022-12-29T17:26:10,2025-07-28T09:24:13
464,luis.smith464@example.com,Luis,Smith,03495 Miller Rapid,North Amanda,AR,92407,US,555-0464,2026-02-12T22:23:27,2026-03-24T22:46:15
465,michelle.chang465@example.com,Michelle,Chang,938 Clarke Islands,Scottmouth,AR,64610,US,555-0465,2024-07-04T04:28:05,2025-05-28T17:14:29
466,charles.johnson466@example.com,Charles,Johnson,4036 Pittman Pass Apt. 159,Martinezport,KY,10274,US,555-0466,2026-06-29T18:57:33,2026-06-29T21:38:09
467,chelsea.hall467@example.com,Chelsea,Hall,96102 Selena Mills Apt. 827,Lake Johnny,NH,64265,US,555-0467,2024-12-11T21:45:02,2025-05-02T05:24:58
468,john.bradford468@example.com,John,Bradford,88958 Bishop Rest Apt. 584,Lake Loribury,MP,46913,US,555-0468,2021-12-15T14:24:00,2024-11-30T03:49:18
469,zachary.garcia469@example.com,Zachary,Garcia,58599 Monica Mountain Suite 638,New Stephaniestad,AR,67525,US,555-0469,2025-10-04T20:10:40,2026-04-08T19:02:55
470,daniel.vaughan470@example.com,Daniel,Vaughan,6570 Rodriguez Circle Apt. 928,New Amandaburgh,WY,26933,US,555-0470,2025-09-17T20:07:51,2025-10-12T02:16:00
471,kristen.phillips471@example.com,Kristen,Phillips,4301 Linda Common,Lake Shannonview,AL,67576,US,555-0471,2025-05-25T11:29:48,2025-10-22T05:52:18
472,elijah.camacho472@example.com,Elijah,Camacho,8317 Diaz Green Apt. 400,West Stephanie,AR,18838,US,555-0472,2023-09-23T02:02:16,2025-10-14T14:05:30
473,karen.williams473@example.com,Karen,Williams,76768 Campbell Greens,West Amber,KY,09537,US,555-0473,2026-06-04T06:03:39,2026-06-22T19:59:20
474,grant.cochran474@example.com,Grant,Cochran,2773 Emily Glens Suite 091,North Margarettown,AS,47764,US,555-0474,2024-07-15T09:01:26,2025-08-08T13:30:10
475,scott.ayala475@example.com,Scott,Ayala,611 Rogers Forges,Piercechester,OK,04086,US,555-0475,2023-01-23T08:18:45,2025-09-24T06:44:53
476,christopher.santana476@example.com,Christopher,Santana,32002 Silva Passage Suite 498,Port Brittney,VT,82505,US,555-0476,2025-08-28T22:13:32,2025-09-30T18:22:37
477,leah.mcbride477@example.com,Leah,Mcbride,0933 Cummings Mill,Mckinneyhaven,UT,18333,US,555-0477,2025-01-26T17:49:22,2025-03-29T02:59:33
478,nicholas.torres478@example.com,Nicholas,Torres,88158 Jordan Isle,Lake Johnny,DE,36577,US,555-0478,2022-07-06T18:22:33,2025-02-16T21:49:13
479,tammy.moreno479@example.com,Tammy,Moreno,59989 Lester Creek,Martinezhaven,AS,39337,US,555-0479,2024-09-18T03:07:46,2025-12-12T16:58:04
480,cameron.ayala480@example.com,Cameron,Ayala,136 Troy Bypass,Port Stephanie,CT,94405,US,555-0480,2026-06-05T22:44:36,2026-06-25T12:56:03
481,robert.watson481@example.com,Robert,Watson,2137 Cole Fall,North Denise,MD,07684,US,555-0481,2023-12-26T13:01:27,2024-06-09T10:55:33
482,gregory.vargas482@example.com,Gregory,Vargas,3814 Webb Greens,Williamton,NM,37721,US,555-0482,2026-04-03T13:35:59,2026-05-18T17:59:36
483,erin.mason483@example.com,Erin,Mason,24817 Shawn Extension,Port Latasha,DE,26822,US,555-0483,2024-12-25T03:33:58,2025-12-24T19:54:09
484,joanne.johnson484@example.com,Joanne,Johnson,19106 Massey Courts Apt. 635,New Joseph,KY,47619,US,555-0484,2024-06-14T19:05:10,2024-11-28T11:56:01
485,michelle.hughes485@example.com,Michelle,Hughes,661 Amanda Garden,Hernandezfort,MO,03949,US,555-0485,2025-10-21T06:25:55,2026-02-28T09:29:12
486,shannon.mendoza486@example.com,Shannon,Mendoza,8060 Michelle Isle,Robertsborough,KS,15004,US,555-0486,2026-03-14T10:30:30,2026-05-22T02:38:55
487,wendy.clay487@example.com,Wendy,Clay,840 Kelsey Cliff Suite 573,Ravenland,VT,91992,US,555-0487,2022-04-22T23:08:23,2023-03-16T20:45:48
488,theodore.mcdaniel488@example.com,Theodore,Mcdaniel,73034 Davis Lights,North Amy,PR,19743,US,555-0488,2024-05-23T10:50:01,2025-03-07T17:08:58
489,william.stanton489@example.com,William,Stanton,916 Cindy Circles Apt. 413,Howardport,MP,83771,US,555-0489,2025-03-03T14:23:45,2025-06-16T04:16:23
490,cameron.davenport490@example.com,Cameron,Davenport,084 Campbell Common Apt. 634,Lake Tarachester,CT,47063,US,555-0490,2025-12-06T10:55:46,2026-06-10T01:12:37
491,emily.pierce491@example.com,Emily,Pierce,67318 Robert Oval,Parktown,PR,86651,US,555-0491,2022-07-08T01:49:25,2023-06-17T03:02:32
492,natalie.newman492@example.com,Natalie,Newman,427 Marisa Cliff,West Samuelport,VT,12886,US,555-0492,2024-11-03T23:47:14,2025-01-15T20:31:53
493,adam.gutierrez493@example.com,Adam,Gutierrez,9547 Terri Manors,North Anthonyfort,IL,16652,US,555-0493,2021-11-08T03:07:33,2022-01-06T17:08:02
494,kevin.sandoval494@example.com,Kevin,Sandoval,312 Jensen Mountains Apt. 074,Port Jessica,NV,07605,US,555-0494,2025-07-29T06:19:08,2025-08-13T08:32:22
495,jane.robinson495@example.com,Jane,Robinson,23815 Peterson Dam Suite 876,Jenniferburgh,MH,07211,US,555-0495,2023-02-10T03:00:34,2023-10-04T21:38:49
496,holly.larsen496@example.com,Holly,Larsen,13474 Tara Spurs Suite 364,Ericview,OH,93803,US,555-0496,2023-08-01T13:16:52,2025-05-09T08:24:57
497,kristin.williamson497@example.com,Kristin,Williamson,992 Justin Walk,Lake Danaville,KY,56603,US,555-0497,2025-03-19T03:14:39,2025-03-27T09:25:49
498,lori.williams498@example.com,Lori,Williams,27652 Amy Light Suite 649,North Marcus,MD,04863,US,555-0498,2024-06-10T11:31:27,2025-01-11T09:36:37
499,curtis.lewis499@example.com,Curtis,Lewis,705 David Locks,Hansonside,VT,21168,US,555-0499,2022-03-27T11:59:40,2022-06-25T23:28:52
500,nicholas.colon500@example.com,Nicholas,Colon,0299 Scott Stravenue Apt. 669,Walkerport,DE,87484,US,555-0500,2026-04-20T19:59:28,2026-05-19T03:45:21
501,alicia.young501@example.com,Alicia,Young,8209 David Ways Suite 709,West Anthonybury,MS,90986,US,555-0501,2026-06-29T13:53:52,2026-06-29T14:23:18
502,helen.kirk502@example.com,Helen,Kirk,183 John Park,Lake Paul,PW,83152,US,555-0502,2025-07-14T11:16:08,2026-02-12T10:21:16
503,vanessa.arellano503@example.com,Vanessa,Arellano,24161 Ashley Hollow Apt. 059,Grimesshire,HI,02917,US,555-0503,2026-05-19T02:48:28,2026-06-16T22:48:23
504,jason.parrish504@example.com,Jason,Parrish,860 Hanna Crest,Crossport,WI,02951,US,555-0504,2026-04-21T06:08:29,2026-06-11T06:17:49
505,hailey.wiley505@example.com,Hailey,Wiley,590 John Center Suite 621,Lake Monicashire,DE,64201,US,555-0505,2022-03-14T21:31:21,2023-03-01T16:34:08
506,ashlee.wilson506@example.com,Ashlee,Wilson,7499 Davis Manors Suite 926,Ibarrahaven,FL,68173,US,555-0506,2025-08-18T03:05:36,2026-05-19T11:06:43
507,emily.erickson507@example.com,Emily,Erickson,724 Moyer Village Suite 729,West Jordanborough,AS,71136,US,555-0507,2026-05-12T19:18:01,2026-06-15T01:45:23
508,sarah.garcia508@example.com,Sarah,Garcia,692 Alexander Creek Suite 296,Brownmouth,TN,39614,US,555-0508,2024-09-24T07:50:34,2024-10-30T18:59:03
509,julie.bennett509@example.com,Julie,Bennett,86901 Black Well Apt. 207,East Cassandraside,IN,18048,US,555-0509,2026-06-29T23:45:01,2026-06-29T23:51:37
510,alexander.valencia510@example.com,Alexander,Valencia,19101 Nunez Mountain Apt. 912,East Cesar,SD,04108,US,555-0510,2026-03-05T00:49:17,2026-06-02T20:03:03
511,candice.escobar511@example.com,Candice,Escobar,5252 Evans Island,Michelleport,WI,78767,US,555-0511,2025-09-07T21:45:43,2025-12-08T15:35:12
512,cameron.trevino512@example.com,Cameron,Trevino,273 Garrett Walk Suite 648,Esparzaport,NV,13315,US,555-0512,2024-05-16T07:44:52,2025-03-07T21:47:05
513,heather.sullivan513@example.com,Heather,Sullivan,2297 David Wall Apt. 967,Wileyfurt,NM,31663,US,555-0513,2022-07-15T01:54:54,2025-01-10T10:28:49
514,ruben.larsen514@example.com,Ruben,Larsen,90113 Ferguson Fords,Crossport,KS,49869,US,555-0514,2026-06-29T05:10:30,2026-06-29T06:13:09
515,cynthia.parrish515@example.com,Cynthia,Parrish,396 Larson Summit Suite 442,West Peterfurt,AS,27760,US,555-0515,2025-07-21T06:52:59,2026-06-18T15:14:35
516,hannah.baker516@example.com,Hannah,Baker,587 Kayla Ports,Nataliefort,AZ,98136,US,555-0516,2026-05-18T10:22:51,2026-05-25T20:38:02
517,william.taylor517@example.com,William,Taylor,9491 Wilson Street,West Samantha,AZ,52752,US,555-0517,2023-12-02T01:28:24,2023-12-27T03:47:40
518,courtney.gonzalez518@example.com,Courtney,Gonzalez,867 Michael Crest Apt. 177,North Randy,IL,48017,US,555-0518,2025-01-29T05:59:00,2025-01-31T23:59:56
519,lisa.smith519@example.com,Lisa,Smith,266 Becky Heights Apt. 447,West Lisa,MO,37872,US,555-0519,2025-12-26T23:58:56,2026-03-10T22:00:38
520,margaret.moore520@example.com,Margaret,Moore,034 John Crossing,Port David,WI,57330,US,555-0520,2026-05-15T21:02:41,2026-06-24T18:39:05
521,andrew.mayer521@example.com,Andrew,Mayer,9647 Robert Shores,Lydiaburgh,PW,70597,US,555-0521,2024-05-23T11:30:13,2026-02-11T15:55:40
522,nicole.payne522@example.com,Nicole,Payne,96227 Kaitlin Square,Friedmanmouth,MA,41698,US,555-0522,2025-10-08T15:57:48,2026-06-06T18:00:55
523,mason.garcia523@example.com,Mason,Garcia,56829 Lopez Crescent Suite 504,West Amber,MO,25653,US,555-0523,2023-09-27T04:34:36,2025-03-17T14:35:05
524,kathryn.wilkerson524@example.com,Kathryn,Wilkerson,43109 Taylor Court Apt. 353,North Nathanhaven,KY,62477,US,555-0524,2025-01-01T08:01:18,2025-09-02T18:01:21
525,elizabeth.logan525@example.com,Elizabeth,Logan,1612 Johns Fords,New Amandaburgh,MP,31793,US,555-0525,2025-12-04T07:02:33,2026-02-22T10:32:35
526,susan.buchanan526@example.com,Susan,Buchanan,100 Jessica Brook Suite 620,Edwardsmouth,MO,82670,US,555-0526,2022-10-01T15:15:37,2022-12-04T02:33:00
527,albert.schneider527@example.com,Albert,Schneider,32434 Cody Ford Suite 796,Hickmanland,MA,13948,US,555-0527,2024-05-31T17:24:53,2026-04-22T07:14:36
528,rebecca.gibson528@example.com,Rebecca,Gibson,08147 Cynthia Mount Apt. 564,Lake Matthewhaven,NM,98116,US,555-0528,2023-09-20T11:46:51,2025-02-04T08:52:36
529,lee.walker529@example.com,Lee,Walker,36860 Reilly Center Suite 306,Lindseyhaven,MD,90429,US,555-0529,2025-02-16T12:30:45,2025-10-01T08:42:21
530,tracy.duran530@example.com,Tracy,Duran,98310 Wright Streets,Alexton,MO,13084,US,555-0530,2024-09-13T12:32:12,2025-08-16T16:30:39
531,kyle.garcia531@example.com,Kyle,Garcia,7155 Byrd Common Suite 689,Meyerhaven,MH,68799,US,555-0531,2024-10-08T00:10:48,2026-02-20T07:39:12
532,justin.perez532@example.com,Justin,Perez,86569 Norris Forges Suite 447,North David,ID,63948,US,555-0532,2025-08-24T08:58:36,2025-11-01T21:01:35
533,rebecca.baker533@example.com,Rebecca,Baker,42411 Johns Mountains Suite 466,Port Maryhaven,PR,35106,US,555-0533,2026-01-17T07:52:46,2026-05-13T12:27:17
534,kimberly.henry534@example.com,Kimberly,Henry,09537 James Manors Apt. 762,Port Michael,MO,21076,US,555-0534,2022-08-31T17:17:18,2025-05-21T13:48:18
535,rebecca.stein535@example.com,Rebecca,Stein,9013 Jose Land Apt. 935,South Monicaborough,ID,92323,US,555-0535,2025-12-22T10:41:20,2026-06-01T11:34:07
536,tina.barrett536@example.com,Tina,Barrett,18513 Timothy Port,Bartonland,PR,31181,US,555-0536,2026-06-03T18:57:48,2026-06-04T00:25:32
537,pamela.perez537@example.com,Pamela,Perez,76581 Walker Burg Suite 375,Patrickton,OK,53315,US,555-0537,2025-09-06T08:30:26,2025-10-26T21:38:13
538,michelle.merritt538@example.com,Michelle,Merritt,987 Conrad Light Suite 155,East Carlosside,MS,39255,US,555-0538,2024-06-25T22:24:44,2025-06-06T17:07:17
539,rachel.keller539@example.com,Rachel,Keller,24441 Fitzpatrick Avenue,Dalemouth,KY,72810,US,555-0539,2023-03-01T01:17:27,2025-12-30T02:46:35
540,laurie.jackson540@example.com,Laurie,Jackson,15430 Wendy Row Suite 913,East Valerie,KY,08299,US,555-0540,2024-12-24T03:19:54,2026-06-10T17:08:49
541,samantha.anderson541@example.com,Samantha,Anderson,10665 Shaw Estate Suite 256,Mckinneyhaven,AS,36094,US,555-0541,2023-09-06T10:39:00,2025-05-09T16:54:47
542,stephanie.cohen542@example.com,Stephanie,Cohen,306 Alexis Drives Suite 895,Tuckershire,WI,72645,US,555-0542,2022-08-05T03:28:13,2023-06-03T09:42:57
543,nicole.acosta543@example.com,Nicole,Acosta,900 Kevin Pine,Garciabury,AZ,41980,US,555-0543,2023-03-17T17:09:29,2023-10-25T06:27:36
544,steven.chang544@example.com,Steven,Chang,150 Maldonado Springs Apt. 659,Sarahtown,PR,85716,US,555-0544,2025-12-20T09:25:48,2026-04-21T21:57:28
545,richard.swanson545@example.com,Richard,Swanson,5626 Phillip Camp,Lake Christopherside,PW,33825,US,555-0545,2022-12-22T18:21:16,2023-09-18T18:04:22
546,christina.fry546@example.com,Christina,Fry,4088 Kathleen Ville Suite 708,Millstown,AS,66422,US,555-0546,2023-01-31T14:46:26,2024-12-20T10:07:44
547,travis.armstrong547@example.com,Travis,Armstrong,3313 Roth Drive,Michaelland,WI,21864,US,555-0547,2026-02-23T23:48:58,2026-06-09T04:26:27
548,erica.miller548@example.com,Erica,Miller,7555 Anderson Pines Apt. 333,West Anna,IN,45587,US,555-0548,2026-03-29T19:00:10,2026-05-04T17:40:21
549,robert.dawson549@example.com,Robert,Dawson,185 Kathleen Cove,Allenborough,VT,50471,US,555-0549,2022-07-28T15:37:10,2024-01-21T18:07:24
550,daniel.jackson550@example.com,Daniel,Jackson,3123 Marcus Junctions Apt. 570,West Theodoreside,MO,40388,US,555-0550,2024-05-07T23:38:32,2024-06-05T06:48:15
551,debra.torres551@example.com,Debra,Torres,0941 Laura Corners,Pedrohaven,MO,23121,US,555-0551,2025-04-24T01:12:56,2025-08-11T19:15:20
552,brent.norton552@example.com,Brent,Norton,27726 Andrew Grove,New Mathew,NM,76150,US,555-0552,2023-02-13T06:13:56,2025-06-22T22:45:45
553,chad.moore553@example.com,Chad,Moore,750 Elizabeth Bypass Suite 520,New Alexandraborough,PW,67015,US,555-0553,2026-06-26T21:42:27,2026-06-28T00:28:54
554,dylan.phillips554@example.com,Dylan,Phillips,957 Jessica Village,Port Shawna,NM,84186,US,555-0554,2026-06-05T22:05:08,2026-06-09T17:34:07
555,alexandra.williams555@example.com,Alexandra,Williams,097 Anthony Plains Apt. 104,West Latashaport,SD,64231,US,555-0555,2023-05-04T11:01:41,2023-09-03T08:39:58
556,tamara.hunter556@example.com,Tamara,Hunter,52085 Steven Way Suite 986,New Davidhaven,VT,54237,US,555-0556,2024-06-27T15:46:48,2024-09-05T06:27:32
557,stephen.williams557@example.com,Stephen,Williams,948 Nelson Crest,East Elizabeth,UT,71039,US,555-0557,2026-06-26T23:58:52,2026-06-28T23:27:04
558,antonio.richardson558@example.com,Antonio,Richardson,030 Justin Summit Suite 112,West Bryan,MO,10056,US,555-0558,2026-06-24T04:30:38,2026-06-27T17:57:53
559,marie.sanders559@example.com,Marie,Sanders,3094 Hoffman Lake,West Robin,NM,24809,US,555-0559,2024-11-09T06:36:49,2025-09-15T04:59:52
560,karen.sanders560@example.com,Karen,Sanders,14252 Miller Coves,Lake Rebecca,WI,03774,US,555-0560,2026-02-05T22:24:34,2026-04-19T00:20:00
561,becky.valencia561@example.com,Becky,Valencia,4189 Hoffman Islands,Matthewberg,IL,65649,US,555-0561,2025-10-30T06:20:15,2025-12-06T10:27:40
562,stefanie.haney562@example.com,Stefanie,Haney,9806 Caldwell Burg Apt. 920,East Veronica,PW,25172,US,555-0562,2023-01-24T10:32:44,2024-10-12T11:26:11
563,eric.mack563@example.com,Eric,Mack,695 Hernandez Track,Port Tabithaside,DE,20956,US,555-0563,2024-01-16T04:56:56,2024-03-09T21:33:15
564,randy.davis564@example.com,Randy,Davis,4992 Samuel Cape,West Mary,SC,75325,US,555-0564,2024-06-14T15:43:09,2026-05-05T17:44:07
565,jorge.evans565@example.com,Jorge,Evans,453 Brittany Throughway,North Margarettown,IL,06035,US,555-0565,2023-12-15T14:45:33,2024-02-07T10:17:32
566,michael.taylor566@example.com,Michael,Taylor,36305 Navarro Mountain Suite 607,Elizabethside,IL,36109,US,555-0566,2025-06-10T07:20:44,2025-11-20T05:39:12
567,krystal.saunders567@example.com,Krystal,Saunders,23160 Renee Trace Apt. 272,Lake Davidland,HI,56225,US,555-0567,2025-06-05T13:09:47,2025-06-05T18:30:02
568,edward.miller568@example.com,Edward,Miller,991 Wilson Greens,Brownburgh,SC,39415,US,555-0568,2022-10-24T14:07:24,2025-09-15T11:57:23
569,sara.walker569@example.com,Sara,Walker,12151 Cynthia Knoll Suite 244,South Christopherstad,KY,05994,US,555-0569,2026-06-26T14:52:15,2026-06-27T04:21:07
570,stephanie.baker570@example.com,Stephanie,Baker,022 Christopher Motorway Suite 106,North Susanhaven,NH,87479,US,555-0570,2024-03-22T05:12:10,2026-04-28T16:43:03
571,christine.anderson571@example.com,Christine,Anderson,7714 Sparks Isle,Garciachester,PR,95528,US,555-0571,2026-05-21T06:41:08,2026-05-23T00:36:36
572,michelle.marquez572@example.com,Michelle,Marquez,539 Valencia Falls Suite 637,Turnerside,UT,10266,US,555-0572,2024-05-04T03:02:30,2026-02-08T23:34:34
573,debbie.walters573@example.com,Debbie,Walters,7639 Alvarez Drive,Christinatown,KS,91536,US,555-0573,2026-06-18T14:22:05,2026-06-26T02:02:42
574,jessica.anderson574@example.com,Jessica,Anderson,55977 Hernandez Islands,Micheleland,NM,72537,US,555-0574,2021-08-03T21:44:49,2022-10-25T04:56:59
575,david.freeman575@example.com,David,Freeman,441 Munoz Expressway,Anthonyburgh,KY,01811,US,555-0575,2023-03-23T21:57:22,2023-11-20T14:54:22
576,kari.orr576@example.com,Kari,Orr,26714 Gilbert Pine,New Mathew,MH,25443,US,555-0576,2026-05-24T08:35:45,2026-06-06T11:08:21
577,april.mcmahon577@example.com,April,Mcmahon,454 Rodriguez Springs,North Kevin,MA,48143,US,555-0577,2024-11-06T15:34:21,2026-03-18T23:33:19
578,michael.williams578@example.com,Michael,Williams,18005 Phillips Brooks Apt. 776,Millershire,MO,40557,US,555-0578,2021-09-11T09:07:30,2025-10-31T01:29:43
579,breanna.lynn579@example.com,Breanna,Lynn,183 Castillo Port Apt. 305,Lewisstad,IN,73624,US,555-0579,2025-12-10T10:23:44,2026-01-14T18:21:24
580,courtney.goodman580@example.com,Courtney,Goodman,357 Mark Villages,Lindseychester,WI,83827,US,555-0580,2024-01-29T08:42:02,2024-12-06T07:53:46
581,melissa.carter581@example.com,Melissa,Carter,4890 Andrew Knolls,Brendastad,PW,05733,US,555-0581,2021-08-13T19:50:13,2022-10-10T20:09:26
582,dawn.grant582@example.com,Dawn,Grant,8048 Christie Highway Apt. 782,Markport,AS,88795,US,555-0582,2023-12-29T15:32:12,2024-04-19T15:55:28
583,michele.kelly583@example.com,Michele,Kelly,4714 White Spurs,West Renee,OK,89988,US,555-0583,2026-03-01T15:15:32,2026-05-18T10:41:01
584,jamie.cooper584@example.com,Jamie,Cooper,8089 Blake Hollow Apt. 086,East David,DE,84015,US,555-0584,2023-09-20T17:42:03,2024-09-05T04:41:45
585,jamie.ayala585@example.com,Jamie,Ayala,924 Roberts Radial Suite 247,New Ashleebury,AS,05058,US,555-0585,2024-07-26T08:32:11,2024-12-31T22:42:04
586,joshua.perry586@example.com,Joshua,Perry,2327 Newman Trafficway Apt. 045,Gamblehaven,ID,64641,US,555-0586,2026-06-05T05:43:01,2026-06-26T16:21:53
587,brian.blanchard587@example.com,Brian,Blanchard,591 Adam Harbor Suite 364,Lake Steve,MP,67576,US,555-0587,2026-01-05T10:45:54,2026-05-16T19:36:15
588,christopher.harris588@example.com,Christopher,Harris,932 Nicholas Alley Suite 506,North Hannah,PW,48050,US,555-0588,2026-06-19T21:43:23,2026-06-27T17:11:15
589,kyle.campbell589@example.com,Kyle,Campbell,894 Karina Lock,New Aaronburgh,KY,89345,US,555-0589,2026-04-12T02:30:08,2026-04-15T04:43:10
590,thomas.medina590@example.com,Thomas,Medina,8774 Camacho Mall Apt. 488,Wardville,WI,18928,US,555-0590,2025-10-01T13:30:40,2026-06-06T23:07:05
591,stephen.knox591@example.com,Stephen,Knox,764 Cook Estate,Port Zachary,DE,58977,US,555-0591,2026-06-27T06:53:23,2026-06-28T20:18:39
592,brian.walker592@example.com,Brian,Walker,085 Castillo Alley,East Carlosside,AL,02740,US,555-0592,2024-11-04T15:02:25,2025-09-04T02:29:49
593,randy.allison593@example.com,Randy,Allison,294 Jones Station,Kevinstad,UT,81389,US,555-0593,2026-04-01T07:36:58,2026-04-02T06:23:59
594,david.barton594@example.com,David,Barton,52583 Miller Meadows Apt. 578,New Jenniferfurt,PW,44894,US,555-0594,2024-12-04T18:32:30,2026-05-02T10:32:53
595,colleen.hooper595@example.com,Colleen,Hooper,190 Douglas Mill,Port Bryantown,UT,42790,US,555-0595,2024-02-03T09:12:08,2025-05-25T17:03:25
596,glenn.griffin596@example.com,Glenn,Griffin,3767 Kendra Knolls Apt. 987,Mollybury,IN,42316,US,555-0596,2025-01-11T15:16:31,2026-03-28T13:38:28
597,tammy.williams597@example.com,Tammy,Williams,690 Sara Rapid Apt. 331,Matthewberg,NC,30322,US,555-0597,2024-10-22T03:09:32,2025-11-29T20:09:44
598,dana.cooper598@example.com,Dana,Cooper,42755 Gray Ferry,Mitchellport,MO,23419,US,555-0598,2026-05-02T11:55:22,2026-06-18T02:32:31
599,tina.james599@example.com,Tina,James,37535 Jasmin Brooks,Port Jennaville,HI,60873,US,555-0599,2021-08-23T10:55:10,2025-01-02T00:21:15
600,david.caldwell600@example.com,David,Caldwell,34037 Joseph Field Apt. 318,Simmonsfurt,MH,99694,US,555-0600,2026-01-04T06:53:33,2026-06-16T00:47:57
601,rodney.haynes601@example.com,Rodney,Haynes,0536 Leslie Wells Apt. 311,New Barbaraside,IN,49869,US,555-0601,2026-02-27T01:47:50,2026-03-26T19:01:16
602,lisa.rice602@example.com,Lisa,Rice,440 Amy Village,Ramirezborough,DE,29491,US,555-0602,2022-06-25T23:39:08,2023-04-18T01:33:43
603,mason.ray603@example.com,Mason,Ray,173 Wilson Point Apt. 796,South Katherinefort,WI,34730,US,555-0603,2023-09-30T10:28:35,2025-09-14T12:24:46
604,adam.velez604@example.com,Adam,Velez,957 Brooks Inlet,New Mikaylaland,KS,75869,US,555-0604,2026-05-23T04:01:37,2026-06-11T03:16:47
605,wendy.dunn605@example.com,Wendy,Dunn,112 Zachary Trafficway Apt. 965,Underwoodland,IL,04108,US,555-0605,2026-06-23T18:14:25,2026-06-27T11:58:13
606,andrea.schwartz606@example.com,Andrea,Schwartz,27027 Harmon Walks,North Whitneyview,PR,37685,US,555-0606,2025-12-25T19:02:46,2026-05-06T17:29:23
607,denise.torres607@example.com,Denise,Torres,35381 Robertson Forge Suite 475,Donnastad,WI,25093,US,555-0607,2021-09-15T23:30:03,2024-04-29T21:28:54
608,allison.anderson608@example.com,Allison,Anderson,308 Tyler Cliffs,Port Bryantown,SD,37025,US,555-0608,2023-05-15T13:43:46,2025-10-30T16:01:00
609,jimmy.ward609@example.com,Jimmy,Ward,0104 Heather Via Suite 245,Port Mary,UT,81336,US,555-0609,2025-03-17T17:14:29,2025-08-14T08:34:02
610,nathan.powers610@example.com,Nathan,Powers,6570 Rodriguez Circle Apt. 928,Hallville,AS,96540,US,555-0610,2026-06-29T16:24:44,2026-06-29T22:55:48
611,jennifer.white611@example.com,Jennifer,White,687 Jennifer Summit,Carterbury,MH,15999,US,555-0611,2025-11-23T05:08:08,2025-12-16T18:31:46
612,kimberly.obrien612@example.com,Kimberly,Obrien,674 Kenneth Walks Suite 724,Lake Dawn,CT,25928,US,555-0612,2026-01-16T03:18:16,2026-04-30T15:51:54
613,melinda.gates613@example.com,Melinda,Gates,7253 Brian Knoll,East Timothyfort,FL,39415,US,555-0613,2022-01-08T22:04:40,2026-01-01T13:51:43
614,alexandra.mccann614@example.com,Alexandra,Mccann,9283 Samantha Road,Jerryberg,AR,90757,US,555-0614,2026-06-29T02:05:15,2026-06-29T07:37:28
615,matthew.nichols615@example.com,Matthew,Nichols,014 Shirley Path Apt. 138,Allenborough,AZ,55802,US,555-0615,2026-06-29T11:54:41,2026-06-29T15:51:44
616,todd.greer616@example.com,Todd,Greer,33790 Elizabeth Rapid Suite 037,Rossshire,CT,59429,US,555-0616,2024-04-10T02:04:54,2024-12-13T18:33:52
617,tina.brewer617@example.com,Tina,Brewer,81173 Gloria Ports Apt. 821,Port Christinafort,OK,07658,US,555-0617,2026-05-30T22:09:43,2026-06-16T21:28:08
618,andrea.stephens618@example.com,Andrea,Stephens,37598 Vargas Corner Apt. 878,Howemouth,AR,21028,US,555-0618,2025-10-07T19:28:12,2026-01-25T07:12:18
619,corey.hatfield619@example.com,Corey,Hatfield,462 Michael Roads Suite 841,Deanton,VT,82637,US,555-0619,2026-06-14T16:00:36,2026-06-16T07:44:16
620,howard.mccarthy620@example.com,Howard,Mccarthy,3930 Tina Spur,Deanton,AZ,57158,US,555-0620,2026-05-01T06:43:45,2026-06-23T12:11:06
621,christopher.white621@example.com,Christopher,White,852 Pamela Cliffs,South Kevin,MH,46753,US,555-0621,2025-12-01T03:42:52,2026-01-13T07:26:11
622,chris.orr622@example.com,Chris,Orr,9157 Nathan Junction,Brownmouth,MH,53778,US,555-0622,2024-09-06T02:00:11,2025-08-25T14:23:47
623,jerry.scott623@example.com,Jerry,Scott,95458 Jessica Plains,Sanchezmouth,IN,87909,US,555-0623,2023-09-27T14:24:20,2025-05-18T05:04:54
624,mitchell.torres624@example.com,Mitchell,Torres,991 Wilson Greens,Samanthahaven,IN,58648,US,555-0624,2024-12-12T12:46:40,2025-01-04T12:51:07
625,william.baker625@example.com,William,Baker,20392 David Club Suite 019,Georgestad,NV,98209,US,555-0625,2026-06-28T21:05:51,2026-06-28T23:40:20
626,kayla.solomon626@example.com,Kayla,Solomon,91561 Mary Pine,South Garyberg,MD,91430,US,555-0626,2025-09-18T14:33:03,2026-06-21T22:46:10
627,justin.jones627@example.com,Justin,Jones,9050 Brown Freeway Suite 223,North Christopher,MO,87940,US,555-0627,2026-05-11T14:55:05,2026-06-13T10:25:10
628,melanie.west628@example.com,Melanie,West,0545 Osborne Loaf Suite 757,Lake Rachel,HI,91061,US,555-0628,2026-05-06T18:19:34,2026-05-08T14:01:01
629,kristy.rivera629@example.com,Kristy,Rivera,92590 Steele Park Suite 185,Wilsonburgh,UT,62451,US,555-0629,2025-05-24T14:38:10,2026-04-08T09:26:46
630,crystal.hughes630@example.com,Crystal,Hughes,22133 Kelly Fords,East David,MD,89848,US,555-0630,2023-10-12T23:01:44,2025-02-27T22:42:17
631,emily.herrera631@example.com,Emily,Herrera,398 Lee Flat,Joneston,MA,56307,US,555-0631,2026-04-04T06:18:01,2026-04-10T18:50:35
632,alyssa.baker632@example.com,Alyssa,Baker,71285 Sherry Glens,Lake Courtney,AZ,64894,US,555-0632,2023-06-09T08:27:32,2025-07-08T12:18:09
633,joshua.stuart633@example.com,Joshua,Stuart,740 Matthew Green,Jasonburgh,VT,16282,US,555-0633,2023-10-01T05:12:29,2025-02-12T23:00:14
634,thomas.smith634@example.com,Thomas,Smith,366 Emma Mountains Suite 618,Lawrenceburgh,TN,63459,US,555-0634,2022-03-22T01:21:09,2023-02-04T22:11:26
635,christine.perry635@example.com,Christine,Perry,64971 Johnathan Court,Katherinefort,PW,67897,US,555-0635,2022-10-19T06:46:11,2026-01-15T22:22:53
636,brett.phillips636@example.com,Brett,Phillips,5992 Cody Wall,South Bernardmouth,PW,12297,US,555-0636,2025-03-10T00:00:41,2025-07-26T23:43:28
637,jose.mcfarland637@example.com,Jose,Mcfarland,57890 Robles Cape,North Edgar,IL,77215,US,555-0637,2026-04-20T04:20:21,2026-05-10T07:59:20
638,logan.allen638@example.com,Logan,Allen,225 Rodriguez Valleys,Stephaniemouth,MD,77587,US,555-0638,2024-03-08T04:23:51,2024-10-24T08:29:58
639,tammy.hill639@example.com,Tammy,Hill,037 Adriana Fords,West Davidton,IL,09327,US,555-0639,2021-12-17T09:17:44,2025-06-09T23:55:26
640,bobby.campbell640@example.com,Bobby,Campbell,225 Wade Pike Suite 313,Jenniferburgh,AS,51249,US,555-0640,2022-09-17T17:02:07,2025-05-20T01:33:01
641,melissa.ball641@example.com,Melissa,Ball,594 Spence Prairie,Patrickton,PW,76463,US,555-0641,2025-12-26T17:10:28,2026-06-12T01:18:20
642,timothy.rasmussen642@example.com,Timothy,Rasmussen,98726 Glenn Ports Suite 322,Wayneport,MS,46824,US,555-0642,2021-10-05T05:50:49,2022-11-05T17:09:58
643,erin.cruz643@example.com,Erin,Cruz,53423 Alexander Canyon,South Daniellehaven,WY,71915,US,555-0643,2026-03-24T00:05:19,2026-06-09T01:32:54
644,james.house644@example.com,James,House,289 Rebecca Rue,South Brooke,IL,81849,US,555-0644,2025-01-20T10:44:16,2025-11-17T14:42:42
645,jacqueline.love645@example.com,Jacqueline,Love,666 Eddie Meadows,Port Jennaville,NV,14969,US,555-0645,2025-05-19T02:03:03,2025-09-21T16:36:00
646,henry.parker646@example.com,Henry,Parker,70022 Ray Manors Apt. 445,North Sierra,MA,98026,US,555-0646,2022-10-25T01:49:56,2022-12-11T17:22:32
647,corey.walker647@example.com,Corey,Walker,5793 Lance Run,South Carlaside,PW,73163,US,555-0647,2025-06-28T21:21:13,2026-04-24T17:09:22
648,wayne.herrera648@example.com,Wayne,Herrera,157 Watson Manors Apt. 347,West Mary,AS,69861,US,555-0648,2023-10-21T22:44:26,2024-06-14T16:36:51
649,tracey.york649@example.com,Tracey,York,301 Jamie Curve Suite 988,West Catherine,VT,68175,US,555-0649,2025-10-03T13:45:03,2026-03-22T18:45:31
650,deborah.hill650@example.com,Deborah,Hill,3509 Massey Island Suite 731,West Matthew,AZ,36594,US,555-0650,2026-04-25T01:23:59,2026-05-31T06:02:17
651,patrick.diaz651@example.com,Patrick,Diaz,017 Teresa Light,Flynnfort,UT,18787,US,555-0651,2023-04-22T02:46:40,2023-04-27T07:10:28
652,kenneth.howard652@example.com,Kenneth,Howard,1087 William Loaf Suite 182,Allenmouth,DE,82424,US,555-0652,2025-02-15T21:44:55,2026-06-27T04:14:47
653,tracy.taylor653@example.com,Tracy,Taylor,67870 Nicole Views Apt. 381,Laurenfurt,MP,09700,US,555-0653,2023-04-11T08:13:29,2025-11-23T17:09:31
654,george.bruce654@example.com,George,Bruce,37345 Anderson Heights Suite 115,East Carlshire,IN,76383,US,555-0654,2025-02-02T20:08:47,2025-10-09T23:46:48
655,melissa.stanley655@example.com,Melissa,Stanley,734 Williams Expressway,Port Justinbury,IL,77475,US,555-0655,2025-11-28T05:41:48,2026-04-22T16:03:15
656,larry.house656@example.com,Larry,House,070 Hayes Spur Apt. 483,Mcguiremouth,AL,51527,US,555-0656,2025-10-01T10:52:45,2026-02-07T20:54:05
657,gregory.anderson657@example.com,Gregory,Anderson,22894 Myers Falls Suite 523,Kramerberg,KS,14014,US,555-0657,2021-08-04T18:22:57,2025-03-29T17:59:29
658,jason.king658@example.com,Jason,King,43765 Diaz Falls,West Melanie,VT,66604,US,555-0658,2022-08-09T05:23:15,2023-02-16T01:48:16
659,terri.smith659@example.com,Terri,Smith,444 Bruce Street Suite 489,Leeville,ID,01840,US,555-0659,2022-11-06T13:21:10,2024-06-22T20:20:28
660,mia.long660@example.com,Mia,Long,75804 Mcbride Road Apt. 676,Rogerstad,AR,81322,US,555-0660,2023-07-22T20:46:19,2024-07-16T22:36:30
661,lindsey.gregory661@example.com,Lindsey,Gregory,0731 Turner Way,East Mark,MS,19821,US,555-0661,2026-05-10T12:59:01,2026-06-02T17:38:01
662,laurie.scott662@example.com,Laurie,Scott,514 Danny Walk,Kelleyborough,NM,40962,US,555-0662,2024-06-03T11:37:03,2025-05-10T06:34:16
663,devon.lynch663@example.com,Devon,Lynch,10548 Kim Haven Apt. 721,Watsonmouth,DE,94724,US,555-0663,2025-03-25T04:49:52,2025-05-30T06:45:55
664,angela.evans664@example.com,Angela,Evans,9143 Joel Expressway Suite 539,Lake Justinfort,NM,18838,US,555-0664,2024-08-21T08:53:16,2026-06-14T01:37:51
665,duane.gregory665@example.com,Duane,Gregory,3509 Bradley Station,West Allenfurt,OK,71143,US,555-0665,2025-08-26T13:11:29,2025-08-31T07:30:17
666,crystal.thompson666@example.com,Crystal,Thompson,913 Gilmore Ridges Apt. 855,North Stacyport,NC,94613,US,555-0666,2022-10-01T02:51:27,2022-10-14T21:32:37
667,katie.wood667@example.com,Katie,Wood,6822 Cabrera Trail Suite 549,Richardsonside,IN,51702,US,555-0667,2023-09-12T11:58:02,2024-09-27T23:16:00
668,dana.moreno668@example.com,Dana,Moreno,618 Morrison Hollow,Robinsonchester,FL,87857,US,555-0668,2024-06-20T15:59:42,2025-09-22T07:57:21
669,cynthia.shaw669@example.com,Cynthia,Shaw,43961 David Summit Apt. 093,Hoffmanland,AS,99673,US,555-0669,2025-10-12T10:25:26,2025-11-28T05:53:56
670,angela.evans670@example.com,Angela,Evans,76768 Campbell Greens,Lake Shannonview,ID,04353,US,555-0670,2025-05-30T14:22:02,2025-12-27T10:10:57
671,kevin.kim671@example.com,Kevin,Kim,64776 Lori Village Apt. 032,North Hollyton,VT,64242,US,555-0671,2024-08-06T02:12:36,2025-12-19T21:45:21
672,tyler.garcia672@example.com,Tyler,Garcia,33297 Marie Ports Apt. 795,East Cesar,VT,71039,US,555-0672,2026-06-29T23:37:21,2026-06-29T23:39:28
673,jason.rhodes673@example.com,Jason,Rhodes,75957 Ray Plaza,East Carlshire,MD,65249,US,555-0673,2025-03-15T09:52:37,2026-06-22T15:41:27
674,lisa.mccoy674@example.com,Lisa,Mccoy,342 Teresa Courts,New Kellyview,VT,52933,US,555-0674,2023-10-02T15:04:15,2024-09-03T18:58:25
675,melissa.webster675@example.com,Melissa,Webster,2282 Austin Knolls Suite 778,Nathanborough,ID,43221,US,555-0675,2023-04-08T11:04:06,2025-05-04T13:44:39
676,james.crawford676@example.com,James,Crawford,9666 Taylor Junctions,New Sydney,DE,36964,US,555-0676,2025-08-17T07:28:17,2025-09-21T09:00:03
677,carlos.morse677@example.com,Carlos,Morse,30096 Michael Wall,New Emily,AZ,64265,US,555-0677,2025-09-25T13:12:53,2026-04-10T09:31:56
678,laura.nelson678@example.com,Laura,Nelson,692 Alexander Creek Suite 296,New Brendashire,UT,62572,US,555-0678,2021-09-17T14:48:12,2025-09-24T09:00:55
679,robin.guerrero679@example.com,Robin,Guerrero,94846 Marsh Heights Apt. 897,Elizabethside,FL,46903,US,555-0679,2026-05-08T15:22:14,2026-05-14T03:40:29
680,susan.sanchez680@example.com,Susan,Sanchez,342 Dominguez Courts,Lake Dariusland,IN,96641,US,555-0680,2025-06-03T18:07:42,2025-07-22T23:58:01
681,kayla.mcclure681@example.com,Kayla,Mcclure,304 Romero Vista Suite 085,Port Amanda,PR,53450,US,555-0681,2025-05-26T21:12:11,2025-09-16T01:17:57
682,vanessa.delacruz682@example.com,Vanessa,Delacruz,02321 Brittany Village,East Carlos,IN,48784,US,555-0682,2024-05-29T14:33:15,2024-06-07T16:39:45
683,veronica.reese683@example.com,Veronica,Reese,00389 Fleming Street,East Chelsea,UT,38780,US,555-0683,2024-10-21T22:44:55,2026-06-21T09:45:53
684,michael.taylor684@example.com,Michael,Taylor,058 Sara Ville,New Kennethhaven,KY,07447,US,555-0684,2024-10-22T20:02:19,2025-10-25T22:33:28
685,zachary.young685@example.com,Zachary,Young,42411 Johns Mountains Suite 466,Krausetown,NV,79077,US,555-0685,2025-10-16T10:36:46,2026-03-21T07:46:34
686,andrea.hughes686@example.com,Andrea,Hughes,3514 Reynolds Plains Suite 366,Thomasville,FL,86783,US,555-0686,2023-08-14T18:15:43,2026-05-17T21:36:40
687,stanley.miles687@example.com,Stanley,Miles,04202 Castaneda Crest,North Justinside,NC,50414,US,555-0687,2023-04-09T19:14:16,2025-12-14T06:21:44
688,david.holland688@example.com,David,Holland,9854 Karen Cape,Lake Dariusland,NV,90877,US,555-0688,2023-05-13T10:19:59,2025-11-29T13:46:24
689,joel.smith689@example.com,Joel,Smith,013 Jessica Corner Apt. 704,South Katherinefort,AS,00702,US,555-0689,2025-06-06T02:00:35,2025-10-16T02:55:17
690,darrell.fowler690@example.com,Darrell,Fowler,9779 Peterson Well Apt. 321,Cabreramouth,KY,89002,US,555-0690,2024-09-20T02:07:50,2025-04-25T01:12:45
691,martha.watson691@example.com,Martha,Watson,12312 Rodriguez Forks Apt. 488,Wilsontown,TN,86233,US,555-0691,2026-03-19T10:13:43,2026-04-18T08:25:14
692,matthew.davis692@example.com,Matthew,Davis,328 Smith Estate,North Teresa,IN,97648,US,555-0692,2024-09-10T19:44:26,2025-04-26T15:54:57
693,catherine.gardner693@example.com,Catherine,Gardner,55872 Michelle Summit Suite 062,Sherrifort,IN,38328,US,555-0693,2024-09-18T20:35:41,2025-05-16T17:19:17
694,brenda.romero694@example.com,Brenda,Romero,72810 Regina Ranch,Hesterborough,AL,35639,US,555-0694,2025-07-11T04:58:52,2025-08-29T17:45:18
695,brandon.flores695@example.com,Brandon,Flores,23235 Watkins Views Suite 803,North Janiceburgh,MO,49869,US,555-0695,2021-11-01T19:48:45,2023-06-30T08:31:06
696,william.wright696@example.com,William,Wright,39438 Jennifer Knolls Suite 288,North Christopher,AZ,45521,US,555-0696,2026-02-25T22:12:43,2026-04-22T08:31:47
697,amy.herrera697@example.com,Amy,Herrera,6731 Thomas Square Apt. 174,New Susan,PW,39118,US,555-0697,2026-06-25T13:25:44,2026-06-26T22:23:46
698,donna.freeman698@example.com,Donna,Freeman,47686 Williams Spur,Katherinefort,MS,89989,US,555-0698,2021-11-28T17:00:37,2022-09-01T13:08:44
699,stacey.brown699@example.com,Stacey,Brown,569 Ryan Highway,Jimton,MA,14872,US,555-0699,2022-10-27T23:12:18,2024-03-11T17:20:31
700,michael.bowers700@example.com,Michael,Bowers,57410 Thomas Estate Apt. 659,Port Barbara,MH,11178,US,555-0700,2026-05-27T23:47:06,2026-06-12T20:46:02
701,amanda.lopez701@example.com,Amanda,Lopez,1157 Denise Fords,Port Keithberg,SC,99553,US,555-0701,2025-08-04T09:11:16,2026-03-29T22:44:04
702,todd.mendez702@example.com,Todd,Mendez,72366 Brown Hills,South Courtneyhaven,VT,50464,US,555-0702,2026-05-12T15:02:27,2026-06-16T00:45:31
703,melissa.ochoa703@example.com,Melissa,Ochoa,412 Luis Plaza Apt. 888,Port David,KS,00776,US,555-0703,2024-10-18T11:11:04,2025-02-21T01:01:10
704,laurie.taylor704@example.com,Laurie,Taylor,393 Blanchard Spur Suite 904,Rachelland,IL,12768,US,555-0704,2026-05-18T16:07:18,2026-05-20T05:21:32
705,tamara.torres705@example.com,Tamara,Torres,62259 Margaret Lodge Suite 882,Lauraton,VT,27892,US,555-0705,2024-07-27T08:31:31,2025-02-25T19:38:27
706,elizabeth.roy706@example.com,Elizabeth,Roy,1452 Christopher Squares,North Brian,KS,49973,US,555-0706,2026-01-06T23:04:59,2026-02-03T07:25:42
707,anthony.pugh707@example.com,Anthony,Pugh,86982 Craig Keys Apt. 161,South Thomasmouth,CT,53431,US,555-0707,2022-03-06T06:26:05,2023-11-20T07:41:25
708,gregory.reyes708@example.com,Gregory,Reyes,4689 Jones Dale Suite 323,Timothytown,PR,60309,US,555-0708,2025-06-16T14:51:28,2026-06-22T04:26:21
709,anthony.morris709@example.com,Anthony,Morris,526 Robin Mills Suite 699,Paulamouth,MS,36735,US,555-0709,2024-07-15T01:56:21,2024-11-21T12:46:21
710,jennifer.cole710@example.com,Jennifer,Cole,402 Johnson Brooks,New Dianaview,AR,63074,US,555-0710,2026-01-21T00:00:40,2026-03-13T00:29:00
711,diana.fleming711@example.com,Diana,Fleming,265 Davis Curve,North Mark,UT,57105,US,555-0711,2025-05-26T02:22:08,2026-03-12T01:44:54
712,laura.brown712@example.com,Laura,Brown,65580 Farmer Glen Suite 555,Michelleville,NC,14216,US,555-0712,2026-06-25T12:03:53,2026-06-27T19:01:24
713,samantha.taylor713@example.com,Samantha,Taylor,2718 Evans Village,East Benjamin,MA,43199,US,555-0713,2026-02-06T01:30:52,2026-02-12T09:15:48
714,kenneth.cooper714@example.com,Kenneth,Cooper,8089 Blake Hollow Apt. 086,Garciaburgh,MP,65875,US,555-0714,2024-11-18T03:05:28,2025-02-21T08:14:29
715,shannon.williamson715@example.com,Shannon,Williamson,7446 Torres Glen Apt. 187,Diazfurt,VT,75701,US,555-0715,2026-03-07T13:27:20,2026-06-22T14:09:36
716,andrew.lopez716@example.com,Andrew,Lopez,9698 Amber Hills,West Jeremy,VT,12090,US,555-0716,2026-05-16T05:19:15,2026-05-20T20:11:24
717,henry.howard717@example.com,Henry,Howard,33249 Goodman Stravenue,Lawrenceburgh,AL,50682,US,555-0717,2026-06-27T22:57:12,2026-06-29T06:06:09
718,francis.mcclure718@example.com,Francis,Mcclure,82807 Bruce Divide,Smithland,AS,24361,US,555-0718,2025-09-27T12:57:25,2026-05-03T19:03:21
719,kellie.fry719@example.com,Kellie,Fry,63521 Chen Street Apt. 202,Jonathanstad,WI,26886,US,555-0719,2022-09-22T05:34:38,2023-09-22T16:19:37
720,sandra.harris720@example.com,Sandra,Harris,85800 Jennifer Plain,Joneston,OK,57977,US,555-0720,2023-12-21T23:31:26,2025-10-19T18:59:35
721,jeff.ellis721@example.com,Jeff,Ellis,54940 Jackson Squares,Port Abigailton,AL,46575,US,555-0721,2021-10-26T10:12:07,2022-08-12T12:48:42
722,david.white722@example.com,David,White,11713 Karen Squares Suite 097,South Scott,AZ,09908,US,555-0722,2023-12-28T12:04:08,2024-09-13T21:44:53
723,amber.williams723@example.com,Amber,Williams,2913 Bryant Skyway,Davidborough,OH,75377,US,555-0723,2025-10-29T03:29:24,2026-01-13T04:25:53
724,cynthia.colon724@example.com,Cynthia,Colon,0189 Davis Glens Apt. 361,New Donberg,AR,02086,US,555-0724,2022-11-06T12:33:32,2026-06-25T06:04:42
725,jennifer.jensen725@example.com,Jennifer,Jensen,628 Steven Turnpike Apt. 722,Oliviaborough,AS,09918,US,555-0725,2023-08-23T02:01:20,2024-04-02T15:36:44
726,erin.maxwell726@example.com,Erin,Maxwell,176 Jason Center Apt. 815,Port David,NC,14587,US,555-0726,2025-05-20T05:01:09,2025-07-11T15:22:05
727,tracy.hernandez727@example.com,Tracy,Hernandez,845 Michelle Forks,Williamton,MP,13090,US,555-0727,2021-07-24T12:50:59,2026-02-16T03:15:29
728,george.russell728@example.com,George,Russell,086 Neal Plaza Apt. 372,Julieville,AZ,14216,US,555-0728,2021-12-16T03:34:38,2022-09-10T10:39:28
729,christopher.clark729@example.com,Christopher,Clark,7599 Wolfe Brooks Suite 290,West Wendy,DE,71634,US,555-0729,2026-06-04T19:05:19,2026-06-26T22:58:30
730,jeffrey.miller730@example.com,Jeffrey,Miller,88958 Bishop Rest Apt. 584,Grayfurt,MD,50346,US,555-0730,2021-12-03T02:47:25,2024-11-23T07:16:37
731,steven.bruce731@example.com,Steven,Bruce,9073 Eric Estates Apt. 112,Stewartstad,SC,09716,US,555-0731,2024-12-06T23:24:10,2025-10-31T19:12:45
732,raymond.edwards732@example.com,Raymond,Edwards,46694 Sloan Turnpike Apt. 387,East Carlshire,NV,60130,US,555-0732,2024-06-24T09:53:57,2025-12-29T02:06:30
733,henry.key733@example.com,Henry,Key,512 James Way,Michaelshire,PW,29895,US,555-0733,2023-08-07T15:53:11,2025-09-13T06:55:06
734,keith.newton734@example.com,Keith,Newton,75418 Victor Parks Apt. 148,Wardville,WI,92628,US,555-0734,2026-05-15T01:32:58,2026-05-20T03:23:56
735,stephen.fox735@example.com,Stephen,Fox,15491 Lowe Ford,Davidton,HI,83949,US,555-0735,2025-02-12T07:15:45,2026-06-29T17:33:31
736,samuel.harrell736@example.com,Samuel,Harrell,26356 Vincent Oval Suite 332,Fernandezfurt,NM,07639,US,555-0736,2026-05-09T05:14:07,2026-06-26T23:46:57
737,david.gonzalez737@example.com,David,Gonzalez,2175 Hall Glens Apt. 465,South Kelly,OH,06299,US,555-0737,2025-07-25T02:25:12,2026-05-25T20:26:26
738,taylor.wilson738@example.com,Taylor,Wilson,37597 Hall Creek Apt. 600,Georgechester,PW,87263,US,555-0738,2026-06-13T06:56:52,2026-06-23T16:31:05
739,justin.aguilar739@example.com,Justin,Aguilar,470 Elliott Locks,East Tracy,AZ,77765,US,555-0739,2025-06-06T05:42:36,2025-12-26T11:30:17
740,sarah.roman740@example.com,Sarah,Roman,5213 Wesley Village Apt. 898,Timothystad,MP,64930,US,555-0740,2026-04-27T14:17:46,2026-05-31T14:21:11
741,shane.guerrero741@example.com,Shane,Guerrero,990 Kirby Lock,Bartonland,MS,54661,US,555-0741,2025-03-07T03:11:48,2025-03-14T07:13:21
742,tammy.andrade742@example.com,Tammy,Andrade,4654 Judith Parkway Apt. 684,West Briana,IL,16803,US,555-0742,2024-05-12T08:21:07,2025-06-05T06:15:43
743,linda.anderson743@example.com,Linda,Anderson,43885 Michelle Path Suite 158,Port Stephanie,PR,40994,US,555-0743,2022-01-21T06:51:17,2024-10-28T05:42:36
744,lisa.terry744@example.com,Lisa,Terry,602 White Radial,East Carlshire,PR,56173,US,555-0744,2024-09-13T12:32:47,2025-11-18T15:08:36
745,matthew.singh745@example.com,Matthew,Singh,529 Jensen Plaza,North Jeremyton,MO,44894,US,555-0745,2024-04-13T16:11:11,2025-01-06T19:39:31
746,randy.joseph746@example.com,Randy,Joseph,5124 David Well Suite 378,West Kristina,CT,17786,US,555-0746,2026-06-29T10:26:09,2026-06-29T16:49:42
747,michelle.velasquez747@example.com,Michelle,Velasquez,99948 Randall Drive,North Amyland,KS,29061,US,555-0747,2024-08-02T03:22:55,2025-10-19T13:26:01
748,bradley.miller748@example.com,Bradley,Miller,9252 Mills Lane Suite 287,Elizabethside,WI,91760,US,555-0748,2025-08-17T22:03:01,2025-12-31T07:09:15
749,james.trujillo749@example.com,James,Trujillo,3308 Brian Ville,Underwoodmouth,MP,25505,US,555-0749,2024-10-03T09:33:17,2026-06-05T23:18:07
750,linda.chavez750@example.com,Linda,Chavez,692 Alexander Creek Suite 296,Estradahaven,AZ,63456,US,555-0750,2026-03-23T08:33:38,2026-05-31T22:39:07
751,jeffery.hicks751@example.com,Jeffery,Hicks,42355 Kristin Via Apt. 372,Phelpsshire,SC,26706,US,555-0751,2025-08-16T16:03:52,2025-08-17T01:45:54
752,carla.jensen752@example.com,Carla,Jensen,037 Melissa Crescent,Jonesport,AR,61724,US,555-0752,2022-08-16T06:42:20,2022-09-18T04:33:42
753,ronald.martin753@example.com,Ronald,Martin,872 Glen Ramp,Masseyton,MD,04443,US,555-0753,2024-08-05T00:21:49,2025-11-27T01:45:10
754,katherine.smith754@example.com,Katherine,Smith,6606 Mckenzie Pine Suite 134,West Andrew,NM,09954,US,555-0754,2023-03-21T00:35:52,2024-07-26T22:49:10
755,jason.campos755@example.com,Jason,Campos,7414 Kerry Valleys Suite 396,Bellborough,PR,27273,US,555-0755,2025-03-23T17:59:43,2026-04-16T15:14:14
756,daniel.zavala756@example.com,Daniel,Zavala,7508 Knight Shoals,Glendashire,AR,53708,US,555-0756,2026-05-29T23:06:59,2026-06-04T07:59:33
757,dennis.thompson757@example.com,Dennis,Thompson,74224 Joseph Square Apt. 261,Krausetown,AS,76768,US,555-0757,2026-06-29T23:59:31,2026-06-29T23:59:31
758,steven.beck758@example.com,Steven,Beck,82856 Matthew Ports,Shawnshire,FL,51275,US,555-0758,2025-04-06T05:24:32,2025-09-27T18:35:57
759,kristin.mcknight759@example.com,Kristin,Mcknight,4689 Tina Underpass Suite 704,Jillfort,VT,48481,US,555-0759,2024-11-24T22:31:00,2026-01-27T08:57:06
760,kyle.carter760@example.com,Kyle,Carter,34329 Nichole Divide,New Dianaview,TN,91986,US,555-0760,2025-12-30T02:26:13,2026-06-24T20:34:32
761,billy.vasquez761@example.com,Billy,Vasquez,7126 Miller Circle,West Vicki,ID,95443,US,555-0761,2024-12-30T07:27:43,2026-04-27T09:28:34
762,alexander.wright762@example.com,Alexander,Wright,2356 Alvarez Spurs Apt. 659,East Reginamouth,DE,70703,US,555-0762,2023-06-04T10:30:50,2024-11-28T08:35:07
763,andrea.williams763@example.com,Andrea,Williams,08780 Woods Squares,West Jamesport,DE,79272,US,555-0763,2025-07-24T12:40:32,2026-04-27T06:28:09
764,catherine.montgomery764@example.com,Catherine,Montgomery,5643 Roach Light,Hendrickston,DE,39741,US,555-0764,2023-12-15T04:12:52,2024-02-18T10:19:04
765,dominique.carroll765@example.com,Dominique,Carroll,57919 Davis Course Apt. 125,Port Stephanie,NV,13409,US,555-0765,2021-12-06T13:36:42,2024-07-17T05:17:39
766,melanie.martin766@example.com,Melanie,Martin,71990 Zavala Mall,Kellyfort,MP,30012,US,555-0766,2023-01-24T07:31:16,2026-03-27T04:04:16
767,anthony.zavala767@example.com,Anthony,Zavala,7879 Fisher Union,Georgechester,UT,36958,US,555-0767,2025-09-27T16:35:26,2026-01-14T19:40:10
768,brandy.diaz768@example.com,Brandy,Diaz,2076 Douglas Cliff Apt. 538,East Mark,AS,52422,US,555-0768,2026-03-26T03:10:43,2026-06-26T04:11:55
769,brian.elliott769@example.com,Brian,Elliott,665 Williams Locks,North Angela,PR,09327,US,555-0769,2024-12-18T15:17:01,2025-04-20T20:37:19
770,randy.cole770@example.com,Randy,Cole,653 Lester Harbors Suite 515,Charlesfurt,VT,82348,US,555-0770,2022-10-07T07:45:04,2023-02-28T03:53:25
771,laura.miller771@example.com,Laura,Miller,86693 Madeline Landing Apt. 588,Nicholsfurt,AR,04086,US,555-0771,2024-03-31T21:09:18,2025-06-05T05:58:14
772,charles.james772@example.com,Charles,James,1446 Davis Ranch,East Wandaburgh,AS,95662,US,555-0772,2022-02-23T11:27:04,2026-02-02T18:03:17
773,veronica.harris773@example.com,Veronica,Harris,459 Morrow Manor,Brownton,WI,17687,US,555-0773,2022-01-20T15:24:05,2023-06-09T08:05:04
774,jennifer.kelly774@example.com,Jennifer,Kelly,1414 Michael Circle,Georgeshire,OH,85593,US,555-0774,2025-04-24T12:10:39,2026-04-04T18:29:44
775,diana.grant775@example.com,Diana,Grant,627 Hickman Center,Port Heathertown,AR,91576,US,555-0775,2023-06-05T11:16:51,2023-12-12T01:27:19
776,mark.harris776@example.com,Mark,Harris,70699 Sara Lights,East Micheleview,PR,44391,US,555-0776,2025-04-16T21:13:59,2026-03-10T06:37:32
777,catherine.hernandez777@example.com,Catherine,Hernandez,3908 Marissa Spur Suite 211,New Shawn,PW,52229,US,555-0777,2026-06-29T23:49:44,2026-06-29T23:55:27
778,jeffrey.rivera778@example.com,Jeffrey,Rivera,59844 Cochran Turnpike Suite 367,Sweeneyhaven,AS,68371,US,555-0778,2021-07-14T07:50:08,2022-05-27T09:36:08
779,darius.murray779@example.com,Darius,Murray,831 Larry Inlet Suite 012,East Aaron,AZ,15907,US,555-0779,2024-09-19T05:29:46,2025-12-29T02:28:35
780,tina.schneider780@example.com,Tina,Schneider,753 Daniel Extensions Suite 610,Lutzchester,AZ,82691,US,555-0780,2025-05-05T11:39:24,2026-03-01T15:07:42
781,stacey.garner781@example.com,Stacey,Garner,720 Jacqueline Lane Suite 686,Michaelbury,OH,17786,US,555-0781,2026-06-16T05:08:46,2026-06-23T07:40:47
782,steven.peters782@example.com,Steven,Peters,73141 Thomas Keys,Freemanshire,WI,02933,US,555-0782,2026-02-28T13:30:14,2026-03-27T22:37:42
783,gene.edwards783@example.com,Gene,Edwards,472 Sanders Terrace Apt. 086,West Andrew,NH,87947,US,555-0783,2026-02-11T07:10:10,2026-03-01T15:33:12
784,william.larsen784@example.com,William,Larsen,52621 Timothy Hill,Bautistaton,WY,28655,US,555-0784,2023-12-28T08:29:16,2026-05-21T21:41:01
785,whitney.mccann785@example.com,Whitney,Mccann,8012 Lawson Expressway Suite 050,Kelseystad,MD,01727,US,555-0785,2022-08-16T01:54:36,2025-02-28T08:18:42
786,william.clark786@example.com,William,Clark,566 Coleman Green Apt. 473,Williamsonview,WI,37732,US,555-0786,2026-06-20T07:49:41,2026-06-28T03:42:40
787,steven.smith787@example.com,Steven,Smith,420 Patty Meadow,North Feliciahaven,NM,21990,US,555-0787,2024-06-18T23:46:26,2025-11-17T10:51:19
788,brianna.bailey788@example.com,Brianna,Bailey,666 Eddie Meadows,Patrickhaven,UT,40498,US,555-0788,2026-06-14T19:40:35,2026-06-27T09:52:23
789,stefanie.mullins789@example.com,Stefanie,Mullins,595 Smith Orchard Apt. 325,East Rhonda,PW,52819,US,555-0789,2025-12-06T16:25:28,2026-01-09T01:06:36
790,melanie.nelson790@example.com,Melanie,Nelson,907 Kristin Stream,East Alec,HI,65517,US,555-0790,2021-07-20T23:03:20,2024-01-03T23:24:31
791,thomas.garcia791@example.com,Thomas,Garcia,26949 Hunter Heights Apt. 645,New Charlesside,WY,67289,US,555-0791,2024-07-02T02:09:34,2025-10-30T16:43:22
792,william.sanders792@example.com,William,Sanders,706 Dominguez Meadows,West Kristina,MA,86709,US,555-0792,2025-03-22T11:46:16,2025-05-09T12:23:07
793,kari.bell793@example.com,Kari,Bell,63070 Amy Mission Apt. 020,Bishopmouth,VT,78223,US,555-0793,2022-07-20T01:55:27,2023-02-21T03:44:48
794,nicole.fritz794@example.com,Nicole,Fritz,25900 Robinson Mountain Apt. 307,East Michele,MP,43581,US,555-0794,2024-01-07T00:28:47,2025-08-02T18:16:39
795,david.stanley795@example.com,David,Stanley,3039 Hernandez Bridge Suite 588,Wayneport,OH,50421,US,555-0795,2026-03-04T21:07:38,2026-06-14T14:56:55
796,brenda.chavez796@example.com,Brenda,Chavez,543 Ingram Stravenue,New Eric,MH,86173,US,555-0796,2024-11-27T13:49:48,2025-12-15T05:41:22
797,charles.walker797@example.com,Charles,Walker,60244 Chang Ville,Catherinefurt,UT,82698,US,555-0797,2024-11-03T09:19:23,2024-11-25T05:48:37
798,kimberly.brooks798@example.com,Kimberly,Brooks,84268 Laura Dale Apt. 616,Katelynbury,NC,95900,US,555-0798,2024-10-25T07:27:10,2026-06-11T21:13:45
799,steven.martin799@example.com,Steven,Martin,78170 Melissa Expressway Apt. 192,Port Sean,KS,05950,US,555-0799,2025-12-06T23:06:46,2026-01-04T13:36:37
800,hannah.stewart800@example.com,Hannah,Stewart,67318 Robert Oval,Joeburgh,KY,10852,US,555-0800,2024-04-23T16:13:17,2024-10-26T02:28:50
801,brian.miller801@example.com,Brian,Miller,2280 Matthew Crescent Apt. 183,Ericstad,KY,42611,US,555-0801,2025-07-23T16:33:17,2026-06-21T10:56:45
802,carla.browning802@example.com,Carla,Browning,112 Zachary Trafficway Apt. 965,New Susanstad,PR,45486,US,555-0802,2022-04-13T08:46:14,2025-07-12T16:52:58
803,david.cardenas803@example.com,David,Cardenas,5379 Ramos Terrace Apt. 183,Craigview,MP,82362,US,555-0803,2026-02-16T19:18:01,2026-06-21T13:15:16
804,william.robinson804@example.com,William,Robinson,6970 Williams Knoll,Christianfurt,MS,32733,US,555-0804,2024-03-26T18:49:43,2026-01-21T10:04:11
805,christopher.johns805@example.com,Christopher,Johns,021 Kim Heights Apt. 743,South Christopherstad,AR,69331,US,555-0805,2024-05-07T21:22:58,2025-09-30T06:28:57
806,kayla.wright806@example.com,Kayla,Wright,08597 Shelly Parkway Suite 794,West Wendy,PR,60075,US,555-0806,2025-10-19T12:48:06,2025-12-30T15:47:38
807,emily.gonzalez807@example.com,Emily,Gonzalez,068 Sanchez Streets,Amymouth,PW,89002,US,555-0807,2026-04-26T13:52:47,2026-05-17T15:16:39
808,steven.huang808@example.com,Steven,Huang,4708 Sharp Cape,Dannyside,VT,83802,US,555-0808,2026-06-16T07:23:04,2026-06-29T06:40:20
809,james.chapman809@example.com,James,Chapman,40730 Pearson Courts Suite 761,Barnesville,PR,95432,US,555-0809,2024-06-14T14:56:22,2026-03-18T02:43:23
810,rachael.ramos810@example.com,Rachael,Ramos,611 Malone Spur Apt. 942,Wardmouth,VT,15383,US,555-0810,2025-08-12T07:29:52,2025-12-05T22:56:40
811,pamela.shea811@example.com,Pamela,Shea,9107 Smith Knoll,West Makaylashire,KS,17983,US,555-0811,2025-05-24T17:26:53,2025-10-21T12:13:09
812,veronica.ochoa812@example.com,Veronica,Ochoa,52056 Turner Summit,Michelleport,OH,07173,US,555-0812,2025-09-19T12:16:47,2025-12-12T21:42:32
813,crystal.oliver813@example.com,Crystal,Oliver,10986 Richard Pines Apt. 816,North Annette,KY,69485,US,555-0813,2026-05-30T13:43:16,2026-06-09T11:53:13
814,wendy.adams814@example.com,Wendy,Adams,89752 Anderson Ramp,Lake Dwayneview,PR,68686,US,555-0814,2025-06-14T22:07:37,2026-05-08T01:01:34
815,judy.page815@example.com,Judy,Page,5508 Kemp Walk Apt. 077,Port Ruthbury,MA,69381,US,555-0815,2026-06-29T14:03:07,2026-06-29T14:09:23
816,christopher.lewis816@example.com,Christopher,Lewis,064 Richard Knolls Suite 421,Lake Michaelview,DE,78407,US,555-0816,2025-10-25T13:19:48,2026-02-10T10:54:09
817,jeffrey.holt817@example.com,Jeffrey,Holt,005 Donald Union,Samanthaside,OH,84060,US,555-0817,2025-02-26T22:08:14,2026-06-02T02:25:54
818,deborah.harvey818@example.com,Deborah,Harvey,4741 Brown Spring,Lake Christopherchester,NM,07029,US,555-0818,2022-05-22T20:10:29,2024-08-13T08:08:09
819,kyle.brown819@example.com,Kyle,Brown,97505 Wilkins Rest Apt. 151,Lauratown,PW,61315,US,555-0819,2026-05-30T19:57:32,2026-06-13T10:06:00
820,andrea.roberts820@example.com,Andrea,Roberts,8108 Stacey Lakes,West Sandrashire,AZ,62412,US,555-0820,2024-09-23T18:31:37,2025-04-13T00:13:27
821,joanne.schultz821@example.com,Joanne,Schultz,6056 Patterson Crossing,West Ericaside,AS,84942,US,555-0821,2025-11-14T06:25:08,2025-12-01T02:23:39
822,lindsey.stokes822@example.com,Lindsey,Stokes,373 Mary Glens,Elizabethborough,AS,37444,US,555-0822,2023-04-06T18:36:56,2023-12-27T17:16:52
823,shane.johnson823@example.com,Shane,Johnson,686 Barbara Summit Suite 137,Shieldsville,OH,97543,US,555-0823,2026-03-21T05:18:03,2026-03-30T08:05:33
824,craig.rush824@example.com,Craig,Rush,41974 Mora Mountain Suite 522,Harrisville,UT,30295,US,555-0824,2025-08-28T20:14:51,2025-10-06T12:09:45
825,shawn.cole825@example.com,Shawn,Cole,591 Obrien Plaza Apt. 317,West Amberfurt,NV,24389,US,555-0825,2023-12-14T22:36:25,2024-05-14T16:40:30
826,daniel.medina826@example.com,Daniel,Medina,226 Jones Forks,Weaverchester,IN,90451,US,555-0826,2025-12-04T15:42:46,2026-02-05T06:41:52
827,robert.walters827@example.com,Robert,Walters,514 Danny Walk,West Andrew,FL,86231,US,555-0827,2023-05-04T16:47:04,2023-05-17T09:27:11
828,marie.mckenzie828@example.com,Marie,Mckenzie,27365 Gardner Drive,West Robertview,IN,34871,US,555-0828,2026-06-22T09:33:31,2026-06-29T14:54:15
829,margaret.lee829@example.com,Margaret,Lee,5557 Tapia Isle,Deborahside,MS,12327,US,555-0829,2026-03-11T18:22:10,2026-03-25T09:56:56
830,kimberly.walters830@example.com,Kimberly,Walters,21312 Brown Ports,South Michaelfurt,PW,06261,US,555-0830,2026-06-28T22:58:07,2026-06-29T08:33:33
831,david.mccormick831@example.com,David,Mccormick,01631 White Avenue,Erinfort,MA,52064,US,555-0831,2023-11-02T11:18:55,2026-03-05T01:52:24
832,christie.contreras832@example.com,Christie,Contreras,953 Albert Spring Suite 221,East Evan,MS,42502,US,555-0832,2025-09-05T18:34:11,2025-10-07T10:45:53
833,lee.smith833@example.com,Lee,Smith,65469 Ferguson Key Suite 903,West Allenfurt,PW,66548,US,555-0833,2024-10-20T23:04:05,2025-08-15T08:43:49
834,jessica.herman834@example.com,Jessica,Herman,004 Daniel Hollow Apt. 459,New Jenniferfurt,MD,49887,US,555-0834,2026-06-16T16:05:18,2026-06-27T22:20:40
835,joseph.johnson835@example.com,Joseph,Johnson,6615 Betty Union,Port Christinafort,NH,15135,US,555-0835,2024-11-13T15:01:52,2025-10-10T02:43:06
836,kenneth.burgess836@example.com,Kenneth,Burgess,400 Jensen Lakes Apt. 445,Lake Samanthachester,KY,46686,US,555-0836,2026-02-15T21:18:36,2026-03-16T02:20:26
837,bradley.knapp837@example.com,Bradley,Knapp,0827 Stone Corners Suite 225,New Barbaraside,PR,46517,US,555-0837,2024-05-16T03:18:58,2025-12-07T01:21:15
838,jeffrey.adkins838@example.com,Jeffrey,Adkins,421 Obrien Green,Davisborough,UT,89072,US,555-0838,2026-01-23T14:39:43,2026-05-10T20:19:02
839,ebony.russell839@example.com,Ebony,Russell,7508 Knight Shoals,Millerborough,AR,44694,US,555-0839,2025-10-08T08:52:02,2026-01-12T05:09:28
840,renee.kline840@example.com,Renee,Kline,4731 Costa Ports,Westview,MA,74672,US,555-0840,2025-09-07T04:45:15,2025-09-20T21:24:53
841,amanda.gonzales841@example.com,Amanda,Gonzales,566 Stokes Fork,South Michaelmouth,WI,55345,US,555-0841,2021-07-14T15:54:04,2021-07-28T21:47:44
842,michelle.stevenson842@example.com,Michelle,Stevenson,51436 Mayer Key Suite 835,Port Margaret,MO,93487,US,555-0842,2022-10-15T15:29:39,2025-11-05T16:40:21
843,shane.bowen843@example.com,Shane,Bowen,344 Stephen Rapid,Alexanderhaven,CT,33994,US,555-0843,2026-06-29T09:10:46,2026-06-29T13:56:42
844,veronica.perry844@example.com,Veronica,Perry,372 Matthew Corner Apt. 927,Welchville,NM,60813,US,555-0844,2025-12-06T14:33:07,2026-01-03T21:40:53
845,joanne.ramsey845@example.com,Joanne,Ramsey,5611 Peck Square Suite 288,Port Heathertown,UT,58094,US,555-0845,2022-07-28T14:43:02,2024-08-09T09:05:57
846,david.obrien846@example.com,David,Obrien,47692 Brian Forge Apt. 651,Kevinland,AR,27305,US,555-0846,2024-10-30T22:18:30,2026-05-12T22:33:55
847,andrew.smith847@example.com,Andrew,Smith,49524 Hayes Junction,Jonathanview,CT,87929,US,555-0847,2023-11-20T23:48:22,2023-11-29T01:34:42
848,melissa.benson848@example.com,Melissa,Benson,26406 Lauren Manors Apt. 674,Watsonfort,AR,21421,US,555-0848,2026-04-04T03:20:19,2026-04-09T00:22:43
849,ronald.shepherd849@example.com,Ronald,Shepherd,611 Rogers Forges,South Bernardmouth,VT,06180,US,555-0849,2026-06-15T16:30:35,2026-06-21T15:45:38
850,stephen.parker850@example.com,Stephen,Parker,4110 Mark Streets Suite 989,South Andrewshire,NC,19202,US,555-0850,2026-03-04T13:04:45,2026-05-22T22:34:24
851,robert.mccann851@example.com,Robert,Mccann,859 Samuel Green,New Phyllisburgh,AR,80425,US,555-0851,2021-11-27T08:16:26,2024-02-03T02:59:58
852,kimberly.johnson852@example.com,Kimberly,Johnson,696 Amber Groves,Bryantstad,WI,54251,US,555-0852,2024-12-05T13:40:01,2026-05-02T10:56:42
853,joseph.hamilton853@example.com,Joseph,Hamilton,674 Mendoza Walks Apt. 698,New Barbaraside,AZ,46106,US,555-0853,2025-08-16T00:01:05,2025-08-30T00:28:14
854,robert.green854@example.com,Robert,Green,3283 Melvin Flats Apt. 707,New Nicolehaven,VT,06299,US,555-0854,2024-07-04T20:11:20,2025-03-08T11:56:10
855,julie.santiago855@example.com,Julie,Santiago,1181 Shaw Summit Suite 466,Perezburgh,MS,55291,US,555-0855,2024-03-14T06:48:47,2025-01-02T14:43:40
856,emily.neal856@example.com,Emily,Neal,3115 Elizabeth Trace Apt. 872,Lake Sandra,OK,42234,US,555-0856,2024-03-09T09:51:23,2024-12-20T23:57:28
857,devin.gonzalez857@example.com,Devin,Gonzalez,23063 Butler Ford Suite 775,Christianfurt,IN,69892,US,555-0857,2025-12-04T12:09:16,2026-03-15T16:45:17
858,tina.dawson858@example.com,Tina,Dawson,179 Eric Heights Apt. 997,Nelsonhaven,MD,85741,US,555-0858,2021-07-27T05:44:57,2025-06-18T07:09:30
859,kevin.mayo859@example.com,Kevin,Mayo,086 James Mill Suite 447,Michealview,MD,74989,US,555-0859,2026-04-01T02:28:00,2026-04-29T16:18:32
860,joe.ryan860@example.com,Joe,Ryan,2776 Wolf Viaduct Suite 066,Jasonburgh,MD,50376,US,555-0860,2022-08-31T02:28:59,2025-07-07T13:24:09
861,lee.brown861@example.com,Lee,Brown,162 Gonzalez Parks Suite 744,Herrerachester,SD,68536,US,555-0861,2025-08-06T03:16:20,2025-09-23T03:46:08
862,scott.jones862@example.com,Scott,Jones,45651 Victoria Fork Suite 344,Velasquezborough,WI,14145,US,555-0862,2024-10-24T22:56:51,2025-10-03T16:55:18
863,emily.johnson863@example.com,Emily,Johnson,8510 David Parkway Apt. 414,Monicaberg,FL,62802,US,555-0863,2024-07-14T19:17:43,2025-04-09T01:34:13
864,joseph.camacho864@example.com,Joseph,Camacho,21320 Vaughn Cape Suite 294,Lake Peterhaven,AZ,68360,US,555-0864,2026-05-13T00:56:38,2026-06-07T21:36:20
865,vanessa.friedman865@example.com,Vanessa,Friedman,12200 Gordon Grove,Cabreramouth,MP,52752,US,555-0865,2026-02-07T16:08:17,2026-02-23T00:11:46
866,susan.haynes866@example.com,Susan,Haynes,831 Larry Inlet Suite 012,Harperfort,AS,23671,US,555-0866,2024-05-03T23:50:23,2026-05-24T08:59:55
867,randy.duke867@example.com,Randy,Duke,7406 Mccormick Lake Suite 453,South Johnchester,SC,56315,US,555-0867,2023-02-28T12:06:05,2026-03-07T19:35:09
868,jacqueline.rivera868@example.com,Jacqueline,Rivera,77312 Zhang Harbor,East Marcoton,OK,62802,US,555-0868,2024-10-12T23:16:29,2026-03-13T11:49:07
869,pamela.flores869@example.com,Pamela,Flores,911 Ashley Hills Suite 403,Crossport,HI,50414,US,555-0869,2022-05-04T18:24:41,2026-01-18T07:50:16
870,amy.green870@example.com,Amy,Green,83997 Wilkinson Rapid,Lutzchester,PW,32378,US,555-0870,2025-06-27T01:58:55,2025-08-20T01:14:18
871,jessica.chapman871@example.com,Jessica,Chapman,217 Tina Fork Apt. 080,Wileyfurt,TN,25285,US,555-0871,2025-10-20T01:06:13,2026-02-24T11:08:46
872,christina.garcia872@example.com,Christina,Garcia,472 Scott Orchard,New Elizabeth,MD,61606,US,555-0872,2023-01-29T22:53:01,2024-03-01T09:37:25
873,manuel.rodriguez873@example.com,Manuel,Rodriguez,70391 Mark Lodge Suite 141,East Rebecca,PW,31940,US,555-0873,2026-06-26T20:20:31,2026-06-29T15:28:47
874,james.schultz874@example.com,James,Schultz,4780 Anna Path,Hansonside,AL,53671,US,555-0874,2023-03-06T11:01:20,2023-10-21T23:17:51
875,christina.hatfield875@example.com,Christina,Hatfield,86417 Brown Roads,Rodriguezchester,NC,14275,US,555-0875,2026-03-03T23:50:00,2026-03-29T22:45:18
876,julie.benton876@example.com,Julie,Benton,266 Cole Plain,Bassshire,MP,85524,US,555-0876,2024-07-29T05:44:00,2025-11-22T11:04:48
877,courtney.charles877@example.com,Courtney,Charles,695 Hernandez Track,Port Josephhaven,PW,37841,US,555-0877,2026-06-29T12:11:27,2026-06-29T13:14:26
878,chelsea.smith878@example.com,Chelsea,Smith,9025 Mejia Land Apt. 626,New Ashleyville,MO,04711,US,555-0878,2025-12-18T20:09:12,2026-05-09T07:17:42
879,mary.johnson879@example.com,Mary,Johnson,8474 Angela Prairie,Charlenechester,AR,95788,US,555-0879,2022-01-19T06:15:04,2023-03-30T08:40:08
880,robert.rodriguez880@example.com,Robert,Rodriguez,6242 Alexander Rue Apt. 276,Port Annmouth,UT,92533,US,555-0880,2024-01-23T02:19:53,2025-09-01T14:30:26
881,cynthia.williams881@example.com,Cynthia,Williams,7740 Scott Landing,Donaldview,AR,60648,US,555-0881,2026-02-02T18:19:00,2026-06-11T07:21:20
882,chad.adkins882@example.com,Chad,Adkins,3317 Derek Vista Suite 337,South Jasmine,DE,28895,US,555-0882,2026-05-01T22:56:18,2026-06-06T22:47:42
883,kari.hamilton883@example.com,Kari,Hamilton,5257 Jeremy Views Suite 316,South Richard,MH,68345,US,555-0883,2025-09-10T10:35:37,2025-11-11T15:55:57
884,david.stevens884@example.com,David,Stevens,952 Jacob Shore,Wilsontown,WY,03684,US,555-0884,2026-04-09T06:01:25,2026-04-13T06:29:06
885,jennifer.cooper885@example.com,Jennifer,Cooper,330 Nelson Haven,New Jasonmouth,MP,36009,US,555-0885,2022-08-03T07:44:49,2022-10-05T23:20:26
886,larry.chapman886@example.com,Larry,Chapman,989 Hicks Path Apt. 703,Lindatown,IN,74913,US,555-0886,2024-05-30T11:24:53,2024-08-06T00:27:40
887,richard.barnes887@example.com,Richard,Barnes,5875 Vega Junction Apt. 959,East Maryhaven,VT,31394,US,555-0887,2024-06-15T18:40:26,2025-08-21T06:59:26
888,tracy.barnes888@example.com,Tracy,Barnes,160 Thompson Hill Suite 133,Maytown,WY,73835,US,555-0888,2022-06-17T04:11:13,2023-11-12T09:17:01
889,joseph.camacho889@example.com,Joseph,Camacho,739 Diaz Estate,East Cesar,MA,36311,US,555-0889,2024-07-04T04:42:12,2024-12-27T15:27:21
890,amanda.griffin890@example.com,Amanda,Griffin,126 Jeremy Park Apt. 731,Williamsfurt,MH,47161,US,555-0890,2021-07-24T10:31:37,2022-08-23T12:47:17
891,benjamin.randolph891@example.com,Benjamin,Randolph,0378 Allison Passage,Michellebury,DE,20253,US,555-0891,2025-11-07T15:36:50,2026-06-17T22:48:09
892,steven.santiago892@example.com,Steven,Santiago,06688 Nancy Estate Suite 904,East Jasonberg,DE,47936,US,555-0892,2024-08-16T02:43:41,2024-11-05T06:02:42
893,craig.mueller893@example.com,Craig,Mueller,4034 Cassidy Lake Suite 536,New Keithstad,SC,70302,US,555-0893,2026-03-19T13:27:02,2026-04-19T18:51:06
894,jacqueline.wilson894@example.com,Jacqueline,Wilson,39594 Sanchez Extensions,Kellybury,DE,27325,US,555-0894,2025-01-07T11:53:02,2025-09-18T09:18:38
895,ryan.davis895@example.com,Ryan,Davis,6830 Allen Club,South Samanthastad,OK,22681,US,555-0895,2025-07-25T04:58:45,2025-07-25T08:38:42
896,nicole.greene896@example.com,Nicole,Greene,44106 Sims Plains Suite 573,Matthewview,DE,28141,US,555-0896,2026-05-02T14:28:07,2026-06-25T09:12:48
897,david.wise897@example.com,David,Wise,316 Jennifer Route,Brianastad,HI,81701,US,555-0897,2026-02-17T07:35:03,2026-03-02T11:09:19
898,marilyn.long898@example.com,Marilyn,Long,8789 Sherry Union Suite 833,East Teresastad,WI,33789,US,555-0898,2025-11-08T05:44:43,2026-04-16T18:34:45
899,joseph.kelly899@example.com,Joseph,Kelly,459 Morrow Manor,Halestad,MO,23326,US,555-0899,2025-03-13T20:09:11,2026-01-05T09:27:11
900,chase.kelly900@example.com,Chase,Kelly,3286 Steven Shores,North Dennisshire,KY,46982,US,555-0900,2024-01-13T23:14:12,2026-01-09T12:47:54
901,raymond.logan901@example.com,Raymond,Logan,8613 Davis Glens,New Cynthia,KY,71809,US,555-0901,2025-11-29T03:46:07,2026-04-16T19:12:28
902,william.burns902@example.com,William,Burns,9509 Martin Row,Gamblehaven,PR,99344,US,555-0902,2026-03-28T08:35:54,2026-06-08T09:43:15
903,jessica.murray903@example.com,Jessica,Murray,6899 Sandoval Glens Apt. 304,North Patricia,MO,79429,US,555-0903,2022-10-13T16:57:05,2024-05-06T14:55:31
904,frank.clark904@example.com,Frank,Clark,83774 Shawn Center,New Brendashire,VT,83447,US,555-0904,2022-02-05T12:33:03,2024-03-31T03:02:35
905,eric.cook905@example.com,Eric,Cook,270 Nguyen Mill,East Rebecca,PW,56844,US,555-0905,2025-06-17T05:48:04,2026-03-09T07:12:33
906,kelly.figueroa906@example.com,Kelly,Figueroa,837 Bryan Union Suite 366,Port Keithberg,AR,02951,US,555-0906,2025-06-18T23:01:42,2026-01-18T17:03:48
907,shannon.melton907@example.com,Shannon,Melton,055 Joanne Neck Suite 026,Williamborough,AR,01957,US,555-0907,2026-06-23T09:47:46,2026-06-26T18:43:24
908,gregory.mitchell908@example.com,Gregory,Mitchell,700 Martinez Crossroad Suite 380,Hessburgh,IN,25562,US,555-0908,2026-02-14T07:06:49,2026-03-14T04:35:38
909,molly.fuentes909@example.com,Molly,Fuentes,7146 Amanda Cliffs,Lake Marychester,MP,35560,US,555-0909,2026-03-09T05:35:55,2026-04-07T08:08:35
910,jennifer.payne910@example.com,Jennifer,Payne,8472 Jose Common,Lake Staceyview,DE,32856,US,555-0910,2024-11-19T12:53:44,2025-06-18T03:23:08
911,justin.thompson911@example.com,Justin,Thompson,970 Cunningham Mews,Ramirezborough,KY,10533,US,555-0911,2026-05-31T03:31:31,2026-05-31T10:10:38
912,paul.sanders912@example.com,Paul,Sanders,10548 Kim Haven Apt. 721,Pittmanbury,AL,35264,US,555-0912,2025-12-12T08:37:37,2026-03-05T16:22:15
913,lindsey.evans913@example.com,Lindsey,Evans,927 Villanueva Forge,Stewartfurt,AZ,38212,US,555-0913,2023-11-16T12:41:26,2023-11-19T04:14:30
914,mia.washington914@example.com,Mia,Washington,87895 Jessica Valley,West Ronaldfurt,MH,73511,US,555-0914,2024-03-19T21:56:09,2025-07-03T01:19:49
915,christopher.rowe915@example.com,Christopher,Rowe,251 Scott Dale,South William,WI,72207,US,555-0915,2026-01-16T23:33:52,2026-05-12T10:55:41
916,katherine.brooks916@example.com,Katherine,Brooks,6794 Robyn Fort Suite 640,East Ryanshire,MO,72230,US,555-0916,2026-05-28T17:48:21,2026-06-15T21:01:04
917,sandra.heath917@example.com,Sandra,Heath,007 Dwayne Causeway,Lake Paul,MO,23823,US,555-0917,2025-12-23T13:14:20,2026-05-03T05:51:50
918,caroline.jackson918@example.com,Caroline,Jackson,5430 Cody Path Suite 627,Kellyfort,WI,14130,US,555-0918,2025-03-14T00:48:39,2025-03-14T00:57:37
919,stacy.brown919@example.com,Stacy,Brown,75633 Barker Well,New Kathyhaven,MS,67619,US,555-0919,2025-01-17T10:52:35,2025-02-17T20:54:18
920,john.bridges920@example.com,John,Bridges,07256 Jennifer Station Suite 941,West Ronaldfurt,AL,82657,US,555-0920,2026-06-14T12:33:07,2026-06-25T07:59:40
921,erika.davis921@example.com,Erika,Davis,6502 Kristin Highway,Cooperton,WI,37641,US,555-0921,2025-10-21T06:04:44,2026-05-11T09:08:17
922,jon.moreno922@example.com,Jon,Moreno,31599 Shah Crescent,New Kevin,AZ,29302,US,555-0922,2022-12-05T14:41:51,2025-06-27T08:06:45
923,corey.phillips923@example.com,Corey,Phillips,48527 Bell Lane,East Stacystad,MA,73574,US,555-0923,2022-01-12T19:15:08,2024-12-27T23:31:36
924,melissa.ellis924@example.com,Melissa,Ellis,14281 Tran Land,Port Theresastad,WI,80511,US,555-0924,2021-12-30T14:42:45,2025-03-06T09:49:05
925,donald.johnson925@example.com,Donald,Johnson,7612 Adrian Park,West Stephaniemouth,SD,05267,US,555-0925,2026-06-17T14:08:41,2026-06-26T18:26:07
926,amber.morris926@example.com,Amber,Morris,3882 Derek Gateway Suite 533,Austinburgh,IN,77621,US,555-0926,2022-03-10T23:01:09,2025-04-22T17:02:38
927,katie.ramirez927@example.com,Katie,Ramirez,98642 Anderson Ford,Fletcherburgh,PR,68590,US,555-0927,2023-04-30T02:43:39,2025-08-30T21:44:02
928,adam.roberts928@example.com,Adam,Roberts,24114 Anthony Lodge Suite 015,Williamborough,IL,20522,US,555-0928,2024-05-26T12:38:54,2024-07-22T02:42:50
929,ronald.davis929@example.com,Ronald,Davis,69999 Johnston Pine Apt. 283,Port Heathertown,MO,17900,US,555-0929,2025-04-29T19:13:57,2025-05-26T18:25:20
930,leah.nunez930@example.com,Leah,Nunez,0809 Schaefer River Suite 815,East Michael,MH,39604,US,555-0930,2026-03-16T00:43:33,2026-04-23T07:09:10
931,karen.travis931@example.com,Karen,Travis,398 Wade Flat,Christinemouth,PR,04322,US,555-0931,2024-10-01T22:15:58,2025-09-02T12:25:01
932,brian.chang932@example.com,Brian,Chang,4088 Kathleen Ville Suite 708,Joehaven,OH,39471,US,555-0932,2026-06-04T15:03:55,2026-06-23T23:27:01
933,chad.wheeler933@example.com,Chad,Wheeler,3743 Michael Light,East Sabrinaberg,MA,82521,US,555-0933,2026-06-23T04:12:01,2026-06-25T11:01:31
934,linda.parker934@example.com,Linda,Parker,4742 Rachel Flats Apt. 940,East Melissa,FL,95202,US,555-0934,2022-04-10T00:27:54,2023-06-08T05:52:11
935,martha.miller935@example.com,Martha,Miller,76557 Todd Wall Suite 852,Castillofurt,AS,39075,US,555-0935,2026-03-13T13:19:28,2026-06-06T07:10:51
936,linda.romero936@example.com,Linda,Romero,33021 Nicholas Burg Suite 501,East Kimland,AR,86729,US,555-0936,2022-06-04T21:07:28,2023-06-10T10:11:27
937,patrick.ramirez937@example.com,Patrick,Ramirez,37597 Hall Creek Apt. 600,Crystalborough,CT,40764,US,555-0937,2026-05-12T02:38:53,2026-06-21T05:47:01
938,justin.garcia938@example.com,Justin,Garcia,829 Reed Terrace,Sawyerbury,SD,13772,US,555-0938,2026-02-27T06:34:00,2026-03-21T00:18:06
939,eric.deleon939@example.com,Eric,Deleon,458 Katherine Valley Suite 203,South Jenny,KY,85105,US,555-0939,2026-04-26T20:52:16,2026-05-19T22:08:49
940,carlos.russell940@example.com,Carlos,Russell,22066 Graham Islands,New Jennifermouth,IN,92823,US,555-0940,2025-08-13T13:49:53,2025-12-20T02:10:13
941,cheyenne.taylor941@example.com,Cheyenne,Taylor,80839 Judith Throughway Suite 402,Lake Jennifer,ID,36880,US,555-0941,2022-10-28T18:04:36,2023-12-04T04:06:24
942,patricia.perry942@example.com,Patricia,Perry,816 Elizabeth Burg Apt. 988,North Scott,DE,22878,US,555-0942,2022-05-27T09:22:26,2022-06-01T09:47:18
943,vanessa.scott943@example.com,Vanessa,Scott,43968 Robertson Fords Suite 960,Pughside,PW,89848,US,555-0943,2025-04-22T01:11:06,2025-08-02T05:58:13
944,laura.johnston944@example.com,Laura,Johnston,50956 Riley Street Apt. 385,Banksmouth,MO,49534,US,555-0944,2024-04-02T00:31:28,2025-01-03T13:15:56
945,andrew.stevens945@example.com,Andrew,Stevens,462 Michael Roads Suite 841,New Heathermouth,AS,95547,US,555-0945,2026-06-12T21:18:49,2026-06-18T06:06:54
946,eric.martin946@example.com,Eric,Martin,82484 Meyer Trail,Millston,MP,70875,US,555-0946,2026-06-15T14:54:58,2026-06-26T21:59:55
947,charles.higgins947@example.com,Charles,Higgins,88550 Armstrong Groves Apt. 944,South Crystal,WI,30863,US,555-0947,2023-03-20T14:15:48,2023-05-16T07:30:20
948,matthew.dawson948@example.com,Matthew,Dawson,759 White Canyon,North Jonathanstad,PR,51120,US,555-0948,2025-09-02T08:48:22,2025-12-28T07:08:47
949,kyle.sanchez949@example.com,Kyle,Sanchez,00617 Jones Manor,Port George,AR,48397,US,555-0949,2023-08-17T05:34:51,2023-09-25T12:57:36
950,kevin.washington950@example.com,Kevin,Washington,6170 Garcia Run,Port Christine,IL,08668,US,555-0950,2025-08-16T02:24:10,2026-06-07T22:52:07
951,thomas.yu951@example.com,Thomas,Yu,4240 Christina Trafficway Suite 804,West Rachel,IL,48052,US,555-0951,2025-01-17T14:43:07,2026-03-11T03:35:12
952,donald.peterson952@example.com,Donald,Peterson,8444 Wheeler Haven,West Tina,WI,45384,US,555-0952,2024-07-24T15:30:09,2026-06-17T10:01:21
953,mitchell.bradford953@example.com,Mitchell,Bradford,779 Nathan Tunnel Suite 041,Patriciabury,TN,07173,US,555-0953,2025-06-12T15:15:37,2026-05-26T15:33:59
954,keith.green954@example.com,Keith,Green,1052 Reyes Pines,Samanthashire,VT,80533,US,555-0954,2025-09-17T08:32:48,2025-12-16T13:35:10
955,jeffrey.jones955@example.com,Jeffrey,Jones,3740 Simpson Tunnel Apt. 446,New Christopherville,DE,23161,US,555-0955,2025-09-20T10:18:34,2026-04-03T20:24:50
956,allison.tanner956@example.com,Allison,Tanner,04596 Eileen Camp,New Donberg,AZ,04443,US,555-0956,2026-05-26T23:09:39,2026-06-06T09:33:58
957,shawn.harris957@example.com,Shawn,Harris,857 Patricia Run Apt. 463,Hunterville,SD,62738,US,555-0957,2024-01-12T21:15:15,2026-03-21T11:44:15
958,amy.pena958@example.com,Amy,Pena,39431 Crystal Light Suite 430,Lake David,KY,50889,US,555-0958,2026-05-18T17:10:56,2026-06-05T02:01:17
959,barbara.yu959@example.com,Barbara,Yu,833 Beck Locks,Robertsborough,NM,26706,US,555-0959,2026-04-11T12:01:52,2026-05-11T09:12:46
960,joseph.bright960@example.com,Joseph,Bright,720 Jacqueline Lane Suite 686,Lake Elizabethmouth,SC,36577,US,555-0960,2025-08-12T17:26:23,2026-06-02T09:25:18
961,amanda.baldwin961@example.com,Amanda,Baldwin,680 Olivia Junction Apt. 267,East Kimberly,PR,69494,US,555-0961,2025-08-07T09:38:35,2026-05-07T16:18:43
962,sabrina.carter962@example.com,Sabrina,Carter,8509 Jennifer Knoll,Colinfort,MH,63257,US,555-0962,2025-10-08T13:57:32,2026-06-21T02:51:32
963,brandon.ayala963@example.com,Brandon,Ayala,30600 James Ferry Suite 550,East Jacob,UT,68530,US,555-0963,2023-02-04T05:35:37,2023-04-27T19:05:54
964,kimberly.green964@example.com,Kimberly,Green,90725 Randolph Flat,Dominiqueland,AZ,22086,US,555-0964,2026-01-17T17:53:47,2026-02-26T11:19:23
965,renee.green965@example.com,Renee,Green,70289 Ortiz Mews,East Desiree,AS,23537,US,555-0965,2022-08-29T12:23:12,2023-10-24T20:42:03
966,mark.davis966@example.com,Mark,Davis,9120 Blevins Freeway,South Nicole,AS,72998,US,555-0966,2024-10-05T14:10:45,2025-06-30T22:55:07
967,todd.york967@example.com,Todd,York,30696 White Tunnel Apt. 815,Perryside,AR,27616,US,555-0967,2024-12-10T11:50:31,2025-09-04T12:35:34
968,helen.wheeler968@example.com,Helen,Wheeler,073 Matthews Ridges,Port Feliciaburgh,MA,50231,US,555-0968,2024-08-13T13:43:50,2025-03-01T08:31:49
969,daniel.jones969@example.com,Daniel,Jones,0862 Christine Lakes Apt. 518,New Alexander,IL,66809,US,555-0969,2026-04-10T22:02:40,2026-06-13T05:15:18
970,wendy.hall970@example.com,Wendy,Hall,48067 Kennedy Course,Port Rebeccaton,MD,16625,US,555-0970,2024-09-07T13:12:58,2025-02-01T23:48:38
971,carla.hanna971@example.com,Carla,Hanna,19101 Nunez Mountain Apt. 912,Christianfurt,AR,78804,US,555-0971,2023-03-27T06:56:38,2025-07-03T15:21:29
972,deborah.mitchell972@example.com,Deborah,Mitchell,671 Oscar Rapids,East Adam,ID,72039,US,555-0972,2024-03-15T22:38:58,2026-02-26T01:40:45
973,jeffrey.harmon973@example.com,Jeffrey,Harmon,166 Henry Wall Apt. 304,New Maryborough,AS,86926,US,555-0973,2026-06-14T18:20:33,2026-06-23T23:05:21
974,maria.davis974@example.com,Maria,Davis,06138 Cook Vista Suite 602,Oliviaborough,NC,26874,US,555-0974,2025-10-11T01:36:33,2026-01-11T19:59:26
975,rachel.marshall975@example.com,Rachel,Marshall,380 Moore Islands Apt. 230,East Alec,SD,89690,US,555-0975,2026-06-28T16:31:11,2026-06-28T22:26:04
976,scott.austin976@example.com,Scott,Austin,2364 Montgomery Trace Apt. 499,Ibarrahaven,NC,25107,US,555-0976,2025-11-04T19:24:50,2025-12-06T16:11:28
977,miranda.house977@example.com,Miranda,House,6178 Maxwell Stravenue Apt. 023,North Theresa,MS,47091,US,555-0977,2026-05-23T04:36:11,2026-06-20T07:51:53
978,michele.sanford978@example.com,Michele,Sanford,53641 Carter Coves,Davidton,VT,78477,US,555-0978,2025-06-09T06:33:49,2025-12-07T05:31:23
979,patricia.love979@example.com,Patricia,Love,240 Mccarthy Fall,West Katherineshire,KY,58325,US,555-0979,2026-06-28T03:36:21,2026-06-28T05:39:43
980,mary.green980@example.com,Mary,Green,838 Janice Walks Suite 648,Cooperton,PR,11061,US,555-0980,2022-02-16T16:38:51,2026-06-04T05:38:43
981,elizabeth.bowers981@example.com,Elizabeth,Bowers,77312 Zhang Harbor,New Emily,PW,79651,US,555-0981,2025-12-20T03:57:21,2026-04-27T22:39:55
982,joshua.hodge982@example.com,Joshua,Hodge,0063 Jimmy Rapids,Michelleville,UT,18042,US,555-0982,2023-08-01T00:32:34,2026-01-15T05:07:48
983,jessica.baldwin983@example.com,Jessica,Baldwin,29771 Malik Lodge,Lake Peterhaven,MS,72199,US,555-0983,2026-04-02T12:27:34,2026-05-11T06:58:15
984,brian.stevens984@example.com,Brian,Stevens,7701 Lambert Mountain Apt. 682,Lake Leah,DE,07926,US,555-0984,2023-11-28T02:59:46,2026-05-18T21:28:53
985,william.fuentes985@example.com,William,Fuentes,42770 Calvin Tunnel Apt. 861,Kimton,WY,64242,US,555-0985,2025-11-19T14:32:03,2026-01-02T23:29:31
986,lindsey.garcia986@example.com,Lindsey,Garcia,941 Daniel Pines,New Tonya,ID,48445,US,555-0986,2024-08-05T01:07:12,2024-12-11T12:32:23
987,gina.smith987@example.com,Gina,Smith,66123 Mitchell Causeway Suite 794,Lake Travis,AR,38780,US,555-0987,2022-02-13T14:07:35,2026-01-05T19:40:00
988,brandon.taylor988@example.com,Brandon,Taylor,45025 Walker Falls,Lake Rachel,AR,25620,US,555-0988,2024-04-17T04:42:56,2026-04-03T23:04:59
989,amanda.fry989@example.com,Amanda,Fry,51436 Mayer Key Suite 835,Dawnshire,VT,62058,US,555-0989,2026-05-28T18:10:55,2026-06-13T20:19:56
990,vincent.bauer990@example.com,Vincent,Bauer,772 Patrick Path Apt. 053,Millston,MP,73715,US,555-0990,2022-07-02T19:45:17,2023-01-02T05:48:17
991,kaitlyn.lopez991@example.com,Kaitlyn,Lopez,49189 Sara Creek,Tanyaborough,PR,92303,US,555-0991,2023-10-21T15:05:32,2024-08-16T11:09:09
992,nicholas.garcia992@example.com,Nicholas,Garcia,447 Karen Loop,Myersmouth,PR,60319,US,555-0992,2022-10-21T05:10:10,2025-08-02T15:36:26
993,sandra.glover993@example.com,Sandra,Glover,75442 Adam Club Suite 069,East Benjaminborough,HI,21671,US,555-0993,2022-06-21T22:09:12,2025-11-15T18:00:22
994,brittney.gregory994@example.com,Brittney,Gregory,160 Jennifer Crest,Williamton,AR,85085,US,555-0994,2026-02-25T04:39:06,2026-04-09T13:59:55
995,kevin.cherry995@example.com,Kevin,Cherry,5650 John Rue Suite 911,Bautistaton,UT,41217,US,555-0995,2025-12-14T07:16:17,2025-12-26T09:48:30
996,brian.simpson996@example.com,Brian,Simpson,04603 Copeland Station,Margaretborough,DE,01102,US,555-0996,2023-08-05T02:09:04,2025-07-10T16:48:21
997,donna.freeman997@example.com,Donna,Freeman,182 Deborah Overpass Apt. 669,Robertbury,ID,31434,US,555-0997,2026-06-24T06:24:29,2026-06-28T12:09:24
998,joshua.chapman998@example.com,Joshua,Chapman,41365 David Passage,North William,NH,84775,US,555-0998,2025-12-30T11:38:39,2026-03-17T10:48:10
999,daniel.chang999@example.com,Daniel,Chang,42619 Jamie Divide,Jenniferhaven,AS,70674,US,555-0999,2025-11-17T01:46:24,2026-03-28T05:27:59
1000,shelby.beck1000@example.com,Shelby,Beck,39218 Michael Ferry,Harrishaven,VT,52819,US,555-1000,2022-09-28T13:45:47,2026-06-12T16:38:44
1001,jessica.green1001@example.com,Jessica,Green,562 Gonzalez Ports Apt. 686,West Amberfurt,MP,40867,US,555-1001,2022-01-22T06:54:14,2023-02-23T02:45:28
1002,paige.morgan1002@example.com,Paige,Morgan,342 Spencer Hollow,Lake Gerald,KS,85982,US,555-1002,2026-05-21T14:42:53,2026-06-13T04:20:31
1003,jorge.mercado1003@example.com,Jorge,Mercado,7347 Clark Street,Changshire,ID,99433,US,555-1003,2025-04-04T07:56:59,2026-01-05T06:47:28
1004,keith.kim1004@example.com,Keith,Kim,4246 Michele Streets,New Steven,IN,32090,US,555-1004,2023-10-29T06:08:43,2025-04-16T11:52:45
1005,julie.welch1005@example.com,Julie,Welch,150 Gay Hill Suite 318,Skinnerport,MH,39891,US,555-1005,2025-11-29T00:52:35,2026-06-02T03:06:17
1006,xavier.perez1006@example.com,Xavier,Perez,322 Krueger Gateway,Nealhaven,AZ,32732,US,555-1006,2025-01-28T23:26:00,2025-12-07T18:42:34
1007,daniel.pugh1007@example.com,Daniel,Pugh,17536 Travis Brooks,Samanthaside,FL,91821,US,555-1007,2026-03-26T02:39:33,2026-05-13T19:29:13
1008,troy.holland1008@example.com,Troy,Holland,9465 Brandi Ridge Suite 240,Amandaside,MP,26234,US,555-1008,2023-07-23T19:07:33,2023-12-02T16:39:21
1009,amy.gonzales1009@example.com,Amy,Gonzales,064 Richard Knolls Suite 421,Darrylport,SD,01811,US,555-1009,2023-08-15T10:07:13,2025-08-22T11:52:31
1010,david.miller1010@example.com,David,Miller,5872 Robert Inlet,Lake Keithtown,WY,07206,US,555-1010,2025-07-26T21:37:05,2025-09-09T13:35:15
1011,steven.davis1011@example.com,Steven,Davis,722 Jeremy Fords Apt. 784,Wardmouth,VT,97384,US,555-1011,2025-11-18T21:35:11,2025-11-24T19:51:09
1012,jeremy.sutton1012@example.com,Jeremy,Sutton,068 Jeffery Forges Apt. 016,Port Ruthbury,PR,49841,US,555-1012,2026-02-21T05:51:04,2026-04-25T03:29:06
1013,tracey.simpson1013@example.com,Tracey,Simpson,7702 Moore Mount Suite 760,East April,PR,62994,US,555-1013,2026-06-20T15:12:41,2026-06-25T23:53:26
1014,christopher.fuller1014@example.com,Christopher,Fuller,4260 Floyd Pines,Davidton,WI,29855,US,555-1014,2024-12-13T18:59:29,2026-06-29T11:12:49
1015,kathleen.arnold1015@example.com,Kathleen,Arnold,6253 Munoz Turnpike Apt. 983,Ericview,PR,72174,US,555-1015,2022-09-01T19:26:04,2025-05-24T01:34:45
1016,richard.jackson1016@example.com,Richard,Jackson,6342 Larry Estate,New Jasonburgh,DE,32797,US,555-1016,2026-06-02T22:28:20,2026-06-25T21:39:18
1017,john.diaz1017@example.com,John,Diaz,58690 Shawn Causeway,East Kimberly,UT,47357,US,555-1017,2025-08-27T07:37:43,2025-12-11T13:10:23
1018,william.weaver1018@example.com,William,Weaver,8319 Duran Road,New Jason,NM,28638,US,555-1018,2022-08-11T19:51:07,2024-08-02T13:20:50
1019,justin.hopkins1019@example.com,Justin,Hopkins,49221 Dawn Cove Suite 299,Bellborough,MO,65744,US,555-1019,2023-03-08T12:20:23,2026-05-29T21:05:20
1020,melvin.bush1020@example.com,Melvin,Bush,564 Julia Shores Apt. 405,Larryview,NC,11909,US,555-1020,2023-11-09T18:31:02,2024-12-15T19:29:23
1021,david.thomas1021@example.com,David,Thomas,266 Dustin Shoals Suite 776,Mitchellberg,VT,54123,US,555-1021,2026-06-29T13:02:49,2026-06-29T21:53:21
1022,kayla.buckley1022@example.com,Kayla,Buckley,190 David Cliff Apt. 678,New Mary,PW,30935,US,555-1022,2024-03-20T14:10:11,2025-05-31T21:40:02
1023,randy.jackson1023@example.com,Randy,Jackson,33305 Erika Walks Apt. 662,Port Mary,IN,55521,US,555-1023,2026-01-18T15:50:57,2026-02-24T00:26:17
1024,emily.hamilton1024@example.com,Emily,Hamilton,022 Christopher Motorway Suite 106,Lake Sarahmouth,UT,30840,US,555-1024,2023-08-06T22:41:48,2025-04-12T01:26:35
1025,gregory.johnson1025@example.com,Gregory,Johnson,166 Henry Wall Apt. 304,Lake Karen,KS,13772,US,555-1025,2026-03-31T11:55:13,2026-04-20T05:34:06
1026,kenneth.henry1026@example.com,Kenneth,Henry,834 Kimberly Alley Suite 433,Williamsfurt,ID,52474,US,555-1026,2026-06-29T23:32:44,2026-06-29T23:32:48
1027,marcus.franco1027@example.com,Marcus,Franco,678 Carrie Lakes,Marisashire,MS,74682,US,555-1027,2025-03-23T02:50:30,2025-07-10T13:06:33
1028,angela.palmer1028@example.com,Angela,Palmer,6187 Johns Glens,Ericashire,AS,19302,US,555-1028,2026-01-28T20:42:42,2026-02-27T05:56:07
1029,luis.lane1029@example.com,Luis,Lane,798 Stevenson Corner Suite 305,North Heidi,OH,17134,US,555-1029,2024-10-12T17:22:47,2025-06-01T15:39:10
1030,anthony.cherry1030@example.com,Anthony,Cherry,97975 Hunt Turnpike,North Jeremyton,OH,25505,US,555-1030,2026-02-08T12:12:52,2026-06-14T05:41:56
1031,madison.reyes1031@example.com,Madison,Reyes,16696 Acosta Inlet Apt. 330,West Gloria,NH,72913,US,555-1031,2023-06-27T02:25:48,2024-08-26T07:30:00
1032,desiree.lester1032@example.com,Desiree,Lester,55872 Michelle Summit Suite 062,Port Robertmouth,NM,78831,US,555-1032,2025-04-02T03:36:12,2026-04-20T17:43:20
1033,stephen.vargas1033@example.com,Stephen,Vargas,3649 Garcia Circle Suite 799,Lake Michaelview,AL,07229,US,555-1033,2026-03-04T14:43:54,2026-05-08T20:02:33
1034,jeffery.ferguson1034@example.com,Jeffery,Ferguson,155 Scott Haven,West Stephaniemouth,NM,38512,US,555-1034,2023-12-04T10:07:18,2023-12-11T13:38:58
1035,morgan.williams1035@example.com,Morgan,Williams,39278 Wise Oval,Millerview,KY,61567,US,555-1035,2022-05-18T16:14:34,2023-02-26T09:49:03
1036,kayla.brandt1036@example.com,Kayla,Brandt,5003 Cassie Brook,Christianfurt,MS,07605,US,555-1036,2022-06-20T22:58:14,2026-03-20T23:25:07
1037,robert.armstrong1037@example.com,Robert,Armstrong,35284 Green Motorway Apt. 500,New Kellyview,FL,79926,US,555-1037,2021-09-19T04:59:09,2024-08-08T08:45:26
1038,sharon.walker1038@example.com,Sharon,Walker,50743 Brandon Flats Suite 007,Rossshire,HI,04603,US,555-1038,2024-02-05T23:58:42,2026-04-29T08:28:57
1039,bryan.moreno1039@example.com,Bryan,Moreno,25623 Aguilar Crescent,West Daniel,UT,96684,US,555-1039,2024-08-14T16:06:27,2025-03-14T21:29:07
1040,brian.cunningham1040@example.com,Brian,Cunningham,1950 Michael Drives,Boothtown,PW,13951,US,555-1040,2026-06-19T14:15:15,2026-06-27T01:12:45
1041,gina.perez1041@example.com,Gina,Perez,5203 Sheila Spring,Velasquezborough,ID,66903,US,555-1041,2026-03-30T18:26:58,2026-06-09T04:50:15
1042,marie.wise1042@example.com,Marie,Wise,6178 Maxwell Stravenue Apt. 023,Catherinefurt,IN,02545,US,555-1042,2026-01-11T23:04:41,2026-06-25T21:24:54
1043,melvin.brown1043@example.com,Melvin,Brown,802 Bray Run,East Joshuaside,AL,93352,US,555-1043,2025-01-19T06:11:52,2025-01-28T19:58:52
1044,wendy.phillips1044@example.com,Wendy,Phillips,8739 Hood Harbors,Bautistaton,OK,34036,US,555-1044,2023-02-12T08:25:32,2026-05-02T01:51:35
1045,jack.watson1045@example.com,Jack,Watson,5359 Reed Fields,New Shawn,MS,50017,US,555-1045,2025-06-15T15:06:42,2025-11-11T04:29:48
1046,adam.ellis1046@example.com,Adam,Ellis,990 Kathleen Dam Apt. 887,New Jamesmouth,IL,81804,US,555-1046,2026-03-08T05:43:56,2026-06-11T13:40:33
1047,madeline.browning1047@example.com,Madeline,Browning,512 James Way,Crystalfort,OK,83986,US,555-1047,2025-09-21T07:56:11,2026-02-21T18:13:49
1048,michelle.walter1048@example.com,Michelle,Walter,2200 Mitchell Mews Suite 597,East Stacystad,IL,68343,US,555-1048,2026-06-27T16:24:59,2026-06-28T23:48:05
1049,michael.green1049@example.com,Michael,Green,287 Cooper Mission Suite 552,Davisborough,MA,12132,US,555-1049,2026-02-24T10:05:43,2026-04-10T13:13:33
1050,rodney.sanders1050@example.com,Rodney,Sanders,7281 Jeffery Lakes Suite 798,East Michele,KS,86651,US,555-1050,2026-06-26T18:49:45,2026-06-29T10:45:47
1051,adam.smith1051@example.com,Adam,Smith,068 Sanchez Streets,South Kimberlyburgh,DE,22044,US,555-1051,2025-02-25T15:16:32,2025-07-04T20:02:31
1052,william.cruz1052@example.com,William,Cruz,9137 Robert Islands Apt. 942,Williamborough,IL,13084,US,555-1052,2022-03-13T16:24:12,2024-04-24T03:59:03
1053,ryan.hawkins1053@example.com,Ryan,Hawkins,251 Christopher Prairie Apt. 359,Bassmouth,MA,33367,US,555-1053,2025-08-11T18:04:54,2026-02-08T06:25:31
1054,chelsea.price1054@example.com,Chelsea,Price,1767 Barbara Parkways Suite 259,North Kevin,MO,75116,US,555-1054,2023-08-26T16:01:16,2025-10-05T15:37:51
1055,makayla.hancock1055@example.com,Makayla,Hancock,16049 Smith Garden,Lake James,NM,16676,US,555-1055,2024-02-16T20:31:33,2025-03-30T09:59:40
1056,erica.velez1056@example.com,Erica,Velez,7125 Amanda Pines,Kelseystad,PW,12830,US,555-1056,2024-07-28T07:19:37,2025-11-17T15:44:55
1057,william.sandoval1057@example.com,William,Sandoval,9610 Lamb Ranch Suite 374,New Carlos,AS,96158,US,555-1057,2023-01-06T16:13:08,2024-09-14T03:45:32
1058,donald.morris1058@example.com,Donald,Morris,0786 Kelly Freeway Suite 660,East Wandaburgh,DE,50026,US,555-1058,2024-11-13T07:19:59,2025-12-09T17:46:23
1059,anthony.rhodes1059@example.com,Anthony,Rhodes,7599 Wolfe Brooks Suite 290,Aaronfurt,ID,86729,US,555-1059,2024-07-21T19:59:14,2025-11-11T05:44:18
1060,angela.blair1060@example.com,Angela,Blair,0041 Mark Summit,New Jackie,PR,44370,US,555-1060,2025-11-30T15:45:12,2026-04-29T14:12:57
1061,stuart.taylor1061@example.com,Stuart,Taylor,4520 Jon Route Suite 350,Jasonview,KY,55878,US,555-1061,2023-09-26T16:49:35,2026-01-03T00:14:30
1062,brandon.moore1062@example.com,Brandon,Moore,9769 Melissa Square Apt. 514,South Jeremiahberg,AS,76150,US,555-1062,2026-04-23T14:22:50,2026-05-30T01:03:49
1063,stephen.sanchez1063@example.com,Stephen,Sanchez,06732 Holly Corners,Justintown,PW,10751,US,555-1063,2023-12-13T16:02:36,2024-06-10T06:54:40
1064,david.levine1064@example.com,David,Levine,4446 Washington Path,Adamstown,MO,64616,US,555-1064,2021-09-16T03:52:37,2024-12-17T01:32:04
1065,crystal.campbell1065@example.com,Crystal,Campbell,14719 Perkins Port,Port Annmouth,NC,13190,US,555-1065,2026-02-26T04:35:19,2026-03-07T17:44:17
1066,jennifer.johnston1066@example.com,Jennifer,Johnston,96839 Benitez Terrace Suite 226,Jimenezberg,PW,65116,US,555-1066,2023-09-28T20:26:50,2024-05-05T22:25:12
1067,russell.freeman1067@example.com,Russell,Freeman,360 Matthew Turnpike Apt. 150,North Troy,AR,10230,US,555-1067,2023-08-22T19:56:35,2025-11-25T09:25:56
1068,ryan.jones1068@example.com,Ryan,Jones,85514 Allison Walks,Hoffmanborough,SD,41188,US,555-1068,2026-06-20T12:31:47,2026-06-24T15:29:42
1069,albert.gibbs1069@example.com,Albert,Gibbs,744 Hudson Glen,North Pamelabury,MA,50562,US,555-1069,2024-03-23T04:17:05,2025-05-09T23:14:15
1070,shawn.burgess1070@example.com,Shawn,Burgess,81291 Walker Run Apt. 496,Lake Benjamin,UT,44894,US,555-1070,2025-03-08T20:10:25,2026-06-23T23:22:09
1071,jeffery.alexander1071@example.com,Jeffery,Alexander,570 Jonathan Crossing,Port Zacharybury,UT,22001,US,555-1071,2025-05-24T01:10:34,2025-08-26T13:50:37
1072,gary.pittman1072@example.com,Gary,Pittman,6008 Collins Green,Harristown,PR,20886,US,555-1072,2022-08-30T13:23:07,2022-09-26T22:05:45
1073,thomas.weber1073@example.com,Thomas,Weber,612 Cassie Pass Apt. 087,West Joseph,VT,85085,US,555-1073,2025-12-25T03:43:12,2026-01-14T23:08:45
1074,teresa.huang1074@example.com,Teresa,Huang,41703 Moran Falls,North Patriciaton,VT,81701,US,555-1074,2021-09-15T15:58:17,2022-11-17T03:16:35
1075,krista.hunter1075@example.com,Krista,Hunter,71970 Good Hill Suite 540,New Heatherton,AR,11068,US,555-1075,2025-03-13T12:54:51,2026-02-20T05:36:20
1076,michael.carter1076@example.com,Michael,Carter,26135 Justin Islands Suite 561,Davischester,IN,66341,US,555-1076,2026-06-19T04:47:16,2026-06-27T13:53:25
1077,taylor.cross1077@example.com,Taylor,Cross,387 Jason Canyon,Lake Rachelview,AS,40083,US,555-1077,2026-06-14T21:25:35,2026-06-23T10:27:27
1078,collin.christian1078@example.com,Collin,Christian,24817 Shawn Extension,West Samuelport,VT,81000,US,555-1078,2023-02-13T21:42:07,2023-12-25T03:29:59
1079,samuel.mcdaniel1079@example.com,Samuel,Mcdaniel,00770 Sean Track Apt. 759,New Colleen,AR,99926,US,555-1079,2023-07-25T05:40:43,2025-02-02T21:34:10
1080,melissa.matthews1080@example.com,Melissa,Matthews,740 Matthew Green,Lake Jessicaville,KY,10226,US,555-1080,2024-01-18T21:39:55,2024-02-01T06:16:13
1081,jessica.hernandez1081@example.com,Jessica,Hernandez,4639 Smith Hill Suite 570,West Lucas,HI,24359,US,555-1081,2026-06-16T03:13:09,2026-06-25T14:06:34
1082,matthew.stephens1082@example.com,Matthew,Stephens,3946 Ryan Rue,Dennisburgh,MD,60261,US,555-1082,2024-06-22T16:42:50,2025-09-18T14:53:05
1083,nicole.steele1083@example.com,Nicole,Steele,96386 Christina Lock Apt. 962,Lopezborough,OK,09932,US,555-1083,2021-07-15T12:09:43,2021-08-23T23:15:41
1084,gary.hunt1084@example.com,Gary,Hunt,079 Butler Garden,Nataliefort,AL,09719,US,555-1084,2023-08-05T12:04:11,2025-12-18T02:59:04
1085,micheal.murray1085@example.com,Micheal,Murray,7932 Michael Underpass,Port Carolshire,MA,08883,US,555-1085,2026-03-08T05:05:45,2026-06-03T01:56:25
1086,john.terry1086@example.com,John,Terry,017 Teresa Light,Lake Marychester,AS,89322,US,555-1086,2023-06-27T04:22:37,2024-05-30T20:44:14
1087,scott.wilkinson1087@example.com,Scott,Wilkinson,2962 Gina Brook,New Darrellfurt,FL,76581,US,555-1087,2026-06-21T08:56:05,2026-06-26T20:29:56
1088,marc.anderson1088@example.com,Marc,Anderson,72980 Boyd Land,East Matthewville,AZ,97085,US,555-1088,2026-01-09T23:28:38,2026-04-22T20:19:07
1089,virginia.newton1089@example.com,Virginia,Newton,022 Foster Lock Suite 132,Gibsonland,NH,05767,US,555-1089,2022-05-17T19:16:25,2022-12-19T04:11:08
1090,julie.dunlap1090@example.com,Julie,Dunlap,8723 Singleton Lane,Carmenfurt,AS,08566,US,555-1090,2023-05-25T20:45:42,2023-12-30T11:13:04
1091,ashlee.wilson1091@example.com,Ashlee,Wilson,78449 Amber Flat,Lake Danaville,MD,28512,US,555-1091,2023-06-23T05:52:33,2025-07-15T15:41:39
1092,kimberly.conner1092@example.com,Kimberly,Conner,61840 Nathaniel Via,Clarkchester,MO,92378,US,555-1092,2024-05-14T19:44:19,2026-05-09T10:10:57
1093,daniel.spencer1093@example.com,Daniel,Spencer,731 Miranda Station Apt. 583,New Timothyfort,MS,97543,US,555-1093,2022-09-22T20:02:58,2024-11-23T21:32:22
1094,kathryn.johnson1094@example.com,Kathryn,Johnson,0170 Ricky Cape Suite 423,West Richard,WI,70054,US,555-1094,2026-01-26T18:08:55,2026-04-24T08:06:30
1095,christopher.lopez1095@example.com,Christopher,Lopez,2189 Samantha Estate,South Jessicashire,PW,19565,US,555-1095,2022-02-09T05:12:27,2024-12-11T01:27:27
1096,colleen.howard1096@example.com,Colleen,Howard,34607 Frey Mall,North Arthur,KY,45254,US,555-1096,2023-05-22T19:10:57,2024-10-03T12:05:02
1097,aaron.graves1097@example.com,Aaron,Graves,09001 Davila Stravenue Suite 463,Natashastad,VT,57625,US,555-1097,2026-06-16T22:33:15,2026-06-17T15:32:03
1098,daniel.bennett1098@example.com,Daniel,Bennett,44693 Michelle Mill Apt. 947,North Kayla,UT,14810,US,555-1098,2023-03-11T12:36:06,2024-07-01T21:31:42
1099,sheila.james1099@example.com,Sheila,James,1621 Lewis Mountains Apt. 387,South Jordan,SD,79926,US,555-1099,2024-11-20T18:40:37,2026-05-02T12:36:58
1100,christopher.haynes1100@example.com,Christopher,Haynes,20005 Julie Plains Suite 386,New Jose,AR,34687,US,555-1100,2024-12-06T19:21:46,2026-03-10T18:46:03
1101,kenneth.mcneil1101@example.com,Kenneth,Mcneil,82856 Matthew Ports,Ashleyfort,AR,12657,US,555-1101,2023-02-24T23:56:30,2026-04-02T09:12:57
1102,maria.wilson1102@example.com,Maria,Wilson,07290 Ruiz Valleys,Hansenmouth,HI,29390,US,555-1102,2025-11-06T22:11:40,2025-12-12T20:26:25
1103,charles.garcia1103@example.com,Charles,Garcia,52731 Karen Ferry,Chadview,NC,88395,US,555-1103,2026-06-19T10:21:32,2026-06-24T18:41:26
1104,tim.wilson1104@example.com,Tim,Wilson,39123 Murray Lakes Suite 133,Danielside,AR,13700,US,555-1104,2021-11-18T03:51:53,2024-07-30T08:00:41
1105,phillip.love1105@example.com,Phillip,Love,91796 Evans Meadow Apt. 332,Johnburgh,AZ,81493,US,555-1105,2021-11-18T04:25:12,2022-11-06T20:52:47
1106,jeffrey.keller1106@example.com,Jeffrey,Keller,0075 Roger Summit,Lake Paul,SC,30322,US,555-1106,2023-06-28T23:35:00,2024-02-04T10:48:41
1107,cynthia.murray1107@example.com,Cynthia,Murray,5906 Smith Burg Suite 248,North Samantha,PR,12076,US,555-1107,2023-05-28T11:20:23,2025-10-27T00:26:09
1108,amy.johnson1108@example.com,Amy,Johnson,0621 Alyssa Bypass,Lake Troy,MH,19600,US,555-1108,2023-04-14T17:42:20,2025-06-10T07:47:06
1109,kelly.sellers1109@example.com,Kelly,Sellers,6187 Johns Glens,East Matthewville,FL,70619,US,555-1109,2021-07-27T09:29:58,2024-10-03T10:19:14
1110,mark.tucker1110@example.com,Mark,Tucker,22283 Michael Hill Suite 685,Walkerport,AS,14998,US,555-1110,2026-06-16T10:54:56,2026-06-20T01:42:32
1111,melissa.mercado1111@example.com,Melissa,Mercado,2718 Evans Village,Marybury,OH,15292,US,555-1111,2026-06-25T09:07:01,2026-06-27T17:18:32
1112,jonathan.morgan1112@example.com,Jonathan,Morgan,0586 Bauer Centers,South Jenniferhaven,WI,90316,US,555-1112,2026-02-14T06:46:03,2026-02-17T09:54:42
1113,joshua.walker1113@example.com,Joshua,Walker,11682 Christopher Overpass,Paulamouth,MP,70875,US,555-1113,2024-09-22T09:27:02,2024-12-15T06:54:21
1114,gary.hodge1114@example.com,Gary,Hodge,44773 Keith Green,Lake Amyberg,MP,26995,US,555-1114,2023-08-03T17:21:55,2025-02-03T17:32:37
1115,jennifer.walker1115@example.com,Jennifer,Walker,48308 Kenneth Fords,Kyleland,VT,88336,US,555-1115,2025-02-19T23:47:42,2025-07-23T06:45:54
1116,tracy.evans1116@example.com,Tracy,Evans,47189 Pitts Lock Apt. 177,Leachmouth,MD,60973,US,555-1116,2024-03-24T18:46:15,2026-06-01T14:26:01
1117,carlos.jackson1117@example.com,Carlos,Jackson,7347 Clark Street,Alvaradomouth,NH,56836,US,555-1117,2025-06-25T05:41:20,2025-12-16T13:47:27
1118,james.robinson1118@example.com,James,Robinson,811 Dickson Lake,North Denise,AR,11068,US,555-1118,2025-05-15T17:27:14,2025-06-19T00:16:19
1119,courtney.mcconnell1119@example.com,Courtney,Mcconnell,55817 Mallory Mountain Apt. 116,West Dianafurt,MS,68614,US,555-1119,2025-10-25T04:37:58,2025-10-29T14:44:51
1120,gary.castro1120@example.com,Gary,Castro,0468 Jones Corners Suite 576,South Monicaborough,PR,47049,US,555-1120,2024-08-28T10:37:47,2025-12-27T18:28:23
1121,cameron.williams1121@example.com,Cameron,Williams,1116 Michelle Mountains,West Melissa,SD,23900,US,555-1121,2026-06-01T14:26:28,2026-06-06T11:19:58
1122,lauren.dixon1122@example.com,Lauren,Dixon,3543 Moore Fort,Anneborough,AS,91586,US,555-1122,2026-06-18T01:39:45,2026-06-20T07:26:24
1123,christopher.hill1123@example.com,Christopher,Hill,654 Justin Stream,West Austinport,DE,46354,US,555-1123,2025-03-30T05:22:23,2025-10-09T19:24:48
1124,kenneth.thomas1124@example.com,Kenneth,Thomas,21312 Brown Ports,Jonesport,AZ,24664,US,555-1124,2025-11-12T23:20:51,2026-01-12T10:47:48
1125,brian.grant1125@example.com,Brian,Grant,60673 Velez Pines Apt. 141,South Nicole,AS,98329,US,555-1125,2025-11-09T13:16:21,2026-04-01T20:59:16
1126,amanda.morrison1126@example.com,Amanda,Morrison,123 Kane Crescent,New Shelleyburgh,AR,03531,US,555-1126,2022-06-07T19:37:44,2024-05-28T04:31:10
1127,michael.morris1127@example.com,Michael,Morris,981 Ryan Park,West Kathleen,NV,28415,US,555-1127,2021-07-15T13:02:13,2022-02-02T07:40:22
1128,brenda.harris1128@example.com,Brenda,Harris,217 Tina Fork Apt. 080,Hickmanland,AS,29491,US,555-1128,2024-08-03T05:52:36,2026-01-31T05:34:34
1129,darlene.sandoval1129@example.com,Darlene,Sandoval,73281 Thomas Ridges Apt. 087,Lake Heatherstad,OH,55866,US,555-1129,2026-05-14T15:08:46,2026-06-03T09:03:53
1130,laurie.wright1130@example.com,Laurie,Wright,9673 Salazar Key Suite 727,Alyssaport,MP,56762,US,555-1130,2023-06-04T06:16:37,2025-04-19T10:59:21
1131,sabrina.bates1131@example.com,Sabrina,Bates,2169 Mccann Loop Apt. 093,Lake Heatherstad,IN,83599,US,555-1131,2024-12-06T05:35:37,2024-12-08T11:35:50
1132,james.jackson1132@example.com,James,Jackson,3922 Beth Corner,North Scott,MD,41909,US,555-1132,2023-08-14T18:34:03,2025-06-02T15:15:04
1133,daniel.mccoy1133@example.com,Daniel,Mccoy,894 Karina Lock,Jonmouth,NH,73691,US,555-1133,2024-06-25T22:33:22,2025-01-19T13:38:51
1134,michael.jones1134@example.com,Michael,Jones,53550 Davis Fords,New Ericville,NV,37114,US,555-1134,2026-06-07T18:21:48,2026-06-18T18:10:39
1135,margaret.morgan1135@example.com,Margaret,Morgan,87721 Shane Junction Apt. 400,North Randy,KY,85272,US,555-1135,2024-05-10T16:24:18,2024-12-28T23:59:45
1136,carrie.garza1136@example.com,Carrie,Garza,057 Ashley Street Apt. 898,Elizabethport,MO,67012,US,555-1136,2024-06-01T21:52:58,2026-06-27T03:58:03
1137,madeline.jackson1137@example.com,Madeline,Jackson,8730 Cohen Prairie,Melissaport,UT,72149,US,555-1137,2021-10-04T23:05:39,2022-11-08T02:20:09
1138,thomas.lopez1138@example.com,Thomas,Lopez,1298 Kelly Trace Apt. 202,Jacobsfurt,WI,29285,US,555-1138,2022-05-14T13:02:26,2026-02-18T15:21:03
1139,james.mccormick1139@example.com,James,Mccormick,9025 Kelly Drive Apt. 193,Gregorybury,PR,00963,US,555-1139,2021-08-16T19:22:26,2026-02-04T03:05:33
1140,jennifer.guzman1140@example.com,Jennifer,Guzman,28107 Kristen Lock Apt. 557,East Michele,KY,72228,US,555-1140,2022-01-21T06:33:20,2023-12-04T14:24:18
1141,susan.garcia1141@example.com,Susan,Garcia,5359 Reed Fields,Sarahburgh,MP,03372,US,555-1141,2026-06-05T19:23:30,2026-06-13T03:53:54
1142,alexander.randall1142@example.com,Alexander,Randall,0476 Roberto Radial Suite 706,Port Kevin,KY,77091,US,555-1142,2026-06-22T12:54:12,2026-06-25T09:08:43
1143,stephen.medina1143@example.com,Stephen,Medina,09537 James Manors Apt. 762,Port Tylerborough,VT,54237,US,555-1143,2022-08-28T10:42:55,2026-06-15T01:23:45
1144,william.huffman1144@example.com,William,Huffman,462 Michael Roads Suite 841,Elliottville,AR,21864,US,555-1144,2023-06-10T09:44:17,2025-04-30T17:33:01
1145,joel.cruz1145@example.com,Joel,Cruz,730 Martinez Stravenue,Georgechester,PW,33100,US,555-1145,2026-06-14T10:52:31,2026-06-22T22:08:46
1146,ronald.ray1146@example.com,Ronald,Ray,106 Samantha Summit,Kevinmouth,PR,65005,US,555-1146,2026-05-28T17:53:36,2026-05-29T21:41:51
1147,virginia.cook1147@example.com,Virginia,Cook,29856 Vazquez Green,Underwoodland,NH,60395,US,555-1147,2023-12-02T21:59:59,2026-02-06T23:02:03
1148,michael.smith1148@example.com,Michael,Smith,326 Frazier Courts,Cookstad,HI,86957,US,555-1148,2025-06-28T02:24:52,2025-07-28T20:22:14
1149,patricia.rodriguez1149@example.com,Patricia,Rodriguez,10020 Vasquez Summit Apt. 406,Brentborough,IN,10496,US,555-1149,2023-09-24T19:17:56,2023-11-11T05:00:09
1150,edward.terry1150@example.com,Edward,Terry,220 Julie Port,Stephenport,WY,31340,US,555-1150,2025-11-20T01:15:00,2026-01-20T01:21:01
1151,jason.white1151@example.com,Jason,White,344 Stephen Rapid,Lake Christopherchester,PW,48836,US,555-1151,2026-03-07T20:28:48,2026-05-01T03:54:44
1152,anne.miller1152@example.com,Anne,Miller,66784 Fletcher Manors,Mcdanielborough,VT,83296,US,555-1152,2021-11-13T17:45:12,2026-01-04T02:46:45
1153,xavier.moore1153@example.com,Xavier,Moore,516 Barton Mountains Apt. 890,South William,IN,10093,US,555-1153,2025-12-16T06:29:36,2026-05-19T21:53:37
1154,loretta.silva1154@example.com,Loretta,Silva,8483 Jeremy Path Suite 736,Humphreyberg,KY,42611,US,555-1154,2022-05-13T20:23:15,2023-03-07T21:48:14
1155,eric.walls1155@example.com,Eric,Walls,29328 Garrison Harbors,Thomasport,WY,22337,US,555-1155,2025-12-23T19:23:52,2026-03-03T19:55:58
1156,catherine.steele1156@example.com,Catherine,Steele,5868 Martin Trail,North Billy,AR,89489,US,555-1156,2026-06-29T23:31:48,2026-06-29T23:53:48
1157,stephen.wilson1157@example.com,Stephen,Wilson,2183 Johns Lake,Port Katherinetown,SD,89412,US,555-1157,2026-06-29T16:33:03,2026-06-29T20:28:38
1158,catherine.klein1158@example.com,Catherine,Klein,484 Julia Street,Elizabethburgh,PW,19694,US,555-1158,2025-03-19T23:44:45,2025-06-09T11:29:45
1159,allison.taylor1159@example.com,Allison,Taylor,7100 Hansen Highway,New Laurabury,DE,57009,US,555-1159,2024-01-17T15:30:52,2025-01-05T20:38:08
1160,theresa.perry1160@example.com,Theresa,Perry,76420 Rogers Springs,Port Jonathan,PW,42174,US,555-1160,2026-06-11T22:36:58,2026-06-23T05:53:11
1161,brian.hatfield1161@example.com,Brian,Hatfield,59844 Cochran Turnpike Suite 367,New Christopherville,AL,05389,US,555-1161,2025-10-11T04:51:10,2026-06-22T23:46:22
1162,kyle.myers1162@example.com,Kyle,Myers,11379 Nelson Squares,West Jamie,AZ,07756,US,555-1162,2025-07-30T13:11:11,2026-03-08T21:25:42
1163,michelle.frazier1163@example.com,Michelle,Frazier,3730 Lewis Mall Apt. 185,Port James,UT,90728,US,555-1163,2025-08-07T19:52:54,2025-08-13T02:39:33
1164,tyler.meza1164@example.com,Tyler,Meza,3029 Miller Stravenue Apt. 941,Lake Jennifer,OH,55964,US,555-1164,2023-05-14T18:41:03,2025-07-28T01:17:55
1165,michael.norris1165@example.com,Michael,Norris,1122 Alexandra Station,Kimberlymouth,FL,17900,US,555-1165,2025-09-28T22:35:45,2025-12-06T16:38:06
1166,amanda.lawson1166@example.com,Amanda,Lawson,471 Gomez Rapid Suite 079,Victoriachester,AS,37732,US,555-1166,2024-10-11T17:52:28,2026-04-04T16:13:52
1167,bobby.smith1167@example.com,Bobby,Smith,471 Reyes Dale,Kelseystad,MA,91652,US,555-1167,2024-12-16T05:37:05,2025-07-19T12:09:18
1168,joseph.smith1168@example.com,Joseph,Smith,036 Walter Drives,Alvarezland,KY,11762,US,555-1168,2025-10-02T09:19:49,2025-11-25T09:45:50
1169,elizabeth.lee1169@example.com,Elizabeth,Lee,66765 Shawn Expressway,Port Ronald,PR,64816,US,555-1169,2026-06-01T07:36:00,2026-06-14T17:44:05
1170,victor.buck1170@example.com,Victor,Buck,00617 Jones Manor,Hooperstad,OK,67696,US,555-1170,2026-01-24T11:13:08,2026-03-05T09:56:30
1171,todd.torres1171@example.com,Todd,Torres,81181 Smith Junctions,Nelsonhaven,WI,47011,US,555-1171,2026-06-29T23:25:17,2026-06-29T23:33:28
1172,michael.moreno1172@example.com,Michael,Moreno,0586 Bauer Centers,West Jimmyside,MS,46880,US,555-1172,2025-07-10T03:26:45,2026-01-29T13:39:39
1173,kristy.wagner1173@example.com,Kristy,Wagner,779 Hannah Hollow,West Ericaside,MA,81838,US,555-1173,2024-03-04T03:21:23,2025-12-14T17:48:43
1174,kathryn.pena1174@example.com,Kathryn,Pena,62976 David Loaf,Whitemouth,AR,62058,US,555-1174,2024-08-03T17:54:04,2026-03-07T06:01:56
1175,michael.fuller1175@example.com,Michael,Fuller,496 Beltran Motorway,Nielsenland,MD,17805,US,555-1175,2022-08-25T21:43:07,2024-03-06T06:30:35
1176,courtney.lewis1176@example.com,Courtney,Lewis,44817 Fry Gardens,Leeberg,AR,20741,US,555-1176,2024-12-01T22:09:21,2025-01-09T08:10:15
1177,wendy.chen1177@example.com,Wendy,Chen,91694 Kathryn Curve Apt. 538,East Sarah,NH,07173,US,555-1177,2026-03-06T01:20:39,2026-05-01T04:04:48
1178,karen.hoover1178@example.com,Karen,Hoover,3961 Carlson Mission,Jimmyfort,VT,09417,US,555-1178,2026-03-24T06:12:55,2026-05-05T15:46:23
1179,meghan.ferguson1179@example.com,Meghan,Ferguson,92590 Steele Park Suite 185,Thompsonport,PW,35209,US,555-1179,2023-11-03T06:20:13,2024-05-12T06:45:31
1180,john.roth1180@example.com,John,Roth,392 Gina Stream Suite 954,Grantmouth,AS,89066,US,555-1180,2026-06-07T11:16:31,2026-06-27T15:50:34
1181,eric.watkins1181@example.com,Eric,Watkins,8612 Matthew Station,Bradfordbury,KY,82691,US,555-1181,2026-06-11T14:36:00,2026-06-29T12:35:20
1182,johnny.clark1182@example.com,Johnny,Clark,42904 Gibson Wall Suite 625,Oconnorfort,SD,44812,US,555-1182,2021-11-24T21:52:31,2022-02-19T17:56:52
1183,regina.garcia1183@example.com,Regina,Garcia,504 Robert Track,Harrisonfort,NC,15015,US,555-1183,2025-04-17T04:03:55,2026-04-01T08:48:51
1184,charles.daniel1184@example.com,Charles,Daniel,047 Scott Ramp Suite 176,East Brittany,TN,58076,US,555-1184,2025-05-21T00:31:15,2026-02-06T12:32:58
1185,kyle.arnold1185@example.com,Kyle,Arnold,36245 Dawson Streets Apt. 714,Lawrencefort,KS,42790,US,555-1185,2024-06-18T21:18:46,2024-12-29T15:23:51
1186,stacey.garcia1186@example.com,Stacey,Garcia,06276 White Fort,Davidborough,OH,05515,US,555-1186,2022-06-06T15:20:42,2025-01-04T10:33:45
1187,marilyn.mckee1187@example.com,Marilyn,Mckee,1114 Eric Terrace Apt. 965,New Shelleyburgh,NC,75988,US,555-1187,2023-01-02T12:21:38,2023-06-15T11:15:07
1188,nicholas.davis1188@example.com,Nicholas,Davis,90722 Ann Road,Jeremyborough,MA,22619,US,555-1188,2025-04-23T00:58:02,2025-05-23T02:10:21
1189,kevin.miller1189@example.com,Kevin,Miller,4770 Victoria Shore Suite 618,Timothytown,WI,37114,US,555-1189,2023-10-19T06:28:35,2026-06-23T14:07:26
1190,adam.bailey1190@example.com,Adam,Bailey,7137 Sandy Park,South Jeremiahberg,MD,62965,US,555-1190,2025-04-15T01:45:10,2026-01-20T15:58:33
1191,jeremy.becker1191@example.com,Jeremy,Becker,967 Shawn Greens,New Maryborough,AL,20253,US,555-1191,2022-06-28T04:12:48,2023-07-03T14:17:57
1192,joe.zavala1192@example.com,Joe,Zavala,1447 Pena Street,North Cynthia,IN,79542,US,555-1192,2024-03-24T09:52:01,2025-03-31T20:30:04
1193,sarah.wagner1193@example.com,Sarah,Wagner,0577 Dennis Lakes,Garciaburgh,PR,99760,US,555-1193,2024-09-03T04:21:52,2026-05-27T19:37:30
1194,christopher.dickson1194@example.com,Christopher,Dickson,8467 Fowler Parkway Apt. 964,Pageport,AR,55265,US,555-1194,2024-07-28T05:38:51,2025-06-01T02:48:35
1195,shannon.martinez1195@example.com,Shannon,Martinez,31977 Mitchell Mews,Watsonberg,SC,34300,US,555-1195,2026-06-01T05:59:28,2026-06-27T03:18:21
1196,brandon.nelson1196@example.com,Brandon,Nelson,294 Jones Station,West Devin,AR,18780,US,555-1196,2022-06-06T10:52:07,2025-12-17T05:47:08
1197,mark.suarez1197@example.com,Mark,Suarez,69069 Arnold Vista,East Benjamin,SC,99664,US,555-1197,2021-12-20T00:13:29,2023-07-11T21:31:00
1198,jonathan.bennett1198@example.com,Jonathan,Bennett,71970 Good Hill Suite 540,Lake Marychester,DE,55594,US,555-1198,2026-04-30T07:17:33,2026-06-11T13:10:26
1199,samuel.burke1199@example.com,Samuel,Burke,98188 Megan Summit Apt. 781,West Russellview,MO,26996,US,555-1199,2026-06-25T07:20:14,2026-06-28T09:45:02
1200,larry.johnson1200@example.com,Larry,Johnson,817 Brooks Cliff,Lawrenceburgh,MA,85583,US,555-1200,2025-08-12T22:32:31,2026-04-17T13:04:57
1201,christopher.garcia1201@example.com,Christopher,Garcia,34874 Carmen Circles,South Adamview,AR,62738,US,555-1201,2025-10-02T17:43:40,2026-01-09T15:14:38
1202,jason.wilson1202@example.com,Jason,Wilson,900 Wagner Inlet Suite 666,New Andreahaven,UT,03952,US,555-1202,2024-09-04T07:33:58,2024-10-08T23:36:42
1203,melinda.roberts1203@example.com,Melinda,Roberts,1794 Tara Springs Apt. 455,Lake Julieberg,IN,42041,US,555-1203,2026-04-24T19:20:30,2026-05-06T03:03:52
1204,robert.hart1204@example.com,Robert,Hart,636 Margaret Avenue Suite 015,Shelleyshire,MA,28930,US,555-1204,2025-12-15T08:12:46,2026-04-15T14:12:53
1205,norman.horton1205@example.com,Norman,Horton,09074 Scott Ports,New Ericburgh,MS,71643,US,555-1205,2025-03-24T00:14:08,2026-03-17T20:57:58
1206,jody.mcclure1206@example.com,Jody,Mcclure,46694 Sloan Turnpike Apt. 387,Port Craig,VT,77635,US,555-1206,2026-06-12T17:53:18,2026-06-25T18:58:36
1207,catherine.roberson1207@example.com,Catherine,Roberson,887 Joseph Glen Suite 039,South Kyle,TN,70745,US,555-1207,2026-04-29T11:15:55,2026-06-04T09:12:29
1208,stacy.hill1208@example.com,Stacy,Hill,5257 Jeremy Views Suite 316,Nathanielshire,UT,63399,US,555-1208,2023-08-27T16:02:03,2023-11-23T14:10:12
1209,ross.velez1209@example.com,Ross,Velez,9255 Cassandra Walk Apt. 509,North Melvin,AR,49334,US,555-1209,2026-06-07T17:05:11,2026-06-08T02:20:03
1210,jamie.porter1210@example.com,Jamie,Porter,975 Margaret Lane,New Kevin,HI,45253,US,555-1210,2021-12-12T16:56:46,2025-07-03T06:59:27
1211,tonya.schwartz1211@example.com,Tonya,Schwartz,3934 Robert Lodge,West Mollyberg,PR,69204,US,555-1211,2024-04-12T15:35:24,2025-06-30T17:43:05
1212,christine.george1212@example.com,Christine,George,8260 Kevin Path Suite 872,Lake Stephanie,KY,16562,US,555-1212,2022-10-09T03:42:16,2025-09-07T12:31:40
1213,allen.turner1213@example.com,Allen,Turner,959 Lee Cliffs,South Allison,AS,52047,US,555-1213,2026-05-05T09:58:59,2026-05-14T11:08:44
1214,vanessa.bowers1214@example.com,Vanessa,Bowers,612 Paul Turnpike,West Denise,WY,46016,US,555-1214,2025-12-07T23:49:23,2026-03-01T02:38:20
1215,edward.castro1215@example.com,Edward,Castro,2802 Darlene Spring Apt. 063,North Justinside,NM,93431,US,555-1215,2023-03-14T11:17:10,2026-03-24T17:13:40
1216,james.erickson1216@example.com,James,Erickson,44029 Yolanda Mews,Wrightberg,UT,87574,US,555-1216,2025-06-23T22:34:12,2025-08-26T14:43:26
1217,brian.clark1217@example.com,Brian,Clark,736 Johnson Square,South Brian,MD,55964,US,555-1217,2021-09-02T18:23:00,2021-12-20T03:06:07
1218,jessica.washington1218@example.com,Jessica,Washington,57410 Thomas Estate Apt. 659,North Scottfurt,IL,91223,US,555-1218,2023-10-17T18:16:07,2025-07-23T05:39:57
1219,stanley.levine1219@example.com,Stanley,Levine,48527 Bell Lane,Howemouth,DE,06451,US,555-1219,2021-08-10T21:04:32,2024-07-06T14:28:55
1220,danielle.marks1220@example.com,Danielle,Marks,40762 Cline Underpass,Medinachester,NM,61187,US,555-1220,2026-03-15T12:35:12,2026-06-24T21:25:05
1221,michael.ramsey1221@example.com,Michael,Ramsey,6431 Ware Pines,Craigborough,FL,86499,US,555-1221,2022-02-16T10:26:31,2026-01-31T20:35:16
1222,jack.porter1222@example.com,Jack,Porter,332 Carter Forest Suite 719,Elizabethfurt,AS,80351,US,555-1222,2026-05-23T09:36:09,2026-06-20T13:53:11
1223,michael.davis1223@example.com,Michael,Davis,39593 Roman Crescent,East Monica,AR,14969,US,555-1223,2023-01-07T18:57:00,2023-02-01T02:29:58
1224,amanda.white1224@example.com,Amanda,White,85800 Jennifer Plain,Schwartzfurt,WI,72154,US,555-1224,2024-10-29T04:03:22,2025-08-17T15:26:36
1225,mark.mcneil1225@example.com,Mark,Mcneil,227 Tony Run Apt. 898,Brownborough,DE,81389,US,555-1225,2026-06-28T17:17:01,2026-06-29T20:48:31
1226,aaron.ball1226@example.com,Aaron,Ball,0184 Kelsey Rapid Suite 374,East Joemouth,CT,38371,US,555-1226,2026-06-29T14:01:26,2026-06-29T18:21:00
1227,justin.ibarra1227@example.com,Justin,Ibarra,1516 Edward Island Suite 614,Michelleport,WI,76150,US,555-1227,2023-12-13T07:31:25,2026-05-25T19:22:38
1228,steven.arroyo1228@example.com,Steven,Arroyo,424 Diane Landing,North Stevenmouth,MH,83622,US,555-1228,2026-04-09T12:53:28,2026-06-01T16:34:34
1229,catherine.howard1229@example.com,Catherine,Howard,931 Charles Gardens Suite 618,New Ericburgh,DE,99760,US,555-1229,2026-04-28T20:35:10,2026-05-05T15:49:55
1230,margaret.morgan1230@example.com,Margaret,Morgan,67698 Cameron Canyon,Patricktown,MA,03104,US,555-1230,2022-01-19T11:51:42,2024-04-24T18:59:12
1231,joshua.jones1231@example.com,Joshua,Jones,789 Thomas Islands Suite 349,Cherylberg,PW,73973,US,555-1231,2026-05-24T08:57:31,2026-06-18T20:26:05
1232,julia.barnes1232@example.com,Julia,Barnes,5005 Lawrence Bypass Apt. 998,Johnchester,AZ,05836,US,555-1232,2025-08-10T03:37:40,2025-08-31T07:41:59
1233,jessica.hunter1233@example.com,Jessica,Hunter,87309 Williams Road,Matthewfort,MO,46106,US,555-1233,2026-01-20T05:22:26,2026-03-16T15:14:51
1234,miranda.walker1234@example.com,Miranda,Walker,998 Ellis Islands,Collinsview,MS,89272,US,555-1234,2023-03-31T23:11:55,2025-07-29T10:46:07
1235,shelley.flores1235@example.com,Shelley,Flores,018 Suzanne Harbor Apt. 397,North Larryshire,PR,29910,US,555-1235,2022-09-09T18:22:08,2023-04-15T23:23:03
1236,latoya.curry1236@example.com,Latoya,Curry,52595 Renee Drive Apt. 273,Merrittfurt,DE,90133,US,555-1236,2025-07-17T00:00:32,2025-11-15T05:20:26
1237,john.patterson1237@example.com,John,Patterson,35286 Smith Via,West Caleb,VT,31879,US,555-1237,2023-09-28T04:52:29,2025-08-22T02:42:23
1238,michael.choi1238@example.com,Michael,Choi,592 Lawrence Crest Suite 383,New Sydneymouth,AS,48046,US,555-1238,2026-04-26T15:04:22,2026-06-15T13:13:37
1239,amanda.frazier1239@example.com,Amanda,Frazier,63070 Amy Mission Apt. 020,Victorchester,MD,26995,US,555-1239,2022-05-16T21:57:46,2024-07-05T07:39:54
1240,christine.singleton1240@example.com,Christine,Singleton,14351 Jenny Locks Suite 902,Randyside,MD,77506,US,555-1240,2026-06-24T22:31:05,2026-06-29T18:45:32
1241,linda.bruce1241@example.com,Linda,Bruce,5118 Luke Terrace Suite 516,West Richard,WY,69828,US,555-1241,2022-12-30T03:05:09,2026-03-26T13:58:42
1242,debbie.gomez1242@example.com,Debbie,Gomez,67870 Nicole Views Apt. 381,East Timothyfort,MS,27996,US,555-1242,2025-01-17T14:01:16,2025-09-24T18:08:23
1243,donna.barnes1243@example.com,Donna,Barnes,95307 Thomas Street Suite 282,Davisshire,AS,41910,US,555-1243,2024-11-14T09:15:12,2025-02-17T08:47:44
1244,jessica.jackson1244@example.com,Jessica,Jackson,6091 Mario Common,North Keith,NM,63084,US,555-1244,2023-05-05T23:56:21,2025-10-11T15:26:51
1245,allison.graham1245@example.com,Allison,Graham,04999 Paul Lodge,Jenniferside,VT,72804,US,555-1245,2026-03-08T18:51:44,2026-04-05T07:30:21
1246,amy.garcia1246@example.com,Amy,Garcia,1421 Lopez Pass Apt. 196,East Stephanie,VT,74007,US,555-1246,2024-06-23T15:19:29,2026-03-06T06:13:55
1247,david.patrick1247@example.com,David,Patrick,048 Glenn Row,Holtville,NH,03529,US,555-1247,2025-02-21T13:53:09,2025-12-08T06:54:58
1248,christopher.bush1248@example.com,Christopher,Bush,429 Mcbride Alley Suite 003,Fernandezborough,WI,56606,US,555-1248,2024-08-21T10:38:47,2025-05-15T11:07:55
1249,douglas.steele1249@example.com,Douglas,Steele,1981 Jaclyn Roads,Rodriguezland,KS,10921,US,555-1249,2025-09-15T00:59:58,2026-02-22T06:09:54
1250,keith.rivers1250@example.com,Keith,Rivers,4808 Gonzalez Run Apt. 492,Amandahaven,IN,05127,US,555-1250,2026-06-11T02:19:36,2026-06-21T04:02:52
1251,kevin.hopkins1251@example.com,Kevin,Hopkins,8554 Zamora Turnpike Apt. 897,New Bryanfurt,KS,30775,US,555-1251,2022-07-15T11:02:29,2026-03-13T04:45:35
1252,joy.robinson1252@example.com,Joy,Robinson,6659 Anna Forest Suite 845,New Alexaberg,NC,14500,US,555-1252,2024-10-31T22:09:39,2025-03-10T20:15:04
1253,ronald.roberson1253@example.com,Ronald,Roberson,6308 Belinda Expressway,North Michael,CT,18110,US,555-1253,2025-10-22T22:46:36,2026-06-12T00:51:46
1254,david.rodriguez1254@example.com,David,Rodriguez,358 Thomas Spur,Marcusstad,DE,77265,US,555-1254,2023-12-06T08:50:23,2024-01-04T17:21:36
1255,joshua.walter1255@example.com,Joshua,Walter,695 Aguilar Estate Apt. 776,Ashleyland,PR,67437,US,555-1255,2026-04-16T09:24:16,2026-06-12T18:44:11
1256,dana.smith1256@example.com,Dana,Smith,734 Murray Shore,Westview,AR,54167,US,555-1256,2022-01-07T03:21:24,2026-02-18T16:02:49
1257,stacy.arnold1257@example.com,Stacy,Arnold,59844 Cochran Turnpike Suite 367,North Guyberg,HI,79498,US,555-1257,2026-06-11T22:52:23,2026-06-19T01:32:51
1258,jeremy.lopez1258@example.com,Jeremy,Lopez,4758 Jeremy Extension Apt. 567,Port Martha,FL,99422,US,555-1258,2024-11-28T17:44:15,2025-01-09T23:46:59
1259,jessica.smith1259@example.com,Jessica,Smith,7353 Davis Villages Suite 391,Bradfordbury,DE,41318,US,555-1259,2021-12-19T07:39:36,2025-08-10T23:34:42
1260,jerry.king1260@example.com,Jerry,King,058 Sara Ville,East Benjaminborough,NM,27877,US,555-1260,2021-12-14T18:36:17,2025-10-12T10:25:49
1261,destiny.mitchell1261@example.com,Destiny,Mitchell,6955 Guzman Union,Port Carolshire,MD,86084,US,555-1261,2026-03-05T12:26:59,2026-04-13T16:28:26
1262,kimberly.terry1262@example.com,Kimberly,Terry,6811 Mary Ports Apt. 324,Brownburgh,VT,49638,US,555-1262,2026-06-23T15:04:23,2026-06-26T22:22:47
1263,danielle.sloan1263@example.com,Danielle,Sloan,859 Samuel Green,Clarkebury,DE,07173,US,555-1263,2025-08-14T09:59:54,2026-04-30T02:37:38
1264,ryan.owens1264@example.com,Ryan,Owens,4009 Brown Passage Apt. 256,Julieville,MH,24301,US,555-1264,2026-04-27T13:55:04,2026-05-09T18:13:22
1265,darius.horton1265@example.com,Darius,Horton,492 Vasquez Hollow Suite 629,West Makaylashire,AR,24802,US,555-1265,2025-06-17T18:05:58,2026-02-10T00:47:00
1266,gregory.jarvis1266@example.com,Gregory,Jarvis,12303 Marshall Points Suite 603,Hessburgh,KY,24962,US,555-1266,2026-04-13T14:54:44,2026-05-16T22:37:52
1267,cassandra.conner1267@example.com,Cassandra,Conner,64849 Alvarez Roads Suite 383,North Kellybury,DE,32402,US,555-1267,2026-06-27T22:57:42,2026-06-28T07:30:53
1268,tammy.powell1268@example.com,Tammy,Powell,8578 Chelsea Viaduct,New Jose,AS,95901,US,555-1268,2026-03-02T20:43:33,2026-06-09T22:02:28
1269,scott.wright1269@example.com,Scott,Wright,14252 Miller Coves,North Douglasview,PW,15135,US,555-1269,2021-11-27T22:43:18,2023-05-25T19:18:22
1270,jessica.ewing1270@example.com,Jessica,Ewing,9516 Henry Course,Leeburgh,AZ,71898,US,555-1270,2026-06-02T00:27:50,2026-06-28T03:57:53
1271,sarah.chavez1271@example.com,Sarah,Chavez,46406 Alvarado Square,Matthewmouth,PW,36311,US,555-1271,2026-02-06T00:38:18,2026-04-28T22:30:38
1272,teresa.brown1272@example.com,Teresa,Brown,4502 Kristen Freeway,Port Maryhaven,KS,81114,US,555-1272,2025-08-17T16:01:20,2026-01-27T10:10:14
1273,rebecca.hill1273@example.com,Rebecca,Hill,2922 Kevin Lodge Suite 821,North Annette,AS,36637,US,555-1273,2023-11-14T08:41:06,2024-12-24T03:49:05
1274,ricardo.jones1274@example.com,Ricardo,Jones,903 Morton Wall Suite 177,North Mark,KY,07101,US,555-1274,2022-12-12T04:38:00,2024-05-14T09:14:39
1275,james.perry1275@example.com,James,Perry,40870 Barnes Underpass,Jorgehaven,MP,77052,US,555-1275,2024-11-08T19:01:30,2026-03-13T02:32:46
1276,stacy.perez1276@example.com,Stacy,Perez,4164 Harvey Shoals Apt. 046,East Carlos,SC,24857,US,555-1276,2021-12-24T05:48:31,2025-01-14T06:38:48
1277,malik.perry1277@example.com,Malik,Perry,315 Hoover Garden Suite 925,Changshire,NM,06588,US,555-1277,2026-04-13T00:55:28,2026-06-12T08:33:25
1278,madison.mayo1278@example.com,Madison,Mayo,8974 Lara Flats,West Sharon,AS,58579,US,555-1278,2022-09-20T07:44:28,2024-04-22T20:40:58
1279,marcus.cox1279@example.com,Marcus,Cox,678 Carrie Lakes,Kimton,ID,66361,US,555-1279,2025-06-11T02:26:56,2025-09-19T11:12:50
1280,kathryn.arnold1280@example.com,Kathryn,Arnold,7456 Campbell Views Suite 333,Susanfurt,WI,80683,US,555-1280,2023-10-07T20:53:48,2024-01-02T09:35:32
1281,bryan.porter1281@example.com,Bryan,Porter,444 Bruce Street Suite 489,Hortonfurt,MD,21169,US,555-1281,2026-06-04T11:51:46,2026-06-24T07:16:58
1282,troy.smith1282@example.com,Troy,Smith,9877 Martin Run,Port Danielle,ID,62738,US,555-1282,2024-12-13T15:17:39,2025-08-04T14:07:28
1283,jason.lopez1283@example.com,Jason,Lopez,5473 Amber Falls Suite 406,North Amy,NV,47829,US,555-1283,2024-05-08T22:11:00,2025-06-11T04:13:00
1284,morgan.freeman1284@example.com,Morgan,Freeman,1668 Carl Ford,South Michaelfurt,OH,80487,US,555-1284,2023-06-14T10:12:01,2024-11-17T03:14:42
1285,catherine.garcia1285@example.com,Catherine,Garcia,17197 Williams Summit,Nathanstad,DE,10982,US,555-1285,2021-07-17T21:18:59,2023-09-05T10:24:26
1286,mark.hill1286@example.com,Mark,Hill,80101 Melissa Valleys Suite 718,West Wanda,AS,83296,US,555-1286,2022-03-06T17:46:01,2025-02-16T17:50:50
1287,kathy.rasmussen1287@example.com,Kathy,Rasmussen,0187 Dawson Turnpike,West Lawrenceland,AZ,14592,US,555-1287,2025-05-27T01:34:40,2026-01-24T21:51:18
1288,lori.hamilton1288@example.com,Lori,Hamilton,29355 Guerrero Lakes Apt. 055,Donaldview,VT,65960,US,555-1288,2025-12-07T08:56:26,2026-06-24T06:45:16
1289,jeffrey.norman1289@example.com,Jeffrey,Norman,79821 Little Ford Suite 275,New Ryanfurt,MS,62298,US,555-1289,2025-09-24T03:37:14,2025-11-01T21:13:05
1290,christopher.stevens1290@example.com,Christopher,Stevens,03924 Matthew Unions,Danafurt,VT,36637,US,555-1290,2021-10-06T01:14:02,2024-06-23T01:31:09
1291,sara.bowen1291@example.com,Sara,Bowen,108 William Loop,East Nicholas,AZ,33027,US,555-1291,2026-04-10T04:00:33,2026-04-15T06:41:40
1292,richard.ramirez1292@example.com,Richard,Ramirez,057 Duke Court,Dannyside,AZ,45140,US,555-1292,2021-08-30T06:59:57,2025-07-26T00:46:07
1293,dale.thompson1293@example.com,Dale,Thompson,068 Patricia Village Suite 416,Laurentown,IL,16876,US,555-1293,2023-09-30T17:13:41,2025-06-10T01:14:53
1294,diane.stark1294@example.com,Diane,Stark,0828 Stacey Terrace,Lake Loriborough,HI,60697,US,555-1294,2025-10-30T00:33:17,2026-02-11T02:37:20
1295,tracy.washington1295@example.com,Tracy,Washington,3076 Edward Ports,Port Michael,AS,79645,US,555-1295,2022-07-29T00:43:30,2025-09-19T19:22:42
1296,donna.martin1296@example.com,Donna,Martin,01428 Contreras Ranch,Port Kenneth,PR,97118,US,555-1296,2025-12-28T15:03:12,2026-03-22T01:29:43
1297,heather.campbell1297@example.com,Heather,Campbell,8078 James Orchard,Christineport,WI,53118,US,555-1297,2023-11-09T16:14:03,2024-06-16T02:35:43
1298,carol.simpson1298@example.com,Carol,Simpson,248 Michelle Hills Suite 046,Larryview,AR,25928,US,555-1298,2025-07-20T06:07:42,2025-12-30T03:32:20
1299,daniel.ferguson1299@example.com,Daniel,Ferguson,717 Jerry Spur Apt. 589,Carolynland,AZ,44486,US,555-1299,2025-02-14T19:00:44,2025-03-22T05:20:49
1300,carla.durham1300@example.com,Carla,Durham,9412 Kathy Green,Scottmouth,FL,98136,US,555-1300,2023-08-18T11:56:41,2026-03-15T02:40:26
1301,john.randolph1301@example.com,John,Randolph,984 Kline Prairie Suite 990,Williamsfurt,VT,52309,US,555-1301,2024-05-04T17:34:55,2025-11-30T11:04:19
1302,cassie.valdez1302@example.com,Cassie,Valdez,8943 Vickie Estates,Lake Andrefort,VT,12605,US,555-1302,2026-06-29T05:34:40,2026-06-29T19:35:04
1303,maria.jones1303@example.com,Maria,Jones,21242 Lisa Underpass,Hooperstad,NM,20140,US,555-1303,2025-09-27T03:07:39,2026-05-26T09:02:10
1304,adam.harris1304@example.com,Adam,Harris,7555 Anderson Pines Apt. 333,East Jacob,MO,56268,US,555-1304,2025-04-14T11:41:58,2026-03-29T23:26:25
1305,eric.rodriguez1305@example.com,Eric,Rodriguez,629 Bryan Ports,Port Austin,SC,50911,US,555-1305,2026-04-27T09:20:34,2026-05-24T20:38:01
1306,eric.stanton1306@example.com,Eric,Stanton,3651 Chan Creek Suite 613,Thompsonview,HI,79386,US,555-1306,2024-05-06T08:52:32,2024-08-07T10:55:56
1307,chad.bell1307@example.com,Chad,Bell,9266 Reyes Path,Lake Bryanside,NM,56811,US,555-1307,2025-07-25T18:21:29,2025-11-29T10:09:37
1308,erica.parrish1308@example.com,Erica,Parrish,9965 Cole Throughway,Port Bryan,MA,20886,US,555-1308,2023-11-07T23:11:37,2026-04-27T09:20:55
1309,brandon.lawrence1309@example.com,Brandon,Lawrence,1172 Brian Ville,North Margarettown,VT,15004,US,555-1309,2026-06-29T22:24:34,2026-06-29T23:55:08
1310,zoe.ellis1310@example.com,Zoe,Ellis,4308 Johnson Hill Apt. 831,New Seanberg,IL,80519,US,555-1310,2022-01-06T05:57:51,2025-06-15T07:03:58
1311,matthew.garcia1311@example.com,Matthew,Garcia,5995 Gary Forks Suite 423,Garymouth,FL,84521,US,555-1311,2026-02-12T17:58:42,2026-03-12T19:22:37
1312,stacy.mitchell1312@example.com,Stacy,Mitchell,72345 Norman Underpass Apt. 869,Stricklandshire,AR,08606,US,555-1312,2025-08-30T22:17:08,2025-10-28T20:39:29
1313,mary.richmond1313@example.com,Mary,Richmond,21894 White Ranch Suite 960,Navarrotown,WY,43892,US,555-1313,2025-07-31T13:06:34,2026-05-20T21:49:28
1314,jacqueline.stein1314@example.com,Jacqueline,Stein,28107 Kristen Lock Apt. 557,Port Sarahbury,WI,91107,US,555-1314,2026-02-18T17:22:24,2026-03-09T08:29:50
1315,erika.adams1315@example.com,Erika,Adams,3899 Courtney Pines Apt. 205,Joshuafurt,ID,32128,US,555-1315,2025-07-31T13:18:42,2026-02-11T07:58:54
1316,andrea.wiley1316@example.com,Andrea,Wiley,21556 Keller Springs Suite 732,Tonyton,MD,10204,US,555-1316,2025-06-24T00:46:15,2025-11-11T08:25:56
1317,charles.palmer1317@example.com,Charles,Palmer,3066 Megan Forest,South Jamiefurt,IN,65129,US,555-1317,2026-06-29T23:39:46,2026-06-29T23:45:52
1318,christina.young1318@example.com,Christina,Young,42024 Sean Grove,Bensonburgh,IL,76651,US,555-1318,2025-11-07T21:42:28,2026-04-15T11:26:16
1319,sabrina.shaw1319@example.com,Sabrina,Shaw,97670 Michael Lane,West Benjamin,WI,00839,US,555-1319,2026-06-27T07:15:51,2026-06-29T21:22:57
1320,brandon.allison1320@example.com,Brandon,Allison,81580 Richmond Pike,Port Jonathan,NV,94724,US,555-1320,2024-01-16T10:42:56,2025-12-12T20:37:07
1321,andrew.henry1321@example.com,Andrew,Henry,653 Lester Harbors Suite 515,Samanthaside,AR,40788,US,555-1321,2024-04-26T15:03:59,2025-05-17T19:43:26
1322,brandon.fisher1322@example.com,Brandon,Fisher,781 Landry Junction,North Jasmine,AR,32856,US,555-1322,2024-09-19T03:12:33,2025-07-02T02:19:02
1323,sophia.porter1323@example.com,Sophia,Porter,009 Erin Track,Wilsonville,VT,13210,US,555-1323,2025-03-22T06:02:57,2026-05-18T02:05:27
1324,sarah.white1324@example.com,Sarah,White,6534 Thompson Circle,Hicksstad,NC,26663,US,555-1324,2025-01-02T20:04:44,2025-11-12T20:14:14
1325,gregory.bates1325@example.com,Gregory,Bates,534 Brown Meadows Apt. 560,Angelastad,NM,60391,US,555-1325,2022-06-28T22:07:45,2024-06-24T01:07:42
1326,craig.bell1326@example.com,Craig,Bell,6999 Walton Fall,Santosburgh,DE,70113,US,555-1326,2026-04-10T23:07:11,2026-06-04T14:45:56
1327,kimberly.cruz1327@example.com,Kimberly,Cruz,43885 Michelle Path Suite 158,Davidton,KS,02239,US,555-1327,2024-10-12T09:43:17,2025-03-09T18:24:53
1328,miguel.collins1328@example.com,Miguel,Collins,85886 Fuller Square,Matthewmouth,KS,36000,US,555-1328,2021-08-30T10:55:25,2021-12-20T22:03:45
1329,jeffrey.malone1329@example.com,Jeffrey,Malone,79959 Lang Loop Apt. 110,Anthonyburgh,OH,31737,US,555-1329,2025-06-23T23:03:59,2026-05-07T05:46:37
1330,robert.smith1330@example.com,Robert,Smith,57686 Martinez Cliffs Apt. 805,New Darrellfurt,KS,88054,US,555-1330,2026-04-03T15:27:50,2026-05-26T16:36:35
1331,derek.haas1331@example.com,Derek,Haas,29376 Morris View Suite 587,Rileyshire,NC,09306,US,555-1331,2025-11-07T17:24:09,2025-12-16T08:26:24
1332,bradley.walters1332@example.com,Bradley,Walters,066 Carlos Falls Suite 203,West Paul,MA,51610,US,555-1332,2025-09-17T04:48:30,2025-12-11T09:10:34
1333,eric.roberson1333@example.com,Eric,Roberson,35456 Victoria Stravenue,East Evan,PR,47693,US,555-1333,2025-08-12T11:02:03,2026-06-26T18:19:02
1334,julie.andrews1334@example.com,Julie,Andrews,998 Ellis Islands,Hernandezfort,FL,86212,US,555-1334,2026-05-24T19:56:46,2026-06-16T18:39:36
1335,kimberly.taylor1335@example.com,Kimberly,Taylor,9013 Jose Land Apt. 935,Anthonystad,MH,28913,US,555-1335,2025-03-02T16:42:30,2026-01-04T18:25:31
1336,brian.moreno1336@example.com,Brian,Moreno,0051 Harold Oval,East Stevenborough,PR,41920,US,555-1336,2024-04-10T08:22:37,2024-06-07T20:21:57
1337,hunter.evans1337@example.com,Hunter,Evans,27971 Jordan Streets Suite 064,Lake Natalietown,AZ,70875,US,555-1337,2026-06-08T04:54:11,2026-06-29T07:46:46
1338,monique.velazquez1338@example.com,Monique,Velazquez,543 Thomas Junctions,South Scottport,VT,22774,US,555-1338,2026-04-28T21:22:18,2026-06-23T08:10:44
1339,john.smith1339@example.com,John,Smith,6427 Samuel Dale Apt. 376,Nicholsmouth,MO,20741,US,555-1339,2025-11-02T00:00:04,2026-03-13T11:13:38
1340,russell.mills1340@example.com,Russell,Mills,45506 Ryan Coves,Lake Jennifer,DE,76788,US,555-1340,2024-05-19T14:06:01,2025-01-13T06:05:44
1341,kathy.torres1341@example.com,Kathy,Torres,262 Mccann Camp Suite 946,Sullivanview,MA,54489,US,555-1341,2026-04-11T17:28:32,2026-06-06T01:32:33
1342,kenneth.williams1342@example.com,Kenneth,Williams,6786 Richard Fort,West Rebeccaside,MO,63456,US,555-1342,2025-11-11T06:29:17,2026-05-22T13:18:31
1343,dana.moreno1343@example.com,Dana,Moreno,1967 Murphy Mission,New Barbaraside,MA,02732,US,555-1343,2023-04-08T19:10:21,2025-10-21T00:11:31
1344,gregory.hunter1344@example.com,Gregory,Hunter,5247 Mary Plaza,East Troy,IL,95675,US,555-1344,2022-02-05T02:36:49,2026-05-24T03:22:26
1345,thomas.harris1345@example.com,Thomas,Harris,77729 Ross Islands,North Edgar,HI,46260,US,555-1345,2026-01-15T21:19:04,2026-05-01T00:58:24
1346,brooke.ali1346@example.com,Brooke,Ali,196 Jeff Shoals Apt. 192,New Christopher,NH,46517,US,555-1346,2026-04-17T10:27:26,2026-05-11T01:35:40
1347,wayne.oliver1347@example.com,Wayne,Oliver,321 Austin Junction Suite 020,Walkerport,MS,52010,US,555-1347,2025-12-09T23:37:53,2026-03-20T13:46:04
1348,allison.hughes1348@example.com,Allison,Hughes,97013 Wilson Harbor Apt. 658,New Alexander,MP,24427,US,555-1348,2024-06-06T20:34:28,2026-02-11T15:51:16
1349,heidi.gilbert1349@example.com,Heidi,Gilbert,187 Sanders Crossroad Apt. 636,Grantmouth,IL,26501,US,555-1349,2026-06-17T09:44:07,2026-06-20T17:56:20
1350,chad.roberts1350@example.com,Chad,Roberts,136 Troy Bypass,Joneston,AR,29926,US,555-1350,2026-06-28T05:21:52,2026-06-28T15:13:50
1351,brian.garcia1351@example.com,Brian,Garcia,457 Wolf Curve,South Alexisstad,MP,48828,US,555-1351,2021-09-05T22:35:55,2025-03-03T05:50:05
1352,luis.griffin1352@example.com,Luis,Griffin,101 Daniel Hill Suite 805,West Jordanborough,NH,12964,US,555-1352,2026-06-24T12:02:45,2026-06-26T22:41:23
1353,omar.watson1353@example.com,Omar,Watson,40363 Fox Green Suite 126,Elizabethville,KS,96534,US,555-1353,2024-09-05T03:10:19,2026-02-28T09:50:59
1354,daniel.ayala1354@example.com,Daniel,Ayala,8195 John Stravenue,Lake Mike,KY,09417,US,555-1354,2022-11-18T06:47:44,2023-05-26T21:42:54
1355,jessica.reyes1355@example.com,Jessica,Reyes,74666 Christian Prairie Apt. 832,Wilsonchester,KY,66425,US,555-1355,2025-09-28T04:52:42,2025-12-29T10:50:14
1356,andrew.garcia1356@example.com,Andrew,Garcia,900 Ashley Harbors,Savagehaven,UT,33991,US,555-1356,2026-06-29T14:19:12,2026-06-29T16:54:54
1357,robin.mendoza1357@example.com,Robin,Mendoza,81158 Hutchinson Lodge Suite 091,North Amy,AS,26663,US,555-1357,2024-02-25T04:00:50,2025-10-14T10:12:57
1358,brian.sandoval1358@example.com,Brian,Sandoval,02786 Alvarado Trail,North Danielle,NC,12076,US,555-1358,2026-06-03T06:09:59,2026-06-23T13:31:45
1359,cindy.ortiz1359@example.com,Cindy,Ortiz,623 Cole Roads Apt. 330,West William,DE,32732,US,555-1359,2026-05-16T02:15:26,2026-06-05T13:42:39
1360,cody.hughes1360@example.com,Cody,Hughes,47891 Thomas Ridges,New Maxwell,AL,62334,US,555-1360,2025-02-26T01:05:17,2025-10-17T18:43:14
1361,logan.morris1361@example.com,Logan,Morris,67545 Barnes Radial Apt. 941,Seanshire,OH,64942,US,555-1361,2025-02-18T05:59:56,2025-04-24T20:04:59
1362,lindsey.weaver1362@example.com,Lindsey,Weaver,4651 Wells Turnpike Suite 978,Breannaberg,OK,90605,US,555-1362,2021-11-29T16:37:30,2025-02-16T01:36:09
1363,alexis.cohen1363@example.com,Alexis,Cohen,77021 Smith Summit Suite 701,Port Miranda,UT,23524,US,555-1363,2026-06-23T01:05:27,2026-06-29T22:43:03
1364,crystal.hamilton1364@example.com,Crystal,Hamilton,6540 White Knolls Suite 075,Danielport,SD,52939,US,555-1364,2025-09-16T13:34:43,2026-04-27T09:20:28
1365,jesse.hamilton1365@example.com,Jesse,Hamilton,182 Wheeler Ports Apt. 880,Jonathanview,IL,15373,US,555-1365,2022-02-07T06:15:07,2023-01-31T01:47:20
1366,andrew.smith1366@example.com,Andrew,Smith,815 Faith Stream Suite 339,Georgestad,AZ,67012,US,555-1366,2026-06-10T15:27:46,2026-06-22T16:55:35
1367,tiffany.allen1367@example.com,Tiffany,Allen,143 Lindsey Mountains Apt. 843,Port Robert,MS,69514,US,555-1367,2023-03-23T21:09:33,2024-03-10T02:16:46
1368,laura.wells1368@example.com,Laura,Wells,20005 Julie Plains Suite 386,Lake Sarahview,MS,07263,US,555-1368,2026-05-30T15:36:11,2026-05-31T13:35:00
1369,christina.day1369@example.com,Christina,Day,140 Jay Station,East Chelsea,NH,13908,US,555-1369,2025-06-05T18:22:56,2025-08-14T18:13:06
1370,brandon.gordon1370@example.com,Brandon,Gordon,034 Johnson Port Suite 617,Sharpland,WI,45584,US,555-1370,2024-04-27T21:09:20,2024-07-18T06:00:29
1371,joseph.nelson1371@example.com,Joseph,Nelson,91341 Hunter Bridge Apt. 719,South Sarah,AZ,77163,US,555-1371,2026-03-21T17:14:55,2026-04-10T08:48:34
1372,tanya.brown1372@example.com,Tanya,Brown,2846 Gordon Brooks,South Katherinefort,CT,34210,US,555-1372,2026-04-11T07:58:09,2026-06-13T17:11:21
1373,jennifer.nelson1373@example.com,Jennifer,Nelson,37597 Hall Creek Apt. 600,Josephtown,MD,62643,US,555-1373,2025-02-18T21:23:36,2025-07-14T04:01:49
1374,christopher.taylor1374@example.com,Christopher,Taylor,00735 Bridges Points,West Denise,MP,46532,US,555-1374,2026-01-28T22:10:03,2026-05-24T01:14:11
1375,angela.murray1375@example.com,Angela,Murray,9779 Peterson Well Apt. 321,South Sarah,ID,03992,US,555-1375,2023-02-16T10:14:03,2026-04-28T02:56:45
1376,james.monroe1376@example.com,James,Monroe,92836 Catherine Underpass Suite 551,West Robin,AZ,01726,US,555-1376,2024-03-24T02:17:58,2025-07-12T12:56:03
1377,mark.garcia1377@example.com,Mark,Garcia,40812 Matthew Forks,Lake Gerald,NM,41838,US,555-1377,2026-06-29T12:21:59,2026-06-29T18:00:48
1378,edward.reynolds1378@example.com,Edward,Reynolds,3741 Samuel View,Carterbury,AR,29708,US,555-1378,2026-03-11T15:44:39,2026-06-02T10:16:22
1379,heather.price1379@example.com,Heather,Price,35284 Green Motorway Apt. 500,Marcside,MO,90934,US,555-1379,2025-11-14T02:04:13,2025-12-06T05:08:47
1380,robin.levine1380@example.com,Robin,Levine,09006 Cynthia Dam,Davisburgh,PR,30179,US,555-1380,2026-04-15T08:53:05,2026-05-17T18:08:20
1381,robert.miller1381@example.com,Robert,Miller,63840 Victoria Estates Apt. 528,Lake James,IL,73678,US,555-1381,2023-01-09T16:16:59,2024-10-02T20:23:26
1382,robert.moore1382@example.com,Robert,Moore,5247 Mary Plaza,New Brian,AR,67716,US,555-1382,2022-01-08T06:38:57,2025-09-26T23:37:53
1383,amy.yu1383@example.com,Amy,Yu,150 Parker Islands,South Brian,IL,44125,US,555-1383,2026-06-05T07:20:21,2026-06-25T09:53:38
1384,justin.cooper1384@example.com,Justin,Cooper,68900 Marshall Rapids Suite 001,Lake Rossfurt,ID,88795,US,555-1384,2025-12-11T12:18:49,2026-05-30T13:54:01
1385,nicholas.berry1385@example.com,Nicholas,Berry,3009 April Lane Apt. 565,Pennyville,OH,10943,US,555-1385,2026-06-13T16:36:37,2026-06-25T01:45:02
1386,gina.sloan1386@example.com,Gina,Sloan,56829 Lopez Crescent Suite 504,Webbstad,NC,13676,US,555-1386,2026-05-07T18:01:32,2026-06-05T00:03:44
1387,micheal.graham1387@example.com,Micheal,Graham,910 Allison Ferry Suite 276,West Anna,KY,77025,US,555-1387,2022-10-03T05:46:46,2025-11-06T22:11:25
1388,john.gibbs1388@example.com,John,Gibbs,744 Hudson Glen,Brennanfort,PR,06254,US,555-1388,2026-03-07T15:15:25,2026-06-15T12:11:34
1389,stephanie.bush1389@example.com,Stephanie,Bush,788 Murphy Parkway,New Anthonyhaven,AS,71441,US,555-1389,2024-02-28T07:25:10,2025-04-13T00:20:06
1390,jeffrey.johnston1390@example.com,Jeffrey,Johnston,19768 John Lake,Lake Jennifer,KS,91458,US,555-1390,2025-10-04T18:02:48,2026-06-26T03:41:31
1391,rodney.chambers1391@example.com,Rodney,Chambers,332 Carter Forest Suite 719,New Lindashire,KY,87716,US,555-1391,2022-06-20T00:28:35,2025-12-27T20:38:19
1392,vanessa.jackson1392@example.com,Vanessa,Jackson,32738 Pamela Extensions,Port Sean,MD,89702,US,555-1392,2026-06-05T19:40:16,2026-06-18T03:54:41
1393,brandon.garcia1393@example.com,Brandon,Garcia,10217 Curtis Fields,West Yvette,NM,51702,US,555-1393,2026-01-26T21:55:20,2026-02-06T14:09:11
1394,miranda.zavala1394@example.com,Miranda,Zavala,5546 Aaron Fall,Merrittfurt,DE,78955,US,555-1394,2025-05-24T14:52:54,2025-08-22T17:26:24
1395,eric.jones1395@example.com,Eric,Jones,88098 Gary Crossing,Victoriachester,PW,42949,US,555-1395,2026-01-19T01:10:43,2026-05-24T18:54:04
1396,albert.rowe1396@example.com,Albert,Rowe,5430 Cody Path Suite 627,Davidtown,AR,67610,US,555-1396,2024-08-02T06:57:14,2024-10-18T17:34:09
1397,amy.reyes1397@example.com,Amy,Reyes,45056 Vincent Ports Apt. 754,Lake Paulmouth,NC,10403,US,555-1397,2026-03-23T10:59:14,2026-05-08T18:04:13
1398,tyrone.lara1398@example.com,Tyrone,Lara,704 Snyder Streets Suite 300,West Renee,MA,51211,US,555-1398,2023-07-30T19:39:19,2025-05-05T02:18:18
1399,luis.silva1399@example.com,Luis,Silva,2415 Amanda Junction Suite 256,Port Jacobhaven,VT,14836,US,555-1399,2026-03-15T12:28:56,2026-06-17T01:06:47
1400,xavier.evans1400@example.com,Xavier,Evans,3974 Johnson Stream Apt. 886,Crossport,OK,31357,US,555-1400,2021-12-12T20:07:41,2025-10-19T04:25:27
1401,courtney.todd1401@example.com,Courtney,Todd,604 Rivas Harbor,West Lisaborough,NM,74776,US,555-1401,2023-10-04T17:46:36,2025-11-06T10:51:37
1402,amy.matthews1402@example.com,Amy,Matthews,160 Christian Harbors Apt. 158,Alexfurt,HI,19967,US,555-1402,2024-05-08T01:53:17,2025-03-23T06:30:30
1403,john.watson1403@example.com,John,Watson,11391 Parker Alley,Mcdonaldtown,IN,29708,US,555-1403,2026-01-20T01:21:19,2026-02-11T22:48:48
1404,shane.munoz1404@example.com,Shane,Munoz,689 Michael Crossing,New Dianaview,MP,64808,US,555-1404,2026-06-26T02:15:56,2026-06-28T17:02:05
1405,ashley.meadows1405@example.com,Ashley,Meadows,990 Kirby Lock,South Daniel,KY,60545,US,555-1405,2025-09-11T03:02:40,2025-11-03T00:57:47
1406,loretta.jensen1406@example.com,Loretta,Jensen,8687 Evans Branch,North Douglas,VT,45218,US,555-1406,2026-02-26T09:03:08,2026-05-06T18:26:34
1407,wanda.romero1407@example.com,Wanda,Romero,6734 Campbell Vista Suite 939,Patrickhaven,VT,83503,US,555-1407,2026-06-28T06:16:05,2026-06-29T23:11:37
1408,curtis.brown1408@example.com,Curtis,Brown,8735 Brooks Fork,South Nicholasborough,AR,30441,US,555-1408,2024-07-18T23:34:16,2025-08-14T06:17:35
1409,arthur.gamble1409@example.com,Arthur,Gamble,16831 Elizabeth Via,Sharpland,NH,96859,US,555-1409,2023-04-15T04:04:06,2025-05-10T15:39:55
1410,anna.padilla1410@example.com,Anna,Padilla,1844 Moore Plains Apt. 998,Grantmouth,VT,58579,US,555-1410,2025-12-18T02:16:10,2026-04-28T11:31:23
1411,ricardo.johnson1411@example.com,Ricardo,Johnson,3103 Jenkins Junctions,Crystalborough,KY,28237,US,555-1411,2026-06-26T02:20:58,2026-06-29T08:06:56
1412,wayne.anderson1412@example.com,Wayne,Anderson,58349 Jade Loaf Apt. 898,Port Sarahbury,AS,25505,US,555-1412,2026-06-28T21:04:47,2026-06-29T08:47:22
1413,jason.butler1413@example.com,Jason,Butler,3049 Anthony Mountain,New Shelleyburgh,PW,45370,US,555-1413,2021-08-29T13:49:24,2024-01-24T21:24:20
1414,krista.payne1414@example.com,Krista,Payne,41724 Jennifer Junctions,Anthonyfurt,PR,11068,US,555-1414,2022-04-04T04:47:59,2023-01-01T13:40:02
1415,amy.johnson1415@example.com,Amy,Johnson,0833 Pacheco Cliffs,North Taylorland,PW,34289,US,555-1415,2026-05-19T16:46:33,2026-06-14T02:03:41
1416,william.wilson1416@example.com,William,Wilson,7811 Benitez Mountain,South William,KY,02640,US,555-1416,2023-12-31T16:51:13,2024-09-26T05:25:12
1417,tamara.johnson1417@example.com,Tamara,Johnson,69504 Dustin Run Suite 059,West Robert,AZ,83784,US,555-1417,2026-02-24T14:27:16,2026-04-29T06:10:27
1418,michele.lawson1418@example.com,Michele,Lawson,6100 Jennifer Knoll,West Sandrashire,SD,47384,US,555-1418,2026-06-29T13:38:24,2026-06-29T21:34:53
1419,jorge.gutierrez1419@example.com,Jorge,Gutierrez,51750 Sutton Manor,New Sierrafort,OK,18929,US,555-1419,2025-03-31T10:03:41,2025-04-08T10:10:10
1420,matthew.sanders1420@example.com,Matthew,Sanders,968 Wendy Field Suite 570,New Natalieton,PR,54359,US,555-1420,2026-02-03T03:03:33,2026-04-26T22:49:40
1421,catherine.clark1421@example.com,Catherine,Clark,638 Kim Well,Tammyborough,MS,20814,US,555-1421,2026-04-13T09:38:36,2026-04-26T20:39:35
1422,sean.mueller1422@example.com,Sean,Mueller,0776 Jamie Light,Port Latasha,MS,70744,US,555-1422,2025-11-15T21:12:00,2026-01-18T01:21:27
1423,william.watkins1423@example.com,William,Watkins,73141 Thomas Keys,Kimberlymouth,KY,51471,US,555-1423,2026-04-24T11:09:53,2026-04-26T18:35:46
1424,cindy.williams1424@example.com,Cindy,Williams,27500 Jason Springs,Guerreroland,FL,43892,US,555-1424,2026-04-20T06:50:39,2026-05-02T06:26:55
1425,danielle.burke1425@example.com,Danielle,Burke,225 Rodriguez Valleys,New Brandymouth,NM,32128,US,555-1425,2026-04-13T02:59:33,2026-06-28T23:00:36
1426,stephanie.avila1426@example.com,Stephanie,Avila,680 Olivia Junction Apt. 267,Port Terri,MA,51193,US,555-1426,2026-06-11T11:19:19,2026-06-29T23:20:35
1427,michael.dillon1427@example.com,Michael,Dillon,7329 Castillo Hollow Apt. 050,Hoffmanland,ID,46848,US,555-1427,2026-06-28T03:05:27,2026-06-29T11:25:06
1428,jacqueline.dixon1428@example.com,Jacqueline,Dixon,826 Sherri Trail,Boothtown,VT,13755,US,555-1428,2025-08-21T18:49:20,2026-02-28T19:34:27
1429,kathryn.beck1429@example.com,Kathryn,Beck,84397 Kara Track,South Douglas,VT,06939,US,555-1429,2024-05-16T21:23:54,2026-01-08T09:06:03
1430,gina.fleming1430@example.com,Gina,Fleming,0787 Monica Villages Apt. 135,Port Michelle,UT,58822,US,555-1430,2026-06-28T14:48:30,2026-06-29T20:33:59
1431,jennifer.bailey1431@example.com,Jennifer,Bailey,38071 Williams Stream Suite 993,Danielfurt,OK,68270,US,555-1431,2024-05-01T07:32:56,2025-06-15T09:39:09
1432,tiffany.powell1432@example.com,Tiffany,Powell,5299 Velazquez Knoll Suite 443,Sullivanview,WI,29603,US,555-1432,2025-06-06T19:21:27,2025-06-20T12:05:09
1433,shawn.alvarez1433@example.com,Shawn,Alvarez,9719 Aaron Rue,Jasonview,IL,99381,US,555-1433,2026-06-29T23:40:04,2026-06-29T23:54:12
1434,james.smith1434@example.com,James,Smith,60644 James Route,East Kristenfurt,MS,57304,US,555-1434,2026-06-07T10:50:06,2026-06-29T15:40:02
1435,emily.wells1435@example.com,Emily,Wells,453 David Brook Apt. 896,Crystalfort,AS,23472,US,555-1435,2026-05-17T02:26:15,2026-05-28T10:18:44
1436,courtney.gonzalez1436@example.com,Courtney,Gonzalez,87703 Eric Mountain,South Kelsey,CT,74523,US,555-1436,2026-04-24T08:14:24,2026-05-25T05:40:25
1437,samantha.robinson1437@example.com,Samantha,Robinson,396 Smith Rue,West Jamesport,HI,42525,US,555-1437,2025-02-03T02:02:06,2025-08-07T00:38:22
1438,kristy.stokes1438@example.com,Kristy,Stokes,0305 Mason Centers,Tammyborough,WI,86932,US,555-1438,2026-04-30T21:03:18,2026-05-24T08:28:41
1439,kevin.jones1439@example.com,Kevin,Jones,9091 Summer Mount,West Peterfurt,MS,64479,US,555-1439,2025-11-28T06:18:10,2026-05-01T10:51:58
1440,john.owens1440@example.com,John,Owens,0299 Scott Stravenue Apt. 669,Port Christina,KY,48672,US,555-1440,2022-03-30T18:00:04,2023-11-08T03:04:40
1441,brent.white1441@example.com,Brent,White,667 Miranda Pike,Larryview,SD,50360,US,555-1441,2021-08-11T10:24:02,2026-03-16T22:04:14
1442,john.woodard1442@example.com,John,Woodard,09225 Ward Valley,South Raymond,VT,69598,US,555-1442,2025-03-05T05:24:03,2026-03-20T15:54:18
1443,kendra.foster1443@example.com,Kendra,Foster,140 Jay Station,Port Kyle,SC,59176,US,555-1443,2026-04-17T02:39:40,2026-04-19T03:41:19
1444,ronald.vasquez1444@example.com,Ronald,Vasquez,38033 Boyd Falls Suite 017,Sweeneyhaven,MD,83949,US,555-1444,2026-04-06T00:23:18,2026-06-14T13:54:36
1445,bailey.frey1445@example.com,Bailey,Frey,1052 Reyes Pines,South Tammy,VT,76494,US,555-1445,2025-09-25T20:55:37,2026-04-28T01:15:29
1446,alexandria.holland1446@example.com,Alexandria,Holland,14559 Jennifer Mews,Lake Angelicaville,PW,84525,US,555-1446,2025-10-12T09:30:54,2026-02-23T23:55:02
1447,travis.rasmussen1447@example.com,Travis,Rasmussen,56683 Jeffery Keys Apt. 695,Lake Stephanie,AR,71377,US,555-1447,2026-03-21T14:09:09,2026-05-10T11:24:23
1448,marcus.hanna1448@example.com,Marcus,Hanna,36245 Dawson Streets Apt. 714,Gonzalezside,AZ,57017,US,555-1448,2022-07-18T04:00:23,2025-11-04T16:37:35
1449,jeremy.anderson1449@example.com,Jeremy,Anderson,7940 Schmitt Street Suite 315,Heatherton,DE,08582,US,555-1449,2025-07-02T05:26:30,2025-12-03T07:51:34
1450,robert.wells1450@example.com,Robert,Wells,00794 Annette Estate Suite 538,Lawrencehaven,WI,55065,US,555-1450,2025-06-12T18:52:26,2025-08-12T17:38:31
1451,stacey.moore1451@example.com,Stacey,Moore,9986 Douglas Prairie,Lake Ginabury,PW,91337,US,555-1451,2021-09-22T05:38:18,2023-03-21T05:32:54
1452,virginia.scott1452@example.com,Virginia,Scott,26472 Holt Spurs,Robertstown,NM,02772,US,555-1452,2024-07-28T15:28:43,2025-01-30T15:30:13
1453,karen.lee1453@example.com,Karen,Lee,564 Julia Shores Apt. 405,Lake Brianview,SD,94454,US,555-1453,2023-01-04T14:55:34,2025-05-20T04:28:33
1454,stacy.bowen1454@example.com,Stacy,Bowen,211 Juan Rest Suite 264,Davisfurt,MA,05692,US,555-1454,2025-07-02T17:40:15,2025-09-05T12:51:16
1455,andrea.tran1455@example.com,Andrea,Tran,0078 Paul Estate,West Christineshire,PR,87137,US,555-1455,2022-07-05T14:33:29,2025-01-29T00:05:57
1456,john.cook1456@example.com,John,Cook,520 Aaron Creek Suite 444,Port Jonathan,AZ,71264,US,555-1456,2026-03-22T14:48:38,2026-05-07T22:13:47
1457,linda.moore1457@example.com,Linda,Moore,726 Wagner Station Apt. 536,Turnerside,SD,88177,US,555-1457,2026-06-29T20:12:18,2026-06-29T23:23:29
1458,dawn.mccarthy1458@example.com,Dawn,Mccarthy,971 Jones Vista,Georgeshire,VT,25959,US,555-1458,2023-03-17T04:46:58,2024-10-19T14:04:00
1459,jasmine.davis1459@example.com,Jasmine,Davis,9106 Smith Manor,Christopherstad,KS,71350,US,555-1459,2026-03-02T21:06:13,2026-06-21T15:19:00
1460,patrick.miller1460@example.com,Patrick,Miller,848 Dean Divide,West Jeffreyborough,MO,37123,US,555-1460,2024-09-12T11:52:12,2026-04-25T18:10:02
1461,mark.scott1461@example.com,Mark,Scott,4973 Schmidt Islands Apt. 425,Sarahtown,AR,94430,US,555-1461,2025-03-26T17:45:26,2025-06-20T00:29:19
1462,andrew.williams1462@example.com,Andrew,Williams,569 Ryan Highway,New Donberg,IN,59161,US,555-1462,2026-05-28T13:27:36,2026-06-19T19:40:04
1463,erica.david1463@example.com,Erica,David,8384 Jenkins Pine,Michelleborough,MD,77075,US,555-1463,2026-03-20T21:54:40,2026-04-11T14:36:35
1464,scott.richmond1464@example.com,Scott,Richmond,27111 Greer Run,Lindatown,DE,58780,US,555-1464,2021-11-07T20:01:26,2025-09-03T11:18:59
1465,steven.sharp1465@example.com,Steven,Sharp,7374 George Lodge Suite 072,East Joanneburgh,PR,59335,US,555-1465,2021-12-09T11:33:13,2024-11-01T00:26:55
1466,julie.davis1466@example.com,Julie,Davis,31234 Kimberly Meadows,Andrewmouth,MP,83802,US,555-1466,2025-04-03T23:54:26,2025-08-14T22:31:23
1467,megan.miller1467@example.com,Megan,Miller,8087 Matthew Freeway,South Heatherport,KY,86926,US,555-1467,2026-01-29T12:08:41,2026-03-08T05:55:19
1468,sheila.wilkinson1468@example.com,Sheila,Wilkinson,7095 Charles Parkways Suite 868,Lake Courtneyville,VT,77161,US,555-1468,2024-04-26T11:10:49,2025-04-02T18:43:08
1469,kyle.wheeler1469@example.com,Kyle,Wheeler,892 Patrick Way Suite 657,Lake Lisahaven,PW,81493,US,555-1469,2022-11-29T19:36:43,2025-10-12T07:25:15
1470,stacey.ellis1470@example.com,Stacey,Ellis,0952 Mark Turnpike Suite 095,Lake Mike,KY,46883,US,555-1470,2022-01-01T11:08:46,2025-07-30T14:18:02
1471,harry.simmons1471@example.com,Harry,Simmons,1812 John Stravenue,Hansenmouth,AZ,68686,US,555-1471,2026-04-08T00:46:41,2026-04-10T19:14:15
1472,larry.parrish1472@example.com,Larry,Parrish,48667 Alejandra Glens,New Ryanfurt,MP,03947,US,555-1472,2026-03-09T20:30:37,2026-04-12T18:06:47
1473,anthony.wilson1473@example.com,Anthony,Wilson,4953 Regina Stravenue,North Jasmine,CT,07418,US,555-1473,2026-06-18T09:25:11,2026-06-23T07:13:03
1474,julie.bennett1474@example.com,Julie,Bennett,501 Bennett Cape Apt. 672,Davidsonside,HI,50822,US,555-1474,2026-06-29T01:44:10,2026-06-29T14:46:24
1475,darlene.ryan1475@example.com,Darlene,Ryan,1504 Jennifer Circles Suite 082,Underwoodland,VT,85432,US,555-1475,2026-01-26T19:39:29,2026-02-18T20:57:32
1476,nicholas.parsons1476@example.com,Nicholas,Parsons,02786 Alvarado Trail,South Amy,MA,52111,US,555-1476,2026-06-18T10:40:23,2026-06-22T07:39:21
1477,charlene.cannon1477@example.com,Charlene,Cannon,13885 Nicole Hill,Lake Mary,PW,48196,US,555-1477,2024-02-26T18:00:41,2026-03-24T06:30:41
1478,ruben.patterson1478@example.com,Ruben,Patterson,7742 Douglas Lakes,East Carlshire,VT,17059,US,555-1478,2025-11-26T14:05:53,2026-03-09T05:48:07
1479,crystal.mccann1479@example.com,Crystal,Mccann,6308 Mathew Curve Apt. 910,New Mirandatown,OK,47607,US,555-1479,2026-04-08T11:51:45,2026-06-08T21:22:06
1480,cesar.silva1480@example.com,Cesar,Silva,1076 Jones Throughway,Ramirezmouth,UT,09781,US,555-1480,2024-11-10T21:41:31,2025-08-26T21:04:57
1481,todd.white1481@example.com,Todd,White,12154 Jennifer Plain,Amandaside,DE,92669,US,555-1481,2024-11-05T01:35:37,2025-08-11T22:55:15
1482,donna.tapia1482@example.com,Donna,Tapia,89319 Mario View Suite 027,Nicholsmouth,DE,13884,US,555-1482,2026-02-21T02:31:35,2026-05-12T06:26:11
1483,david.martin1483@example.com,David,Martin,7487 Smith Mountains,West Jimmyside,PW,03859,US,555-1483,2024-06-24T13:50:52,2025-01-01T07:40:15
1484,wayne.payne1484@example.com,Wayne,Payne,98058 Mendoza Ville Suite 559,Valenzuelatown,MO,83543,US,555-1484,2022-01-17T01:17:14,2023-02-26T23:14:51
1485,marcia.mathis1485@example.com,Marcia,Mathis,10951 Gill Plaza Suite 828,Lake Debra,AR,15292,US,555-1485,2022-08-10T20:51:15,2026-06-14T21:24:05
1486,karen.cruz1486@example.com,Karen,Cruz,6847 Dylan Turnpike,Port Brandonburgh,VT,72998,US,555-1486,2026-06-20T10:41:27,2026-06-28T17:57:31
1487,melissa.moore1487@example.com,Melissa,Moore,7208 Eric Crescent Apt. 415,West Briana,VT,73875,US,555-1487,2025-11-05T16:45:59,2026-04-29T00:44:48
1488,craig.burgess1488@example.com,Craig,Burgess,01203 Barbara Burgs Apt. 387,Floresshire,UT,03026,US,555-1488,2023-09-30T17:37:51,2024-02-15T07:50:51
1489,daniel.morales1489@example.com,Daniel,Morales,096 Louis Forks Apt. 601,Pittmanbury,WI,65649,US,555-1489,2022-12-23T07:15:43,2023-01-31T03:10:21
1490,william.parker1490@example.com,William,Parker,1504 Martinez River,Hesterborough,IL,72674,US,555-1490,2026-02-26T01:41:05,2026-03-19T19:25:00
1491,alexandra.valdez1491@example.com,Alexandra,Valdez,3577 Klein Pine Suite 929,Karenstad,PW,35875,US,555-1491,2023-02-01T21:38:28,2026-04-13T12:44:55
1492,jason.moore1492@example.com,Jason,Moore,0292 Green Terrace,Ericaton,PR,86696,US,555-1492,2024-12-06T10:53:01,2026-03-17T04:26:03
1493,laura.rodriguez1493@example.com,Laura,Rodriguez,5967 Mark Spurs Apt. 666,Lake Kevinfort,DE,77524,US,555-1493,2022-07-30T02:23:51,2024-08-16T13:39:57
1494,dustin.thompson1494@example.com,Dustin,Thompson,621 Sean Squares Apt. 138,Walkerport,MP,11019,US,555-1494,2024-11-22T05:33:59,2026-06-11T17:51:11
1495,gary.guerrero1495@example.com,Gary,Guerrero,9491 Wilson Street,East Lauren,IL,38326,US,555-1495,2022-07-16T07:18:24,2023-02-13T01:42:10
1496,stacy.gutierrez1496@example.com,Stacy,Gutierrez,73087 Sandra Throughway Apt. 903,Edwardsmouth,AZ,76237,US,555-1496,2026-05-19T13:44:44,2026-06-11T17:41:00
1497,sara.owens1497@example.com,Sara,Owens,44641 Moore Port,North Alicia,MS,45313,US,555-1497,2021-10-01T13:27:46,2022-08-14T23:34:14
1498,diana.acosta1498@example.com,Diana,Acosta,706 Mary Village Suite 373,Thompsonbury,IN,38331,US,555-1498,2026-06-23T04:33:34,2026-06-25T06:38:32
1499,jennifer.berry1499@example.com,Jennifer,Berry,43766 John Mall,Erinfort,MP,45074,US,555-1499,2023-05-08T07:17:32,2026-04-22T05:35:59
1500,russell.ray1500@example.com,Russell,Ray,3522 Smith Mall Apt. 271,East Erin,MA,80076,US,555-1500,2026-06-09T13:51:23,2026-06-27T07:26:15
1501,rebecca.valdez1501@example.com,Rebecca,Valdez,588 Stephanie Bypass Suite 167,Garciabury,AL,79950,US,555-1501,2022-05-16T15:57:39,2022-10-16T21:45:04
1502,katherine.moreno1502@example.com,Katherine,Moreno,0030 Christopher Circles,Perkinsmouth,WI,65349,US,555-1502,2026-06-09T14:35:33,2026-06-14T16:43:15
1503,melanie.porter1503@example.com,Melanie,Porter,21707 Turner Walk,Lake James,ID,15907,US,555-1503,2024-08-09T10:16:14,2025-09-23T09:12:29
1504,charles.goodwin1504@example.com,Charles,Goodwin,7940 Schmitt Street Suite 315,South Richard,MS,33924,US,555-1504,2025-04-15T19:33:14,2025-05-12T19:42:43
1505,jennifer.pruitt1505@example.com,Jennifer,Pruitt,2881 Cortez Stream,Hansenmouth,NM,16866,US,555-1505,2026-03-29T09:16:11,2026-05-19T07:57:34
1506,heather.baker1506@example.com,Heather,Baker,8384 Faith Road,Millstown,IN,42791,US,555-1506,2022-08-30T23:34:05,2024-11-25T16:42:17
1507,rodney.benton1507@example.com,Rodney,Benton,4741 Brown Spring,Ericview,OH,01591,US,555-1507,2025-05-10T01:24:07,2025-09-08T02:00:37
1508,russell.ferguson1508@example.com,Russell,Ferguson,441 Gonzales Plains,Freemanfort,MH,29213,US,555-1508,2024-08-21T02:19:21,2025-03-07T19:20:19
1509,roberta.davis1509@example.com,Roberta,Davis,117 Jessica Trafficway,Lynchside,MS,98634,US,555-1509,2026-02-04T09:58:42,2026-03-09T18:23:10
1510,desiree.saunders1510@example.com,Desiree,Saunders,181 James Mountains,West Paul,AS,69439,US,555-1510,2022-02-05T11:13:10,2026-03-18T17:25:54
1511,melissa.padilla1511@example.com,Melissa,Padilla,6610 Wendy Summit Suite 342,Joeltown,FL,47094,US,555-1511,2024-05-24T18:16:18,2025-03-18T17:30:22
1512,anna.smith1512@example.com,Anna,Smith,50902 Villarreal Glen,Nathanborough,MD,62446,US,555-1512,2025-08-01T11:33:30,2026-02-12T02:15:50
1513,megan.hodge1513@example.com,Megan,Hodge,2017 Gibson Grove,Welchville,PW,54047,US,555-1513,2024-05-23T07:19:12,2025-01-09T19:44:06
1514,gene.chen1514@example.com,Gene,Chen,16327 Susan Run Suite 914,Port Brandonburgh,PW,96430,US,555-1514,2023-10-20T14:03:48,2025-09-10T14:17:40
1515,bill.giles1515@example.com,Bill,Giles,7435 Singh Squares,Stewartfurt,WY,65979,US,555-1515,2026-04-10T20:07:47,2026-04-18T23:17:22
1516,travis.mccarthy1516@example.com,Travis,Mccarthy,08059 David Village Suite 412,Henrychester,IL,82444,US,555-1516,2023-06-07T17:40:58,2023-08-26T20:25:16
1517,debbie.franklin1517@example.com,Debbie,Franklin,61840 Nathaniel Via,Millermouth,VT,90589,US,555-1517,2026-04-13T20:17:21,2026-06-10T06:29:14
1518,steven.hernandez1518@example.com,Steven,Hernandez,99650 Richard Track,Lake Rebecca,OK,09716,US,555-1518,2024-06-02T04:27:03,2025-12-04T20:45:36
1519,robin.wilson1519@example.com,Robin,Wilson,541 Victor Spur Apt. 728,Lake Marychester,AL,29822,US,555-1519,2026-04-17T22:33:28,2026-05-07T07:13:20
1520,regina.watson1520@example.com,Regina,Watson,60644 James Route,Ramirezmouth,AS,50266,US,555-1520,2026-04-26T06:27:48,2026-05-19T06:02:29
1521,casey.jones1521@example.com,Casey,Jones,96227 Kaitlin Square,East Tracy,FL,50024,US,555-1521,2025-02-05T21:41:03,2026-06-08T05:47:43
1522,vincent.martinez1522@example.com,Vincent,Martinez,4225 Espinoza Summit Suite 188,Carrieview,MS,87809,US,555-1522,2026-01-29T03:36:54,2026-02-13T23:50:05
1523,brooke.maxwell1523@example.com,Brooke,Maxwell,68171 Parks Courts,Katrinaborough,MO,30863,US,555-1523,2026-06-28T12:40:24,2026-06-28T19:08:35
1524,daniel.smith1524@example.com,Daniel,Smith,0932 Hernandez Trail,Kimberlyton,PW,87557,US,555-1524,2023-04-07T12:35:28,2024-08-26T17:51:46
1525,april.quinn1525@example.com,April,Quinn,1812 Mike Lock,South Kevin,VT,78213,US,555-1525,2021-08-02T15:23:39,2022-12-21T06:19:53
1526,maria.schroeder1526@example.com,Maria,Schroeder,6794 Robyn Fort Suite 640,Danielleborough,ID,69823,US,555-1526,2023-12-06T14:43:57,2025-08-05T08:04:30
1527,kevin.martinez1527@example.com,Kevin,Martinez,352 Roberson Crossroad,East Cesar,AS,64265,US,555-1527,2022-02-21T21:57:56,2025-02-23T08:09:28
1528,marcus.klein1528@example.com,Marcus,Klein,100 Hernandez Inlet,West Tammyburgh,IL,16445,US,555-1528,2023-09-07T19:24:05,2025-02-28T23:36:07
1529,michael.valdez1529@example.com,Michael,Valdez,526 Robin Mills Suite 699,North Courtney,DE,90934,US,555-1529,2021-07-29T00:49:13,2024-07-31T08:02:10
1530,jacob.martin1530@example.com,Jacob,Martin,70804 Carla Ford Apt. 850,Christopherstad,MS,53764,US,555-1530,2025-07-15T00:36:46,2025-12-13T17:04:55
1531,jack.garcia1531@example.com,Jack,Garcia,042 Howard Mount Suite 286,Port Jordanstad,NC,73941,US,555-1531,2025-01-16T23:47:13,2026-02-23T05:49:31
1532,matthew.smith1532@example.com,Matthew,Smith,2322 Jimenez Vista,Ronaldshire,UT,78820,US,555-1532,2025-10-14T12:40:15,2025-10-25T09:49:18
1533,george.brown1533@example.com,George,Brown,330 Nelson Haven,West Sandrashire,AR,67576,US,555-1533,2021-10-18T12:21:32,2023-04-08T06:36:31
1534,christina.simmons1534@example.com,Christina,Simmons,64928 Mark Flats,East Brandon,NM,27211,US,555-1534,2025-03-21T02:20:30,2026-02-02T23:24:16
1535,jeffrey.barton1535@example.com,Jeffrey,Barton,519 Myers Orchard Apt. 457,Thomasfort,MD,68431,US,555-1535,2022-06-19T22:21:26,2023-10-17T20:41:22
1536,robert.morgan1536@example.com,Robert,Morgan,3030 Phillips Mission,West Meganhaven,VT,36067,US,555-1536,2026-06-07T07:04:15,2026-06-09T01:52:01
1537,lisa.arnold1537@example.com,Lisa,Arnold,7164 Brenda Loaf,Carolynland,PR,21115,US,555-1537,2026-02-16T12:54:38,2026-04-03T14:01:09
1538,whitney.johnston1538@example.com,Whitney,Johnston,6255 Cline Canyon Apt. 635,Lake Sandra,MS,87999,US,555-1538,2024-10-07T02:24:27,2025-12-29T23:34:17
1539,thomas.jensen1539@example.com,Thomas,Jensen,2439 Gabriel Route,West Lucas,WI,79950,US,555-1539,2025-11-11T10:01:38,2025-12-09T13:05:17
1540,sean.mason1540@example.com,Sean,Mason,073 Robert Hollow Suite 893,Wattsberg,AR,94190,US,555-1540,2026-02-08T00:45:46,2026-05-21T21:45:13
1541,nicholas.griffith1541@example.com,Nicholas,Griffith,50592 Perez Ways Apt. 955,Lake Williamhaven,UT,35660,US,555-1541,2025-09-29T09:58:51,2026-04-29T13:38:16
1542,tonya.hernandez1542@example.com,Tonya,Hernandez,9909 Mccarthy Springs Apt. 286,South Charles,MH,25286,US,555-1542,2026-04-11T12:00:23,2026-06-01T00:09:22
1543,john.schultz1543@example.com,John,Schultz,59759 Ashley Valleys Apt. 821,Whitemouth,UT,30295,US,555-1543,2022-11-21T11:52:10,2023-10-09T00:43:13
1544,kelsey.buchanan1544@example.com,Kelsey,Buchanan,722 Williams Mall,North Theresa,TN,87557,US,555-1544,2025-12-31T18:47:43,2026-05-25T21:51:45
1545,nicole.murray1545@example.com,Nicole,Murray,34568 Sexton Pines,Lake Travis,FL,18769,US,555-1545,2024-06-09T23:27:30,2024-11-17T19:32:22
1546,mark.levine1546@example.com,Mark,Levine,7676 Benson Locks Apt. 919,Martinville,VT,73774,US,555-1546,2026-05-19T13:05:14,2026-06-26T02:18:00
1547,thomas.sanders1547@example.com,Thomas,Sanders,360 Julie Ramp,East Mary,IL,51702,US,555-1547,2023-01-26T23:26:07,2025-06-28T07:12:19
1548,thomas.bates1548@example.com,Thomas,Bates,6083 David Pines Apt. 958,Port Michaelchester,SC,82444,US,555-1548,2026-01-31T17:51:26,2026-02-08T21:52:18
1549,whitney.hodge1549@example.com,Whitney,Hodge,985 Tony Divide,Jordanmouth,MS,68173,US,555-1549,2025-09-23T03:05:54,2026-05-04T19:49:52
1550,maria.williams1550@example.com,Maria,Williams,55799 Michael Vista,West Lisa,AR,55942,US,555-1550,2023-02-01T07:58:21,2024-10-23T16:10:08
1551,jeffrey.lucas1551@example.com,Jeffrey,Lucas,46581 Clark Road Suite 217,Kellyfort,WI,15940,US,555-1551,2026-03-17T11:00:22,2026-05-03T18:41:57
1552,robert.caldwell1552@example.com,Robert,Caldwell,85948 Lawson Causeway Apt. 562,South Zachary,OH,08449,US,555-1552,2022-12-21T11:55:11,2024-06-14T11:39:25
1553,michelle.lee1553@example.com,Michelle,Lee,233 Kevin Lane Suite 185,Moonland,AR,23426,US,555-1553,2026-02-10T02:31:33,2026-05-05T23:16:14
1554,michelle.lee1554@example.com,Michelle,Lee,73023 Little Village,Clarkchester,NH,85837,US,555-1554,2025-11-16T10:55:34,2026-04-28T21:07:23
1555,cynthia.tanner1555@example.com,Cynthia,Tanner,7823 Gerald Ranch Suite 704,Davidtown,DE,41183,US,555-1555,2022-06-26T20:41:22,2026-01-28T16:41:23
1556,erica.robles1556@example.com,Erica,Robles,396 Larson Summit Suite 442,Tanyashire,PR,95672,US,555-1556,2026-05-31T00:16:38,2026-06-08T04:43:18
1557,craig.hayes1557@example.com,Craig,Hayes,53550 Davis Fords,Lake Brenda,NC,50464,US,555-1557,2025-10-20T10:29:30,2026-03-28T17:56:50
1558,jonathan.trevino1558@example.com,Jonathan,Trevino,319 Thompson Mill Suite 644,Adamstown,MA,64930,US,555-1558,2025-11-18T18:33:45,2026-04-20T23:36:00
1559,charles.jefferson1559@example.com,Charles,Jefferson,6854 Vanessa Parks,New Andrewberg,KY,61404,US,555-1559,2024-06-04T15:38:16,2025-10-27T08:36:17
1560,david.diaz1560@example.com,David,Diaz,21289 Donna Cove Suite 948,Johnberg,IN,90933,US,555-1560,2024-12-25T09:07:43,2025-09-23T07:54:02
1561,joshua.cruz1561@example.com,Joshua,Cruz,08597 Shelly Parkway Suite 794,Heatherburgh,MO,40423,US,555-1561,2024-12-17T14:34:06,2025-07-24T08:12:53
1562,corey.torres1562@example.com,Corey,Torres,288 Evans Squares,Lake Nathanmouth,MP,80891,US,555-1562,2024-08-11T17:31:48,2026-01-17T16:33:52
1563,robert.stephens1563@example.com,Robert,Stephens,767 Abigail Neck,East James,IL,26727,US,555-1563,2024-01-17T09:15:46,2024-10-11T18:41:39
1564,danny.byrd1564@example.com,Danny,Byrd,0299 Scott Stravenue Apt. 669,Lake Ashleyview,DE,81053,US,555-1564,2021-10-10T02:32:21,2022-10-03T18:25:06
1565,lee.ramirez1565@example.com,Lee,Ramirez,209 Woods Ways,Lauramouth,MS,54123,US,555-1565,2023-05-19T02:34:28,2025-01-29T04:51:22
1566,heather.howard1566@example.com,Heather,Howard,7374 George Lodge Suite 072,South Kevin,KY,44200,US,555-1566,2026-01-05T08:55:02,2026-02-21T08:55:08
1567,audrey.smith1567@example.com,Audrey,Smith,622 Terrell Road Suite 687,Tammyshire,HI,88006,US,555-1567,2026-04-16T21:40:03,2026-04-19T08:46:01
1568,robert.powell1568@example.com,Robert,Powell,311 Maldonado Ramp Apt. 135,East Virginia,UT,91704,US,555-1568,2025-06-17T12:11:32,2025-07-06T23:27:30
1569,danielle.griffith1569@example.com,Danielle,Griffith,7662 White Islands Suite 053,Tuckershire,CT,60075,US,555-1569,2024-06-19T17:48:38,2025-11-16T05:29:57
1570,tina.moreno1570@example.com,Tina,Moreno,22328 Shelton Trace Apt. 402,East Alyssa,PW,84928,US,555-1570,2023-12-18T22:17:10,2026-06-05T04:26:10
1571,logan.cunningham1571@example.com,Logan,Cunningham,885 Christopher Haven,Brownville,VT,85583,US,555-1571,2025-04-18T18:14:50,2025-11-03T13:38:04
1572,monica.ellis1572@example.com,Monica,Ellis,710 Andrew Valley,Lake Gerald,AR,64883,US,555-1572,2025-03-02T13:12:32,2025-05-12T19:03:28
1573,david.gregory1573@example.com,David,Gregory,602 White Radial,East Jasonberg,MP,40873,US,555-1573,2025-09-21T01:19:58,2026-05-09T17:01:46
1574,cynthia.velasquez1574@example.com,Cynthia,Velasquez,72095 Dunn Shore,Millerfort,NC,72913,US,555-1574,2025-10-31T12:23:22,2026-01-02T15:34:12
1575,lisa.tran1575@example.com,Lisa,Tran,12241 Williamson Groves Suite 350,Pennyville,PW,08566,US,555-1575,2024-05-23T09:48:21,2026-06-26T15:25:47
1576,stephen.rodriguez1576@example.com,Stephen,Rodriguez,7499 Davis Manors Suite 926,West Rodneyland,HI,56257,US,555-1576,2025-09-06T09:43:04,2026-02-20T11:11:27
1577,david.cook1577@example.com,David,Cook,4689 Jones Dale Suite 323,Adamstown,AS,89009,US,555-1577,2025-03-13T03:29:56,2025-07-01T09:06:46
1578,beth.walker1578@example.com,Beth,Walker,463 Elizabeth Ridges Suite 348,East Tracey,IN,65443,US,555-1578,2022-10-18T10:04:55,2024-08-18T07:32:23
1579,amber.fernandez1579@example.com,Amber,Fernandez,8888 Amanda Fords,Gonzalezview,DE,51038,US,555-1579,2021-11-27T17:57:24,2023-06-12T14:18:38
1580,elizabeth.mullins1580@example.com,Elizabeth,Mullins,0545 Osborne Loaf Suite 757,West Melanie,UT,93535,US,555-1580,2026-06-29T09:25:36,2026-06-29T20:47:10
1581,sandra.king1581@example.com,Sandra,King,0465 Pratt Walk Suite 652,East Karenview,MA,91179,US,555-1581,2024-12-10T23:45:42,2025-02-08T21:11:23
1582,brooke.hughes1582@example.com,Brooke,Hughes,800 Nancy Manors,Brendastad,DE,25156,US,555-1582,2026-02-06T02:02:15,2026-06-09T10:05:33
1583,cory.sharp1583@example.com,Cory,Sharp,51602 Lorraine Islands Apt. 071,South Jamiefurt,AZ,18620,US,555-1583,2024-02-08T03:11:38,2025-12-08T21:59:08
1584,meghan.combs1584@example.com,Meghan,Combs,0107 Eric Courts,Torresville,MD,80627,US,555-1584,2026-06-22T10:00:08,2026-06-28T22:46:06
1585,brandy.neal1585@example.com,Brandy,Neal,747 Sharp Parks Suite 070,Paultown,OH,04443,US,555-1585,2024-11-24T01:35:25,2026-04-29T18:55:10
1586,william.phelps1586@example.com,William,Phelps,7331 Tanner Parkways Apt. 664,East James,UT,39075,US,555-1586,2026-04-28T17:25:33,2026-05-13T00:50:44
1587,john.griffin1587@example.com,John,Griffin,790 Ballard Terrace Suite 224,Alvaradomouth,SC,82371,US,555-1587,2024-12-21T00:06:21,2025-10-06T16:21:07
1588,debra.jones1588@example.com,Debra,Jones,674 Mendoza Walks Apt. 698,Alyssamouth,MP,60512,US,555-1588,2026-06-23T19:05:52,2026-06-29T01:39:11
1589,joshua.torres1589@example.com,Joshua,Torres,398 Wade Flat,New Jason,UT,04038,US,555-1589,2025-08-07T08:47:28,2025-12-08T15:12:51
1590,gabriel.burns1590@example.com,Gabriel,Burns,837 Bryan Union Suite 366,Lake Zacharyborough,AR,55467,US,555-1590,2026-06-26T03:03:47,2026-06-26T08:40:37
1591,corey.brandt1591@example.com,Corey,Brandt,91741 Charles Ports Suite 707,New Ericville,AR,96540,US,555-1591,2025-04-24T00:48:48,2025-08-28T00:14:28
1592,loretta.henry1592@example.com,Loretta,Henry,14426 Valdez Gardens,West Tarastad,AS,34105,US,555-1592,2022-04-18T18:23:29,2023-04-24T16:28:49
1593,marilyn.randall1593@example.com,Marilyn,Randall,4028 Marco Track Apt. 676,Halestad,PW,58325,US,555-1593,2026-04-04T04:00:56,2026-06-18T17:12:45
1594,brian.sanchez1594@example.com,Brian,Sanchez,05937 Stevens Locks,Lake Robertland,AS,37382,US,555-1594,2026-03-08T04:51:40,2026-04-29T23:41:23
1595,andrea.williamson1595@example.com,Andrea,Williamson,15576 Osborne Spring,North Edgar,PR,02951,US,555-1595,2024-03-07T07:48:35,2025-10-05T16:44:54
1596,stacey.smith1596@example.com,Stacey,Smith,4714 White Spurs,West Michael,MP,96967,US,555-1596,2022-05-28T13:14:00,2026-05-04T10:14:43
1597,jacob.collins1597@example.com,Jacob,Collins,45847 Gonzalez Locks,Jamesfort,DE,40462,US,555-1597,2024-02-26T19:24:35,2024-11-08T08:56:14
1598,darrell.goodwin1598@example.com,Darrell,Goodwin,5867 Paul Falls Apt. 318,North Kevin,OK,25674,US,555-1598,2023-06-12T18:44:16,2025-10-07T03:54:21
1599,christine.hayes1599@example.com,Christine,Hayes,183 John Park,North Brian,NV,80173,US,555-1599,2026-06-24T21:00:07,2026-06-24T23:48:06
1600,rebecca.maynard1600@example.com,Rebecca,Maynard,87416 Tracy Square Suite 365,West Mark,MS,21255,US,555-1600,2025-10-21T11:57:11,2025-11-16T16:24:11
1601,dwayne.brown1601@example.com,Dwayne,Brown,497 Gina Road Apt. 920,North Teresa,OH,41909,US,555-1601,2026-02-14T07:51:28,2026-03-08T06:54:48
1602,lynn.martin1602@example.com,Lynn,Martin,2222 Parker Lane Apt. 533,Ronaldshire,WY,11061,US,555-1602,2026-06-28T07:59:53,2026-06-28T20:29:43
1603,dana.harrison1603@example.com,Dana,Harrison,585 Hailey Shore Apt. 303,South Charles,HI,21421,US,555-1603,2023-07-23T14:59:19,2024-09-27T18:40:30
1604,debbie.wilson1604@example.com,Debbie,Wilson,19362 Cisneros Locks Apt. 221,West Dianafurt,AS,05838,US,555-1604,2023-09-27T16:15:44,2025-01-19T17:01:29
1605,levi.johnston1605@example.com,Levi,Johnston,73008 Burke Loaf,North Cynthia,KY,75709,US,555-1605,2026-06-23T16:08:37,2026-06-25T05:23:55
1606,noah.hunt1606@example.com,Noah,Hunt,00735 Bridges Points,New Dylanburgh,DE,38325,US,555-1606,2022-02-14T17:54:22,2022-05-31T10:37:16
1607,stephen.lara1607@example.com,Stephen,Lara,3354 Fuller Squares,Johnburgh,PW,74611,US,555-1607,2026-01-14T10:13:04,2026-05-07T06:48:27
1608,marc.powers1608@example.com,Marc,Powers,659 Matthew Curve Suite 025,Ericview,AS,58097,US,555-1608,2024-03-16T19:53:32,2024-04-05T14:09:46
1609,john.kim1609@example.com,John,Kim,4783 Nicole Mission,Jamesberg,KY,13268,US,555-1609,2024-11-20T03:50:37,2026-03-10T04:33:16
1610,kevin.carter1610@example.com,Kevin,Carter,06032 Blake Mission Suite 318,Robertamouth,KY,86434,US,555-1610,2024-01-11T21:19:43,2026-04-27T05:33:17
1611,joel.brock1611@example.com,Joel,Brock,993 Marissa Ramp,Lake Sandra,MA,02576,US,555-1611,2026-06-17T02:43:06,2026-06-26T06:25:20
1612,amanda.jones1612@example.com,Amanda,Jones,7932 Zachary Valley,Lake Paulmouth,KY,14998,US,555-1612,2024-10-20T06:50:42,2025-10-23T10:03:07
1613,donald.huerta1613@example.com,Donald,Huerta,585 Henry Skyway Suite 252,East Stephanieville,AZ,49494,US,555-1613,2025-12-08T23:07:46,2026-04-21T08:41:44
1614,thomas.brown1614@example.com,Thomas,Brown,699 Mcneil Pines Apt. 904,New Elizabeth,MS,56721,US,555-1614,2026-06-20T13:11:18,2026-06-26T17:07:11
1615,ana.austin1615@example.com,Ana,Austin,5130 Malik Roads Apt. 198,Underwoodmouth,MD,20140,US,555-1615,2026-05-22T12:25:28,2026-06-27T08:55:28
1616,jeremy.fry1616@example.com,Jeremy,Fry,395 Farrell Island Suite 192,Hallville,AR,26113,US,555-1616,2025-04-03T20:34:12,2026-06-13T20:40:03
1617,richard.martinez1617@example.com,Richard,Martinez,057 Dennis Court Apt. 927,West Austinport,HI,04502,US,555-1617,2025-07-21T20:15:58,2025-12-15T06:32:58
1618,maria.zimmerman1618@example.com,Maria,Zimmerman,0184 Kelsey Rapid Suite 374,Michelleborough,AS,66522,US,555-1618,2025-05-30T14:01:28,2026-01-29T14:05:26
1619,jeffrey.chen1619@example.com,Jeffrey,Chen,40012 Kim Square Apt. 239,North Susanhaven,AS,34939,US,555-1619,2026-01-19T13:45:54,2026-05-29T04:01:41
1620,christopher.smith1620@example.com,Christopher,Smith,4197 Norman Station Suite 851,Brittanyland,VT,23315,US,555-1620,2024-07-16T19:44:00,2024-07-17T13:30:09
1621,nicholas.king1621@example.com,Nicholas,King,6762 Melanie Mill,North Donaldborough,MP,54473,US,555-1621,2026-06-20T19:46:18,2026-06-25T15:50:07
1622,hunter.cordova1622@example.com,Hunter,Cordova,694 King Rapids,Drewton,IN,62988,US,555-1622,2026-03-03T19:56:41,2026-05-19T23:32:17
1623,catherine.watson1623@example.com,Catherine,Watson,3611 April Oval,Port Williambury,TN,02164,US,555-1623,2024-06-23T00:50:29,2025-12-03T14:10:04
1624,steven.bradley1624@example.com,Steven,Bradley,718 Catherine Flat Apt. 913,New Ryanchester,SC,77614,US,555-1624,2022-02-18T06:16:23,2023-09-28T15:30:58
1625,corey.roberson1625@example.com,Corey,Roberson,4502 Kristen Freeway,Lake Courtney,OK,93014,US,555-1625,2025-07-31T15:15:45,2025-11-07T04:38:09
1626,justin.mendez1626@example.com,Justin,Mendez,325 Sean Radial,South Brian,AR,89421,US,555-1626,2025-08-31T04:41:13,2025-10-25T08:22:26
1627,patricia.landry1627@example.com,Patricia,Landry,1621 Snow Stravenue,Elizabethborough,PW,37696,US,555-1627,2026-04-30T13:07:14,2026-06-03T06:26:37
1628,amanda.hernandez1628@example.com,Amanda,Hernandez,6504 Martinez Plaza,Paulamouth,NV,67019,US,555-1628,2022-12-30T03:46:53,2026-03-18T21:10:48
1629,monica.drake1629@example.com,Monica,Drake,60601 Nichols Plains Suite 084,Lake Shannonview,MD,05950,US,555-1629,2025-05-02T08:39:52,2026-05-16T22:22:29
1630,christopher.jackson1630@example.com,Christopher,Jackson,44817 Gutierrez Knoll Suite 868,New Brittanyhaven,PW,79197,US,555-1630,2024-08-05T02:29:59,2025-04-11T21:11:32
1631,dale.guerrero1631@example.com,Dale,Guerrero,8586 Elizabeth Burg Suite 168,South Dean,UT,94485,US,555-1631,2026-04-18T10:45:24,2026-05-07T03:44:42
1632,amy.baker1632@example.com,Amy,Baker,8260 Kevin Path Suite 872,Davidside,PW,49863,US,555-1632,2025-05-12T06:18:27,2026-04-03T14:47:15
1633,thomas.fleming1633@example.com,Thomas,Fleming,550 Mccullough Ridge Apt. 673,Lauratown,NV,02301,US,555-1633,2026-03-06T21:33:50,2026-05-29T08:16:29
1634,amy.wagner1634@example.com,Amy,Wagner,3990 Gregory Loop Apt. 082,Nancytown,UT,74018,US,555-1634,2022-12-13T23:40:35,2024-09-27T21:40:25
1635,james.martinez1635@example.com,James,Martinez,541 Julie Circle,Lopezborough,IL,80519,US,555-1635,2025-08-01T22:35:44,2025-12-09T02:56:06
1636,richard.hughes1636@example.com,Richard,Hughes,3088 Kevin Centers Apt. 532,Pamelaville,DE,86011,US,555-1636,2024-05-31T09:14:37,2024-09-02T10:10:22
1637,amy.griffin1637@example.com,Amy,Griffin,91570 Abigail Shoals Suite 094,South Phillip,SD,27087,US,555-1637,2023-10-13T14:25:29,2025-11-29T04:50:07
1638,jessica.hall1638@example.com,Jessica,Hall,4199 Nguyen Summit,Bassshire,TN,89605,US,555-1638,2026-06-29T23:39:22,2026-06-29T23:52:06
1639,monique.wells1639@example.com,Monique,Wells,8831 Cannon Center,Tammyborough,MD,91605,US,555-1639,2025-10-16T20:44:16,2026-01-21T09:31:41
1640,julie.daniel1640@example.com,Julie,Daniel,4088 Dustin Causeway Suite 862,Wrightberg,SC,12345,US,555-1640,2025-08-10T18:53:18,2026-06-03T18:01:45
1641,shannon.erickson1641@example.com,Shannon,Erickson,5244 Rangel Lake,Lake Christopherchester,PR,10103,US,555-1641,2024-06-18T20:04:27,2025-10-20T18:17:00
1642,sandra.williams1642@example.com,Sandra,Williams,19906 Mullins Street Apt. 226,Lake Christopherside,MH,19202,US,555-1642,2026-03-21T21:22:27,2026-06-22T21:59:14
1643,jennifer.castro1643@example.com,Jennifer,Castro,1335 Karen Ridge,Smithhaven,MA,69188,US,555-1643,2025-10-20T06:32:08,2026-02-17T04:04:02
1644,jacqueline.davis1644@example.com,Jacqueline,Davis,566 Coleman Green Apt. 473,Destinymouth,WI,68221,US,555-1644,2025-03-25T14:26:54,2025-10-21T08:40:56
1645,michael.klein1645@example.com,Michael,Klein,2680 Atkins Plains,East Susanfurt,PW,11971,US,555-1645,2024-10-26T01:47:21,2026-05-22T14:16:58
1646,steven.clark1646@example.com,Steven,Clark,6970 Williams Knoll,South Johnside,IL,06028,US,555-1646,2022-08-12T01:19:05,2026-05-03T23:40:29
1647,diana.haynes1647@example.com,Diana,Haynes,24114 Anthony Lodge Suite 015,West Rogerland,UT,89938,US,555-1647,2025-08-26T07:13:58,2026-06-17T22:16:32
1648,douglas.bush1648@example.com,Douglas,Bush,463 Elizabeth Ridges Suite 348,South William,TN,36009,US,555-1648,2026-06-03T13:42:43,2026-06-25T05:07:43
1649,robert.ryan1649@example.com,Robert,Ryan,441 Gonzales Plains,Nicholsmouth,VT,62317,US,555-1649,2023-01-21T16:35:00,2024-08-24T03:41:09
1650,michael.lindsey1650@example.com,Michael,Lindsey,62999 Oneal Roads,North Bradley,SC,04098,US,555-1650,2026-03-07T08:47:13,2026-03-31T11:21:54
1651,luis.smith1651@example.com,Luis,Smith,7376 Cooper Mill,North Evelynburgh,KS,10248,US,555-1651,2022-11-20T00:17:24,2024-04-08T09:10:50
1652,sara.williams1652@example.com,Sara,Williams,1539 Kristine Expressway Suite 247,Harristown,PW,84299,US,555-1652,2026-03-05T00:27:08,2026-06-22T18:46:02
1653,anna.matthews1653@example.com,Anna,Matthews,24242 Lewis Landing Apt. 317,Elliottland,PW,58051,US,555-1653,2026-06-29T03:27:15,2026-06-29T10:55:25
1654,katie.zavala1654@example.com,Katie,Zavala,10951 Gill Plaza Suite 828,New Jasonhaven,AS,13543,US,555-1654,2025-03-21T10:42:45,2026-03-08T17:44:01
1655,stacy.stafford1655@example.com,Stacy,Stafford,672 David Unions,Colinfort,WY,16562,US,555-1655,2022-02-01T13:05:18,2026-02-26T01:53:45
1656,andrea.oliver1656@example.com,Andrea,Oliver,4714 White Spurs,Melindabury,AR,46260,US,555-1656,2025-09-21T05:00:04,2026-06-21T15:45:44
1657,francis.white1657@example.com,Francis,White,5605 Rodney Road,Deborahside,PW,21864,US,555-1657,2026-04-28T11:26:12,2026-06-26T17:28:54
1658,andrew.hamilton1658@example.com,Andrew,Hamilton,04660 Christopher Points,Joneston,ID,56362,US,555-1658,2026-05-07T23:02:55,2026-06-06T09:36:35
1659,john.jenkins1659@example.com,John,Jenkins,392 Gina Stream Suite 954,West Kellyshire,PR,57201,US,555-1659,2023-02-06T04:38:05,2024-10-08T00:42:21
1660,cody.montgomery1660@example.com,Cody,Montgomery,33344 Thomas Shores,Stricklandshire,MS,85085,US,555-1660,2024-05-17T02:02:35,2026-06-20T10:26:07
1661,robert.brown1661@example.com,Robert,Brown,161 Evans Way,West Jerry,IL,04277,US,555-1661,2025-08-15T21:28:51,2025-10-24T07:10:26
1662,megan.jones1662@example.com,Megan,Jones,19153 Michael Stravenue Apt. 472,Jacobton,IL,85063,US,555-1662,2026-06-23T06:36:37,2026-06-24T12:52:32
1663,greg.maxwell1663@example.com,Greg,Maxwell,6162 Christopher Views,South Douglas,UT,13772,US,555-1663,2024-11-01T17:41:49,2026-06-07T17:10:29
1664,zachary.love1664@example.com,Zachary,Love,789 Elizabeth Walk,South Sarahside,MA,54562,US,555-1664,2023-02-18T02:12:59,2025-06-13T08:38:19
1665,sheila.joseph1665@example.com,Sheila,Joseph,52949 Alvarez Center,Nathanieltown,CT,50822,US,555-1665,2026-06-19T02:35:27,2026-06-24T22:47:08
1666,madison.king1666@example.com,Madison,King,509 David Circle Suite 016,Amberburgh,PR,71634,US,555-1666,2026-02-21T05:52:29,2026-03-10T05:55:30
1667,lynn.brown1667@example.com,Lynn,Brown,813 Nicole Rue,New Jason,NC,85700,US,555-1667,2024-10-28T13:38:42,2025-09-06T08:28:44
1668,selena.robinson1668@example.com,Selena,Robinson,9669 Michelle Dam Apt. 370,Eatonmouth,WI,03529,US,555-1668,2022-09-23T19:12:59,2026-04-14T07:01:52
1669,eric.blair1669@example.com,Eric,Blair,779 Hannah Hollow,New Brandymouth,VT,79086,US,555-1669,2021-08-06T19:07:05,2024-07-19T21:20:01
1670,gene.wong1670@example.com,Gene,Wong,471 Brandi Crescent Apt. 332,Gibsonland,DE,94430,US,555-1670,2022-12-17T04:50:06,2024-05-22T11:53:30
1671,edward.davis1671@example.com,Edward,Davis,483 Osborne Track Apt. 672,Nielsenland,NV,10422,US,555-1671,2024-08-08T18:54:24,2025-08-24T03:58:45
1672,darrell.thompson1672@example.com,Darrell,Thompson,980 Kimberly Wells,Maynardburgh,MD,65935,US,555-1672,2025-12-19T12:40:03,2026-06-08T02:03:58
1673,brian.taylor1673@example.com,Brian,Taylor,088 Richardson Harbor Apt. 293,Lynchside,MS,46474,US,555-1673,2026-03-07T10:37:18,2026-06-20T00:23:16
1674,zachary.freeman1674@example.com,Zachary,Freeman,76768 Campbell Greens,East Michael,DE,29910,US,555-1674,2026-06-29T23:26:00,2026-06-29T23:39:36
1675,emily.stewart1675@example.com,Emily,Stewart,65580 Farmer Glen Suite 555,Danielburgh,AS,48187,US,555-1675,2025-08-03T11:17:56,2026-02-20T10:51:54
1676,jennifer.hall1676@example.com,Jennifer,Hall,62643 Sanders Row,South Sarahside,ID,52848,US,555-1676,2023-12-27T09:08:03,2024-09-08T00:34:26
1677,stephanie.steele1677@example.com,Stephanie,Steele,3580 Walton Flats,Hillshire,IL,61614,US,555-1677,2025-08-26T14:16:00,2026-01-12T06:15:13
1678,eric.armstrong1678@example.com,Eric,Armstrong,6504 Bell Mission Apt. 376,North Krystal,WI,73941,US,555-1678,2023-07-06T18:15:04,2024-03-02T06:22:04
1679,kathryn.miller1679@example.com,Kathryn,Miller,00024 Fowler Radial,Robertmouth,SC,28628,US,555-1679,2022-04-26T19:37:50,2024-07-15T09:50:15
1680,anthony.green1680@example.com,Anthony,Green,629 Johnson Extension,Pattersonview,PW,87810,US,555-1680,2026-01-06T12:57:45,2026-04-17T10:04:32
1681,wendy.frye1681@example.com,Wendy,Frye,1949 Shields Forest Apt. 519,New Sydneymouth,AR,93907,US,555-1681,2025-03-11T09:03:28,2025-08-19T01:26:40
1682,heather.barrett1682@example.com,Heather,Barrett,0292 Green Terrace,Lake Alan,MP,63021,US,555-1682,2025-08-21T10:26:12,2025-11-14T11:44:57
1683,david.williams1683@example.com,David,Williams,330 Rose Creek Apt. 719,Fletcherburgh,MH,47972,US,555-1683,2025-12-19T12:58:37,2026-01-17T14:34:03
1684,matthew.lindsey1684@example.com,Matthew,Lindsey,5326 Becky Vista Apt. 846,East Todd,KY,34959,US,555-1684,2022-09-15T23:34:48,2023-03-27T23:22:19
1685,justin.floyd1685@example.com,Justin,Floyd,87851 Jennifer Stravenue,Wyattberg,KY,34586,US,555-1685,2025-10-03T17:21:20,2026-04-13T07:16:32
1686,stephen.ward1686@example.com,Stephen,Ward,76380 Patrick Flat Apt. 676,Port Keithberg,PW,39786,US,555-1686,2026-02-11T18:35:14,2026-03-14T09:51:07
1687,micheal.moore1687@example.com,Micheal,Moore,09006 Cynthia Dam,West Thomas,VT,05127,US,555-1687,2021-10-29T13:16:59,2022-05-18T15:20:08
1688,ryan.vang1688@example.com,Ryan,Vang,41272 Abigail Road,East Tonyaburgh,VT,95901,US,555-1688,2023-04-23T18:04:54,2026-06-28T16:29:59
1689,brandi.cordova1689@example.com,Brandi,Cordova,1949 Shields Forest Apt. 519,Wellsside,SD,23037,US,555-1689,2026-06-26T17:17:15,2026-06-27T13:44:46
1690,catherine.henry1690@example.com,Catherine,Henry,9793 Robert Knoll,Glendashire,CT,17187,US,555-1690,2026-05-14T12:02:24,2026-06-25T03:59:38
1691,victoria.williams1691@example.com,Victoria,Williams,52560 Abigail Summit,New Donberg,ID,92303,US,555-1691,2026-06-20T15:38:37,2026-06-26T08:19:06
1692,russell.gallagher1692@example.com,Russell,Gallagher,350 Perry Estate,Hintonville,WY,54534,US,555-1692,2026-06-29T16:00:50,2026-06-29T21:43:28
1693,guy.hayden1693@example.com,Guy,Hayden,454 Nicholas Mill,North Lisa,VT,42611,US,555-1693,2021-07-01T11:15:47,2024-04-19T21:11:37
1694,tricia.adams1694@example.com,Tricia,Adams,8815 Jacobs Mission,West Rogerland,SD,51241,US,555-1694,2023-05-21T17:26:36,2023-12-12T23:55:32
1695,bradley.bennett1695@example.com,Bradley,Bennett,244 Goodwin Burgs Apt. 728,North Carlmouth,NH,68270,US,555-1695,2024-12-18T17:34:36,2026-04-05T14:43:55
1696,kelsey.little1696@example.com,Kelsey,Little,45306 Mark Plains,Port Ashley,AS,08445,US,555-1696,2023-01-04T10:03:03,2025-11-23T01:57:10
1697,amber.hopkins1697@example.com,Amber,Hopkins,071 Marilyn Courts,Sullivanview,VT,74813,US,555-1697,2025-08-24T01:49:41,2025-12-10T10:50:55
1698,jonathan.phillips1698@example.com,Jonathan,Phillips,7100 Hansen Highway,New Darrellfurt,MA,20814,US,555-1698,2021-07-23T15:54:19,2025-04-30T09:06:12
1699,aaron.dunlap1699@example.com,Aaron,Dunlap,347 Richards Unions Apt. 377,Emilymouth,AZ,55257,US,555-1699,2025-09-01T00:08:39,2026-02-12T00:01:18
1700,rachel.johnson1700@example.com,Rachel,Johnson,722 Williams Mall,Port Katherinetown,DE,10108,US,555-1700,2025-06-17T18:26:22,2026-05-26T16:34:15
1701,shawn.cline1701@example.com,Shawn,Cline,02048 Miller Burgs Apt. 653,Oconnorfort,KY,21402,US,555-1701,2024-07-25T09:39:32,2026-02-11T01:41:34
1702,christopher.johnson1702@example.com,Christopher,Johnson,380 Moore Islands Apt. 230,Davidtown,HI,00780,US,555-1702,2022-06-23T17:05:37,2022-08-22T20:45:20
1703,leonard.saunders1703@example.com,Leonard,Saunders,9353 Smith Walks,South Sallymouth,VT,20140,US,555-1703,2026-06-15T19:02:47,2026-06-28T06:50:19
1704,james.yang1704@example.com,James,Yang,8947 Olson Cape,Port Samantha,OK,77025,US,555-1704,2025-03-09T19:15:26,2026-06-14T23:59:57
1705,derrick.long1705@example.com,Derrick,Long,21711 Payne Lodge Suite 658,Shelleyshire,AR,82851,US,555-1705,2024-01-04T02:30:43,2025-11-07T21:42:56
1706,sarah.frey1706@example.com,Sarah,Frey,60943 Kayla Forge,Robertville,OH,99923,US,555-1706,2026-06-27T09:51:54,2026-06-27T17:18:56
1707,joseph.martin1707@example.com,Joseph,Martin,692 Matthew Rue Suite 376,Millerfort,DE,09150,US,555-1707,2025-12-03T06:23:27,2026-05-20T19:01:42
1708,james.evans1708@example.com,James,Evans,9582 Hayden Keys Suite 219,Kellychester,MA,65549,US,555-1708,2024-07-28T21:14:19,2025-10-25T20:22:56
1709,sonia.jackson1709@example.com,Sonia,Jackson,98189 Crawford Course,North Rachelmouth,AR,43678,US,555-1709,2023-04-25T01:22:53,2024-05-22T18:06:06
1710,justin.dominguez1710@example.com,Justin,Dominguez,81580 Richmond Pike,Deborahstad,AS,21873,US,555-1710,2022-03-15T13:26:39,2025-12-30T05:23:48
1711,douglas.phelps1711@example.com,Douglas,Phelps,710 Andrew Valley,Port Brittney,IL,11178,US,555-1711,2025-11-05T00:24:52,2026-03-19T01:07:24
1712,justin.ewing1712@example.com,Justin,Ewing,20981 Smith Way Suite 696,Pettymouth,DE,42693,US,555-1712,2023-05-01T21:32:06,2026-01-11T02:47:58
1713,brian.martin1713@example.com,Brian,Martin,674 Kenneth Walks Suite 724,Traceyborough,PR,90429,US,555-1713,2021-08-06T05:47:53,2024-11-16T21:54:59
1714,melissa.brooks1714@example.com,Melissa,Brooks,190 Jennifer Hollow Apt. 154,North Sierra,DE,68152,US,555-1714,2023-03-06T08:16:00,2024-02-18T22:14:16
1715,sheila.colon1715@example.com,Sheila,Colon,50592 Perez Ways Apt. 955,Cherylville,AZ,29860,US,555-1715,2023-11-13T23:50:06,2026-06-06T01:01:34
1716,anna.drake1716@example.com,Anna,Drake,93465 Gregory Oval,Thomasshire,NH,92267,US,555-1716,2026-06-14T23:19:11,2026-06-23T13:16:12
1717,kristina.robinson1717@example.com,Kristina,Robinson,45892 Cox Roads,Lake Julia,WY,89573,US,555-1717,2023-08-26T09:30:04,2025-02-13T02:24:00
1718,judy.thompson1718@example.com,Judy,Thompson,15866 Rodriguez Port Suite 675,Melanietown,MS,14817,US,555-1718,2026-06-29T19:08:19,2026-06-29T21:06:00
1719,christine.haynes1719@example.com,Christine,Haynes,8223 Dawn Hill,Kyleshire,MP,12217,US,555-1719,2026-06-29T23:01:06,2026-06-29T23:09:07
1720,jennifer.smith1720@example.com,Jennifer,Smith,549 Brian Underpass Suite 397,North Jeremyton,VT,82552,US,555-1720,2023-08-18T10:34:44,2025-08-05T14:28:36
1721,adam.garcia1721@example.com,Adam,Garcia,117 Martinez Freeway,South Jameston,PW,74018,US,555-1721,2026-06-27T15:59:27,2026-06-28T16:07:10
1722,angela.estrada1722@example.com,Angela,Estrada,50922 Christopher Village,Lake Nathanmouth,IN,87864,US,555-1722,2026-02-13T11:03:13,2026-06-21T01:43:43
1723,jesse.hansen1723@example.com,Jesse,Hansen,7146 Baker Camp,Port Bryanborough,SC,45486,US,555-1723,2022-11-10T01:32:32,2026-05-14T15:37:50
1724,teresa.mccoy1724@example.com,Teresa,Mccoy,44817 Fry Gardens,Nathanielshire,UT,58385,US,555-1724,2026-06-26T06:59:47,2026-06-29T03:19:09
1725,denise.barnes1725@example.com,Denise,Barnes,4862 Diaz Lakes,Hillshire,AZ,73835,US,555-1725,2026-05-30T14:53:14,2026-06-06T23:41:35
1726,jacob.haynes1726@example.com,Jacob,Haynes,927 Jessica Groves Suite 233,Port Ronald,NM,45005,US,555-1726,2025-01-02T09:56:40,2026-01-26T14:39:18
1727,james.smith1727@example.com,James,Smith,1997 Higgins Common,Crossport,KS,01011,US,555-1727,2021-09-01T14:32:03,2021-10-07T14:19:20
1728,meghan.brock1728@example.com,Meghan,Brock,921 Ruiz Springs,South Frederick,WY,12076,US,555-1728,2024-03-14T22:28:06,2026-02-04T16:28:02
1729,amy.ewing1729@example.com,Amy,Ewing,0810 Bennett Station,East James,IN,89458,US,555-1729,2022-01-03T18:41:05,2024-03-22T10:26:29
1730,joshua.knight1730@example.com,Joshua,Knight,19906 Mullins Street Apt. 226,West Ashleytown,DE,06213,US,555-1730,2022-01-20T02:45:35,2026-03-19T09:34:32
1731,thomas.montoya1731@example.com,Thomas,Montoya,2717 Stephen Via Apt. 397,New Jasonmouth,NH,38252,US,555-1731,2021-07-25T07:34:33,2023-06-05T13:00:50
1732,ricky.sanders1732@example.com,Ricky,Sanders,4443 Kaitlyn Port,Oliviaborough,KY,37550,US,555-1732,2022-10-12T18:28:28,2023-10-04T16:39:01
1733,jeremy.armstrong1733@example.com,Jeremy,Armstrong,424 Diane Landing,North Jeremyton,DE,92756,US,555-1733,2024-01-23T07:33:24,2026-06-25T14:33:33
1734,melissa.gregory1734@example.com,Melissa,Gregory,27104 Clark Islands,Wilsonville,DE,93376,US,555-1734,2026-05-23T08:31:47,2026-06-12T07:58:53
1735,gregory.castro1735@example.com,Gregory,Castro,666 Eddie Meadows,New Christopherfort,MA,23601,US,555-1735,2023-12-22T09:40:17,2026-02-24T01:06:36
1736,jennifer.parker1736@example.com,Jennifer,Parker,0075 Roger Summit,Lake Mary,VT,80142,US,555-1736,2024-12-08T05:11:11,2026-05-10T09:51:28
1737,jeff.tran1737@example.com,Jeff,Tran,155 Scott Haven,Smithmouth,PR,95010,US,555-1737,2024-10-05T06:16:34,2025-08-29T07:35:55
1738,shannon.davis1738@example.com,Shannon,Davis,01680 Miller Roads Apt. 507,Lake Davidland,OK,89275,US,555-1738,2024-11-15T00:49:53,2025-08-11T19:14:09
1739,kendra.willis1739@example.com,Kendra,Willis,560 Jones Path Suite 650,Katherinefurt,AZ,04207,US,555-1739,2023-03-10T09:38:10,2025-01-06T01:34:40
1740,charles.gonzalez1740@example.com,Charles,Gonzalez,19982 Marshall Causeway Suite 518,New Amandaborough,MP,42796,US,555-1740,2022-08-29T04:17:38,2025-11-28T17:02:48
1741,troy.fritz1741@example.com,Troy,Fritz,73506 Brian Club Apt. 664,West Paulachester,AR,52819,US,555-1741,2026-06-29T14:03:18,2026-06-29T23:38:54
1742,tammy.lane1742@example.com,Tammy,Lane,50557 Amanda Park,South Rodneystad,OH,26441,US,555-1742,2025-10-20T05:38:45,2026-01-11T05:21:50
1743,mario.chavez1743@example.com,Mario,Chavez,31258 David Trafficway Suite 663,Matthewbury,PW,86416,US,555-1743,2024-08-05T16:31:47,2025-12-30T18:56:52
1744,sean.smith1744@example.com,Sean,Smith,13348 Flores Pines,Johnburgh,AL,82653,US,555-1744,2023-03-26T06:26:02,2024-02-29T08:35:27
1745,erin.ross1745@example.com,Erin,Ross,6517 White Route,Katelynborough,DE,96379,US,555-1745,2024-08-21T20:26:21,2025-10-09T13:22:46
1746,chelsea.edwards1746@example.com,Chelsea,Edwards,24522 Johnathan Land Suite 708,Bishopmouth,NM,59434,US,555-1746,2021-10-24T10:04:45,2025-07-31T06:31:56
1747,timothy.perry1747@example.com,Timothy,Perry,8787 Isaiah Circles,Hayesville,NV,88957,US,555-1747,2023-10-26T03:48:11,2026-03-11T00:02:19
1748,nicholas.wilson1748@example.com,Nicholas,Wilson,02913 Victoria Canyon,New Patricia,AZ,00652,US,555-1748,2026-03-18T23:06:58,2026-05-04T04:44:20
1749,michael.mcmahon1749@example.com,Michael,Mcmahon,833 Heather Brooks Apt. 219,Hansenmouth,DE,61724,US,555-1749,2023-05-10T12:11:26,2024-07-07T10:19:02
1750,amanda.nichols1750@example.com,Amanda,Nichols,2878 Taylor Ports Apt. 028,Michaelbury,IL,00780,US,555-1750,2024-05-29T06:36:56,2024-12-08T08:03:42
1751,karen.rodriguez1751@example.com,Karen,Rodriguez,3899 Courtney Pines Apt. 205,Lake Mary,MP,65549,US,555-1751,2025-07-27T07:40:39,2025-09-10T08:55:59
1752,sara.james1752@example.com,Sara,James,2608 Beck Forks,Richardsonside,MP,40962,US,555-1752,2026-05-27T22:38:15,2026-06-09T00:08:57
1753,catherine.carter1753@example.com,Catherine,Carter,63971 Guzman Brook,Jimton,VT,81343,US,555-1753,2026-06-15T11:16:59,2026-06-28T03:21:23
1754,ashley.smith1754@example.com,Ashley,Smith,634 Parker Trail,Millstown,KY,64352,US,555-1754,2026-05-06T10:37:46,2026-05-29T07:00:22
1755,douglas.shields1755@example.com,Douglas,Shields,93409 Richard Lake Apt. 811,Jennifertown,HI,80104,US,555-1755,2025-09-04T19:35:47,2025-12-08T10:16:27
1756,jeffrey.escobar1756@example.com,Jeffrey,Escobar,6257 Daniel Way Suite 361,North Williamville,AR,20713,US,555-1756,2024-02-22T03:47:39,2025-11-17T22:56:24
1757,david.sanchez1757@example.com,David,Sanchez,410 Smith Burgs,New Daniel,WI,33999,US,555-1757,2022-11-22T19:33:23,2023-09-02T08:21:37
1758,miguel.wood1758@example.com,Miguel,Wood,71198 Merritt Turnpike Apt. 157,South Kevin,UT,34959,US,555-1758,2026-05-14T01:27:33,2026-05-26T02:10:36
1759,kathy.cochran1759@example.com,Kathy,Cochran,2035 Campbell Brook Apt. 387,Collinschester,MA,63074,US,555-1759,2026-06-22T07:08:47,2026-06-29T12:09:08
1760,colin.white1760@example.com,Colin,White,76751 Carlson Keys,Lake Emily,AR,10274,US,555-1760,2026-02-14T20:44:53,2026-02-25T21:21:50
1761,colleen.gallegos1761@example.com,Colleen,Gallegos,53310 Johnson Bridge,Olsenton,AR,67906,US,555-1761,2023-07-08T22:43:58,2024-10-01T16:09:23
1762,katie.evans1762@example.com,Katie,Evans,427 Thompson Station,Port Michael,NM,05267,US,555-1762,2026-05-26T23:51:55,2026-06-15T14:34:19
1763,christopher.harris1763@example.com,Christopher,Harris,91796 Evans Meadow Apt. 332,Curtismouth,MD,23169,US,555-1763,2023-09-03T23:29:20,2024-04-28T03:39:05
1764,susan.mack1764@example.com,Susan,Mack,72095 Dunn Shore,Lake Tarachester,UT,35267,US,555-1764,2023-09-19T03:07:34,2024-06-30T07:42:42
1765,sue.thompson1765@example.com,Sue,Thompson,41974 Mora Mountain Suite 522,Stewartfurt,VT,30171,US,555-1765,2023-04-02T21:07:48,2023-12-21T13:43:28
1766,michael.walker1766@example.com,Michael,Walker,741 Don Lakes,Rogerstad,KY,15191,US,555-1766,2025-12-27T23:27:51,2026-03-01T11:59:19
1767,margaret.goodwin1767@example.com,Margaret,Goodwin,45538 William Mountains,Port Latasha,KY,55502,US,555-1767,2025-09-03T20:19:35,2026-05-30T15:18:16
1768,james.perez1768@example.com,James,Perez,930 Tammy Turnpike Apt. 781,Port Mary,AS,16464,US,555-1768,2024-08-08T02:19:03,2025-06-02T06:45:42
1769,dale.thompson1769@example.com,Dale,Thompson,5103 Ellison Hollow,Ravenland,UT,75029,US,555-1769,2021-07-06T18:58:12,2023-08-05T21:48:54
1770,megan.dawson1770@example.com,Megan,Dawson,06876 Krista Green,Wilsonchester,AR,47084,US,555-1770,2025-11-23T03:16:15,2026-02-15T17:52:31
1771,michelle.curry1771@example.com,Michelle,Curry,50459 Reid Cove,Ericafort,UT,08434,US,555-1771,2024-08-19T05:50:38,2026-06-05T14:34:42
1772,jamie.hayden1772@example.com,Jamie,Hayden,466 Holmes Street Suite 416,North Amy,KY,54117,US,555-1772,2022-02-12T09:08:20,2022-08-18T21:33:00
1773,marilyn.stevens1773@example.com,Marilyn,Stevens,695 Alvarez Point Apt. 555,South Carlos,IN,29860,US,555-1773,2025-03-28T19:32:10,2026-05-02T07:04:57
1774,cynthia.green1774@example.com,Cynthia,Green,620 Michael Passage Apt. 543,Alexanderbury,OK,33285,US,555-1774,2025-05-19T23:22:39,2025-09-29T19:26:18
1775,susan.mullen1775@example.com,Susan,Mullen,90058 Cantrell Terrace Suite 154,Johnsonton,AS,60367,US,555-1775,2025-12-06T08:42:35,2026-06-21T01:22:19
1776,ellen.davis1776@example.com,Ellen,Davis,357 Mark Villages,East Erin,DE,68345,US,555-1776,2024-09-14T13:40:52,2025-04-08T13:10:31
1777,joshua.hinton1777@example.com,Joshua,Hinton,51085 Walker Fields Suite 545,New Danielland,PW,74274,US,555-1777,2026-03-24T11:31:56,2026-04-01T13:29:49
1778,cynthia.hunt1778@example.com,Cynthia,Hunt,930 Tammy Turnpike Apt. 781,Jacobfurt,VT,63772,US,555-1778,2025-05-27T06:44:12,2025-12-20T15:09:15
1779,joyce.brown1779@example.com,Joyce,Brown,570 Jonathan Crossing,Beckershire,AR,55091,US,555-1779,2025-10-27T07:16:50,2025-12-22T06:56:23
1780,kendra.roberson1780@example.com,Kendra,Roberson,330 Eric Cove Suite 666,Martinville,NM,35253,US,555-1780,2023-06-06T10:38:32,2025-09-26T10:59:41
1781,jacob.stevens1781@example.com,Jacob,Stevens,30477 Matthew Ramp,North Courtney,SC,98928,US,555-1781,2025-03-08T08:17:10,2026-01-16T23:13:29
1782,bryan.waller1782@example.com,Bryan,Waller,8687 Evans Branch,Leonport,MD,91706,US,555-1782,2026-02-16T02:39:07,2026-05-19T00:30:58
1783,michael.woods1783@example.com,Michael,Woods,722 Williams Mall,South Scottfort,WI,55869,US,555-1783,2024-08-25T18:39:22,2025-01-03T00:55:56
1784,ryan.page1784@example.com,Ryan,Page,24412 Michaela Mews,Breannaberg,MA,05607,US,555-1784,2025-05-28T15:51:07,2026-03-06T05:27:18
1785,elizabeth.martin1785@example.com,Elizabeth,Martin,0030 Christopher Circles,Moniquefurt,MO,53315,US,555-1785,2025-12-24T03:36:49,2026-02-20T15:12:51
1786,mitchell.white1786@example.com,Mitchell,White,1848 Holder Drive,Christinemouth,PW,89848,US,555-1786,2026-06-10T21:09:57,2026-06-29T23:23:29
1787,ashley.thompson1787@example.com,Ashley,Thompson,59415 Porter Cliff,Lake Bethhaven,SD,01102,US,555-1787,2024-06-02T16:52:35,2025-12-08T20:50:38
1788,laurie.harris1788@example.com,Laurie,Harris,76768 Campbell Greens,East Erin,MD,77215,US,555-1788,2022-07-18T19:48:37,2024-11-16T07:14:43
1789,sara.ruiz1789@example.com,Sara,Ruiz,5525 Tyler Heights,Lydiaburgh,AL,81152,US,555-1789,2026-05-17T17:00:37,2026-06-24T05:56:12
1790,janet.morris1790@example.com,Janet,Morris,55817 Mallory Mountain Apt. 116,East Emily,AS,61606,US,555-1790,2025-11-05T17:25:01,2026-03-24T23:09:28
1791,tanner.ortiz1791@example.com,Tanner,Ortiz,378 Philip Roads,New Heatherton,KY,51682,US,555-1791,2024-09-05T00:07:20,2025-09-06T11:24:37
1792,lynn.duncan1792@example.com,Lynn,Duncan,2275 Bird Skyway Suite 859,North Brian,VT,70645,US,555-1792,2026-05-25T15:50:34,2026-06-03T01:07:25
1793,kellie.shields1793@example.com,Kellie,Shields,73506 Brian Club Apt. 664,South Timothy,NM,48050,US,555-1793,2026-06-13T09:53:16,2026-06-24T15:51:08
1794,michael.ramsey1794@example.com,Michael,Ramsey,26356 Vincent Oval Suite 332,North Jessicaton,MS,03026,US,555-1794,2026-06-27T22:22:39,2026-06-28T16:58:05
1795,dana.santiago1795@example.com,Dana,Santiago,26949 Hunter Heights Apt. 645,Lake Javier,MH,45610,US,555-1795,2026-06-29T14:24:13,2026-06-29T14:49:01
1796,meghan.garcia1796@example.com,Meghan,Garcia,83638 Ricardo Gardens Apt. 126,Friedmanside,IN,28930,US,555-1796,2026-06-21T19:53:47,2026-06-28T11:55:44
1797,kathleen.phillips1797@example.com,Kathleen,Phillips,76332 Nicole Parkway Suite 337,Moranland,AZ,53764,US,555-1797,2026-02-14T01:47:20,2026-02-21T03:00:36
1798,jacqueline.brown1798@example.com,Jacqueline,Brown,24161 Ashley Hollow Apt. 059,South Ashleybury,OH,94466,US,555-1798,2023-10-17T09:51:27,2025-08-10T16:40:32
1799,cory.webster1799@example.com,Cory,Webster,5237 Andrew Branch,East Haleymouth,VT,70875,US,555-1799,2023-10-02T02:35:14,2024-03-07T03:00:20
1800,william.adkins1800@example.com,William,Adkins,541 Reyes Hills,New Dylanburgh,AS,94961,US,555-1800,2025-04-27T22:24:32,2025-10-30T02:27:04
1801,audrey.sullivan1801@example.com,Audrey,Sullivan,7932 Michael Underpass,Hernandezfurt,MA,49480,US,555-1801,2023-04-26T01:29:22,2026-01-17T09:56:23
1802,terri.whitaker1802@example.com,Terri,Whitaker,72544 David Islands,East Matthewville,IL,91748,US,555-1802,2025-03-23T01:48:37,2025-05-05T21:05:43
1803,vicki.smith1803@example.com,Vicki,Smith,2833 Coleman Road,New Carlos,AZ,31394,US,555-1803,2026-06-20T01:08:34,2026-06-26T16:29:47
1804,andrew.gonzales1804@example.com,Andrew,Gonzales,396 Christopher Key Apt. 002,South Joseph,NM,04943,US,555-1804,2025-09-12T00:00:38,2026-03-09T06:32:00
1805,douglas.thomas1805@example.com,Douglas,Thomas,024 Myers Ridges Apt. 385,West Melissa,MH,09590,US,555-1805,2025-02-23T21:28:50,2026-04-25T22:38:12
1806,shannon.griffin1806@example.com,Shannon,Griffin,00699 Stephanie Lakes Suite 939,North Jenniferhaven,KS,98571,US,555-1806,2025-07-14T19:53:00,2025-09-13T07:34:02
1807,lisa.weaver1807@example.com,Lisa,Weaver,74196 Johnson Stream,Jordanmouth,PW,16069,US,555-1807,2024-08-09T08:31:34,2026-02-11T22:11:17
1808,shawn.green1808@example.com,Shawn,Green,704 Quinn Loop Suite 682,Lake Adrian,NM,12327,US,555-1808,2026-02-23T13:19:46,2026-04-21T11:17:56
1809,tamara.oconnor1809@example.com,Tamara,Oconnor,2093 Sean Ranch Suite 524,Margaretmouth,ID,76416,US,555-1809,2023-12-02T19:10:53,2025-01-08T19:27:12
1810,daniel.johnson1810@example.com,Daniel,Johnson,249 Danielle Ports Apt. 265,East Sonya,ID,24985,US,555-1810,2024-01-18T04:58:44,2024-12-06T13:37:21
1811,brian.smith1811@example.com,Brian,Smith,136 Jones Row,Cabreramouth,NM,23451,US,555-1811,2026-04-22T00:30:50,2026-05-18T14:49:35
1812,leah.lynch1812@example.com,Leah,Lynch,55516 Potter Park,East Jacqueline,MA,27114,US,555-1812,2022-09-06T11:55:51,2024-08-30T13:01:03
1813,william.anderson1813@example.com,William,Anderson,98196 Julia Curve,West Paulachester,OK,45313,US,555-1813,2025-10-10T12:00:02,2025-11-07T12:50:21
1814,leonard.bates1814@example.com,Leonard,Bates,9846 Marissa Terrace Suite 562,North Deborahshire,MP,91760,US,555-1814,2023-02-11T08:28:49,2024-07-20T03:49:40
1815,lori.edwards1815@example.com,Lori,Edwards,37432 Andrews Stravenue,West Sandrashire,PW,65620,US,555-1815,2025-03-01T18:24:14,2026-01-12T03:06:49
1816,adam.garcia1816@example.com,Adam,Garcia,0988 Mitchell Lights Suite 220,Nicholsfurt,DE,14344,US,555-1816,2026-06-20T02:49:26,2026-06-25T00:58:59
1817,lynn.guerrero1817@example.com,Lynn,Guerrero,406 Sheryl Mountains,Stephanieside,MS,35436,US,555-1817,2026-05-17T20:47:32,2026-05-25T00:27:36
1818,anna.hardy1818@example.com,Anna,Hardy,829 Robinson Fords Apt. 905,Port Rebeccaton,VT,61977,US,555-1818,2022-01-25T08:57:24,2023-09-04T07:00:55
1819,david.cardenas1819@example.com,David,Cardenas,529 Cox Mews Apt. 718,West Jacob,DE,35187,US,555-1819,2025-06-19T11:44:41,2025-12-02T19:49:42
1820,john.scott1820@example.com,John,Scott,358 Thomas Spur,Robinsontown,FL,68813,US,555-1820,2023-10-08T18:36:42,2025-08-04T10:56:46
1821,ronald.berger1821@example.com,Ronald,Berger,991 Wilson Greens,Lake Sarahview,AS,07940,US,555-1821,2025-02-13T10:49:41,2026-05-11T05:30:25
1822,allen.moreno1822@example.com,Allen,Moreno,243 Elizabeth Mountains Suite 464,South Keith,MS,47851,US,555-1822,2025-12-24T05:46:26,2026-04-06T13:53:25
1823,cynthia.moore1823@example.com,Cynthia,Moore,731 Flores Expressway,South Timothy,VT,06298,US,555-1823,2022-06-15T19:04:50,2025-03-09T13:50:22
1824,catherine.chambers1824@example.com,Catherine,Chambers,34756 Dawn Ways Suite 426,Lake Michelleland,MD,87586,US,555-1824,2025-10-30T06:42:03,2025-11-18T00:21:12
1825,nancy.sharp1825@example.com,Nancy,Sharp,184 Tanya Mountain Suite 309,Nolanview,MO,26889,US,555-1825,2024-06-05T02:00:08,2026-05-26T15:02:01
1826,aaron.schneider1826@example.com,Aaron,Schneider,42408 Shawn Station Suite 253,South Kelly,MO,66203,US,555-1826,2026-05-24T12:01:11,2026-06-05T00:08:10
1827,juan.jones1827@example.com,Juan,Jones,901 Alexa Avenue,Heatherside,IL,25790,US,555-1827,2026-03-26T18:01:52,2026-04-29T11:55:51
1828,gregory.jackson1828@example.com,Gregory,Jackson,6211 Benton Branch Apt. 620,South Sallymouth,IL,86306,US,555-1828,2021-10-29T18:11:39,2022-11-13T12:51:58
1829,brandy.graham1829@example.com,Brandy,Graham,6486 Holly Prairie,East Michael,AS,35677,US,555-1829,2022-12-31T01:31:16,2023-04-18T04:21:38
1830,stanley.kim1830@example.com,Stanley,Kim,84256 David Lodge Apt. 599,Port Scottstad,MO,12518,US,555-1830,2021-11-05T00:44:31,2025-07-08T12:08:33
1831,stephanie.oliver1831@example.com,Stephanie,Oliver,190 Douglas Mill,East Rebecca,MS,76958,US,555-1831,2022-02-10T10:45:22,2023-03-02T08:45:36
1832,martin.cohen1832@example.com,Martin,Cohen,453 Rasmussen Mews Suite 974,Justintown,PW,70568,US,555-1832,2023-11-15T14:20:22,2024-08-12T05:50:32
1833,thomas.johnson1833@example.com,Thomas,Johnson,4914 Gibson Grove,Port Kenneth,IN,95066,US,555-1833,2023-04-30T08:07:18,2023-11-26T14:45:51
1834,sabrina.richards1834@example.com,Sabrina,Richards,34874 Carmen Circles,Medinachester,PR,19202,US,555-1834,2022-06-03T13:36:19,2026-05-23T15:26:41
1835,julie.lawrence1835@example.com,Julie,Lawrence,47686 Williams Spur,Perkinsmouth,IN,30694,US,555-1835,2025-12-25T23:58:14,2026-05-20T06:31:58
1836,ricky.bennett1836@example.com,Ricky,Bennett,789 Elizabeth Walk,Port Michael,AL,71377,US,555-1836,2026-04-08T15:18:23,2026-06-24T05:25:59
1837,brittney.malone1837@example.com,Brittney,Malone,76557 Todd Wall Suite 852,Melissahaven,NM,70309,US,555-1837,2026-06-22T23:47:44,2026-06-29T00:44:28
1838,jacob.miller1838@example.com,Jacob,Miller,101 Daniel Hill Suite 805,East Evanfort,MA,11068,US,555-1838,2024-09-25T11:14:39,2026-04-30T19:01:32
1839,sharon.holloway1839@example.com,Sharon,Holloway,3331 Nunez Prairie,Lake Christopherton,DE,35436,US,555-1839,2026-04-20T06:35:43,2026-05-24T03:42:35
1840,jessica.bennett1840@example.com,Jessica,Bennett,1199 Jacqueline Mews Suite 640,South Mark,NM,30694,US,555-1840,2025-03-12T12:56:36,2025-06-01T10:54:30
1841,debra.williams1841@example.com,Debra,Williams,9981 Ryan Turnpike Suite 225,North Williamville,NM,34673,US,555-1841,2025-10-04T03:00:06,2025-12-31T00:21:35
1842,steven.welch1842@example.com,Steven,Welch,33746 Jason Locks Suite 730,Barrettchester,AL,12459,US,555-1842,2024-05-07T22:52:13,2024-12-22T22:56:58
1843,steven.ellis1843@example.com,Steven,Ellis,16260 William Dale,Hintonville,AZ,06539,US,555-1843,2026-06-19T11:52:16,2026-06-27T00:40:52
1844,jared.bauer1844@example.com,Jared,Bauer,32988 Davis Street,Brownburgh,MS,89690,US,555-1844,2024-04-14T04:41:21,2024-05-04T21:47:50
1845,greg.wright1845@example.com,Greg,Wright,974 Angela Mall,Barbarabury,OK,02239,US,555-1845,2026-06-25T07:32:42,2026-06-25T23:31:06
1846,adam.haynes1846@example.com,Adam,Haynes,187 Yoder Plaza,Skinnerport,DE,55863,US,555-1846,2025-12-24T01:32:39,2026-05-01T09:40:02
1847,theresa.welch1847@example.com,Theresa,Welch,40870 Barnes Underpass,North Roger,MO,14747,US,555-1847,2024-01-14T23:23:47,2024-05-04T16:56:16
1848,kathryn.evans1848@example.com,Kathryn,Evans,670 Carol Alley,Nicoleland,VT,31879,US,555-1848,2026-04-18T12:10:28,2026-04-22T00:11:37
1849,lisa.ochoa1849@example.com,Lisa,Ochoa,7446 Torres Glen Apt. 187,North Williamville,PR,50907,US,555-1849,2022-11-24T00:08:54,2023-04-16T12:20:29
1850,mason.edwards1850@example.com,Mason,Edwards,74279 Tiffany Mountain,Williamsfurt,MP,64690,US,555-1850,2022-01-06T06:13:47,2025-02-09T00:33:25
1851,natalie.moore1851@example.com,Natalie,Moore,7840 Suzanne Rest,Gregorybury,NM,60524,US,555-1851,2026-01-25T23:32:06,2026-02-16T13:53:23
1852,carla.duran1852@example.com,Carla,Duran,141 Smith Corner Apt. 856,Carrieview,AS,60973,US,555-1852,2024-04-12T12:21:36,2024-08-08T19:11:49
1853,cheyenne.reyes1853@example.com,Cheyenne,Reyes,7949 Lauren Pines,Whiteview,NM,36866,US,555-1853,2026-06-22T09:07:36,2026-06-24T03:14:32
1854,tammy.stanley1854@example.com,Tammy,Stanley,3659 Moore Fork,Robinsontown,MD,46924,US,555-1854,2022-05-10T22:43:58,2025-06-18T14:42:36
1855,matthew.stokes1855@example.com,Matthew,Stokes,5355 Kayla Extension Suite 979,Lake Dawnton,SD,38941,US,555-1855,2026-04-02T01:38:45,2026-04-19T21:16:11
1856,heather.huber1856@example.com,Heather,Huber,207 Lindsay Lock Apt. 474,West Catherine,DE,35651,US,555-1856,2022-01-07T14:26:59,2022-03-06T10:04:08
1857,kathy.mcneil1857@example.com,Kathy,Mcneil,705 David Locks,Monicaberg,WY,12327,US,555-1857,2025-04-10T14:47:42,2026-05-19T01:45:14
1858,stephanie.whitaker1858@example.com,Stephanie,Whitaker,52649 Campbell Plaza,Martinezhaven,OK,34024,US,555-1858,2026-04-25T04:57:35,2026-06-21T20:42:06
1859,eileen.wilson1859@example.com,Eileen,Wilson,371 Robert Wells Suite 041,Ricestad,AZ,14130,US,555-1859,2026-03-20T18:11:51,2026-04-08T11:16:16
1860,brandi.price1860@example.com,Brandi,Price,48433 Lawson Parks Suite 627,North Stevenmouth,DE,74813,US,555-1860,2022-02-24T05:09:29,2023-04-21T06:09:28
1861,james.williams1861@example.com,James,Williams,42024 Sean Grove,South Keithfurt,MP,00790,US,555-1861,2025-04-15T00:20:29,2025-07-07T03:58:13
1862,joyce.valdez1862@example.com,Joyce,Valdez,70725 Nelson Stream Apt. 786,Russellshire,AR,02740,US,555-1862,2023-01-04T20:42:24,2025-07-08T05:01:36
1863,cory.lopez1863@example.com,Cory,Lopez,50459 Reid Cove,Hessburgh,IN,91295,US,555-1863,2024-08-24T09:18:20,2025-02-09T01:07:22
1864,brandon.robles1864@example.com,Brandon,Robles,01930 Mcclain Meadow Apt. 267,North Jessicatown,SD,02015,US,555-1864,2023-06-21T15:19:23,2026-04-15T07:05:52
1865,jonathan.sloan1865@example.com,Jonathan,Sloan,6277 Bowers Wall,Port Theresastad,CT,59768,US,555-1865,2026-03-27T14:05:39,2026-06-13T17:27:02
1866,gary.morgan1866@example.com,Gary,Morgan,3066 Megan Forest,Joycebury,DE,74742,US,555-1866,2025-03-27T12:03:28,2025-12-22T20:54:41
1867,mark.luna1867@example.com,Mark,Luna,23965 Watts Lakes,Tiffanyville,SC,37806,US,555-1867,2024-11-26T03:16:05,2024-12-01T07:52:24
1868,devon.meza1868@example.com,Devon,Meza,330 Nelson Haven,Lake Davidland,AS,20026,US,555-1868,2025-06-17T08:29:40,2026-05-17T01:38:13
1869,larry.ellis1869@example.com,Larry,Ellis,64381 Andrew Burgs Suite 132,Gonzalezborough,FL,67401,US,555-1869,2025-05-19T04:37:28,2026-03-11T06:02:04
1870,kathleen.smith1870@example.com,Kathleen,Smith,2624 Stephen Glens Apt. 902,Joehaven,AR,67831,US,555-1870,2022-03-20T05:34:56,2025-08-02T13:09:58
1871,sara.jones1871@example.com,Sara,Jones,453 Hurst Lock,Port Sean,SD,26223,US,555-1871,2022-06-14T06:52:17,2022-09-28T08:26:15
1872,jennifer.swanson1872@example.com,Jennifer,Swanson,5349 Kelly Island Apt. 564,West Harry,MA,55643,US,555-1872,2024-09-11T02:56:12,2025-12-20T13:25:57
1873,craig.reyes1873@example.com,Craig,Reyes,1830 Amanda Mission Suite 075,Lake Shannonview,NH,04778,US,555-1873,2026-06-15T12:20:35,2026-06-27T04:03:51
1874,gabriel.sims1874@example.com,Gabriel,Sims,43485 Jones Forest,Kyleland,NC,88112,US,555-1874,2026-04-15T18:22:41,2026-06-26T17:41:59
1875,joshua.rodriguez1875@example.com,Joshua,Rodriguez,3987 Joshua Grove Apt. 642,East Michael,TN,37907,US,555-1875,2024-08-20T22:27:23,2025-09-18T12:46:04
1876,kevin.tapia1876@example.com,Kevin,Tapia,7811 Benitez Mountain,Hillshire,NM,35911,US,555-1876,2026-06-10T23:35:43,2026-06-20T15:28:04
1877,jeffrey.anderson1877@example.com,Jeffrey,Anderson,79915 Trujillo Ville,Bonnieberg,AR,28524,US,555-1877,2026-03-30T10:52:07,2026-05-08T09:31:16
1878,david.watson1878@example.com,David,Watson,27662 Angela Pines Apt. 039,East Daniel,IN,90429,US,555-1878,2025-06-03T18:43:45,2026-03-05T03:18:32
1879,anthony.bell1879@example.com,Anthony,Bell,4845 Chavez Underpass,Sawyerbury,KY,20302,US,555-1879,2025-06-01T02:49:50,2026-05-29T19:30:37
1880,tanya.morse1880@example.com,Tanya,Morse,84397 Kara Track,South Kyle,OH,13948,US,555-1880,2025-05-21T21:16:28,2026-01-19T06:08:02
1881,justin.russell1881@example.com,Justin,Russell,1950 Michael Drives,Taylorside,PW,70882,US,555-1881,2026-06-24T18:18:54,2026-06-25T22:52:52
1882,paul.griffith1882@example.com,Paul,Griffith,73627 Henry Squares,Sandratown,NH,57294,US,555-1882,2026-05-15T22:06:46,2026-05-16T17:07:32
1883,tracey.oliver1883@example.com,Tracey,Oliver,0975 Jason Causeway,South Ethanland,MP,59716,US,555-1883,2022-11-15T05:59:55,2025-02-11T04:21:52
1884,caroline.miller1884@example.com,Caroline,Miller,35973 Stokes Crescent Apt. 222,East Brandon,WI,26643,US,555-1884,2025-09-13T19:46:00,2026-05-21T20:16:39
1885,cheyenne.rice1885@example.com,Cheyenne,Rice,24124 Gregory Circle Suite 200,South Justinfurt,AS,12696,US,555-1885,2021-09-24T20:38:25,2022-01-17T14:24:22
1886,joshua.shaw1886@example.com,Joshua,Shaw,4742 Parker Vista Apt. 478,Timothystad,MH,29285,US,555-1886,2026-05-29T18:41:18,2026-06-11T04:35:35
1887,aaron.cooper1887@example.com,Aaron,Cooper,593 Jennifer Curve Suite 967,Heatherburgh,AS,29045,US,555-1887,2024-01-31T13:18:08,2026-05-08T05:08:58
1888,michael.knight1888@example.com,Michael,Knight,24242 Lewis Landing Apt. 317,Duaneville,AR,40455,US,555-1888,2025-11-22T09:49:29,2026-03-12T13:45:01
1889,christina.ward1889@example.com,Christina,Ward,01491 Monica Route Suite 184,West Rebeccaside,AS,24257,US,555-1889,2025-11-02T18:56:59,2025-12-25T13:45:34
1890,charles.mcpherson1890@example.com,Charles,Mcpherson,998 Rios Island Suite 926,Bensonburgh,IL,36338,US,555-1890,2022-06-06T22:03:34,2023-11-13T18:34:20
1891,hailey.garcia1891@example.com,Hailey,Garcia,5513 Medina Motorway Apt. 717,Medinachester,AZ,47501,US,555-1891,2021-08-05T09:58:16,2023-08-05T19:34:38
1892,holly.ruiz1892@example.com,Holly,Ruiz,591 Mario Ford,Port Jonathanview,VT,54599,US,555-1892,2022-06-22T22:28:25,2022-12-12T02:59:48
1893,loretta.diaz1893@example.com,Loretta,Diaz,469 Powell Road Suite 818,Lake Evelynmouth,NC,30806,US,555-1893,2021-12-24T07:07:06,2024-12-17T17:55:42
1894,taylor.byrd1894@example.com,Taylor,Byrd,185 Jeffrey Views Apt. 178,Watsonberg,NV,94922,US,555-1894,2024-01-25T07:55:48,2025-07-03T09:13:42
1895,william.black1895@example.com,William,Black,8483 Jeremy Path Suite 736,Lake Troy,MP,91917,US,555-1895,2022-05-17T05:20:37,2025-01-15T21:37:58
1896,gina.bradford1896@example.com,Gina,Bradford,711 Turner Mountains,West Benjamin,PW,43635,US,555-1896,2026-06-16T08:06:25,2026-06-24T16:22:52
1897,ana.garcia1897@example.com,Ana,Garcia,84791 Nathan Tunnel,Grimesshire,DE,16951,US,555-1897,2025-01-25T13:41:18,2025-02-03T05:55:39
1898,julie.davis1898@example.com,Julie,Davis,2624 Stephen Glens Apt. 902,South Kelsey,MH,62788,US,555-1898,2025-03-14T09:03:10,2025-06-04T19:58:32
1899,timothy.andrews1899@example.com,Timothy,Andrews,0036 Mark Ridge Suite 284,Benjaminfurt,PR,98758,US,555-1899,2026-03-01T09:21:22,2026-03-21T08:37:41
1900,maria.hill1900@example.com,Maria,Hill,0693 Howard Islands,Port Jessica,UT,08445,US,555-1900,2026-02-06T10:14:06,2026-02-20T11:45:10
1901,robert.neal1901@example.com,Robert,Neal,73402 Anderson Extension,North Julie,PR,53431,US,555-1901,2025-01-02T17:23:55,2026-02-06T06:58:26
1902,sonia.wright1902@example.com,Sonia,Wright,678 Gabriel Terrace,East Geraldbury,MP,75133,US,555-1902,2026-06-26T20:19:08,2026-06-27T05:24:39
1903,selena.clark1903@example.com,Selena,Clark,782 Jones Manor,Martinshire,SC,67521,US,555-1903,2024-08-05T04:16:50,2025-11-11T18:51:38
1904,lee.nichols1904@example.com,Lee,Nichols,150 Maldonado Springs Apt. 659,East James,VT,10480,US,555-1904,2026-06-19T07:33:54,2026-06-21T05:18:37
1905,charles.hart1905@example.com,Charles,Hart,0433 Jason Track,Merrittfurt,MS,03466,US,555-1905,2026-04-05T07:57:16,2026-04-15T11:12:20
1906,monique.martin1906@example.com,Monique,Martin,70289 Ortiz Mews,North Amytown,MS,05072,US,555-1906,2024-12-26T15:36:19,2025-03-26T02:21:58
1907,john.palmer1907@example.com,John,Palmer,118 Goodman Extensions,Lake Mike,IL,30295,US,555-1907,2026-03-20T04:25:38,2026-05-10T22:44:53
1908,andrea.keller1908@example.com,Andrea,Keller,655 Erin Stream Apt. 250,North Jessicaton,MS,61094,US,555-1908,2021-08-18T14:56:34,2024-10-08T05:50:08
1909,michael.camacho1909@example.com,Michael,Camacho,848 Dean Divide,East Michele,DE,35393,US,555-1909,2024-12-14T14:52:14,2026-03-16T05:31:31
1910,april.perkins1910@example.com,April,Perkins,7112 Timothy Inlet,Rachelland,UT,12334,US,555-1910,2024-08-21T13:09:48,2024-11-16T15:26:06
1911,joseph.meadows1911@example.com,Joseph,Meadows,69729 Griffin Divide Apt. 418,Lake Joe,SC,97266,US,555-1911,2026-06-28T22:08:25,2026-06-29T14:04:28
1912,robert.cunningham1912@example.com,Robert,Cunningham,65272 Davis Port Apt. 095,Wigginschester,OK,89603,US,555-1912,2022-02-13T00:13:56,2025-07-03T14:20:55
1913,sarah.lucas1913@example.com,Sarah,Lucas,1465 Walter Court Suite 332,Samuelstad,IN,66186,US,555-1913,2025-05-17T00:44:08,2025-09-21T19:04:29
1914,travis.joseph1914@example.com,Travis,Joseph,3076 Edward Ports,Crystalborough,HI,97988,US,555-1914,2026-04-09T04:59:23,2026-04-15T17:28:20
1915,candice.sellers1915@example.com,Candice,Sellers,93769 Jose Lodge Apt. 818,North Amy,KS,23754,US,555-1915,2026-01-05T09:14:06,2026-02-01T18:30:38
1916,derrick.drake1916@example.com,Derrick,Drake,4646 Bennett Mountain,East Johnburgh,NC,25680,US,555-1916,2023-01-06T16:50:15,2023-05-03T00:12:03
1917,robert.rodriguez1917@example.com,Robert,Rodriguez,76751 Carlson Keys,Laurenfurt,NH,56455,US,555-1917,2021-11-09T19:57:19,2025-12-21T00:44:20
1918,natalie.wilson1918@example.com,Natalie,Wilson,29873 Bush Burgs Apt. 149,Matthewberg,OK,24931,US,555-1918,2025-01-24T23:03:21,2025-08-09T05:41:20
1919,amanda.henry1919@example.com,Amanda,Henry,9158 Stewart Haven,Danielletown,PR,01957,US,555-1919,2026-04-05T04:31:49,2026-05-20T02:21:03
1920,mary.luna1920@example.com,Mary,Luna,65972 Boyd Ways Suite 070,Catherinefurt,PR,00797,US,555-1920,2026-05-23T09:00:49,2026-06-21T07:07:42
1921,jose.norton1921@example.com,Jose,Norton,1980 Smith Tunnel,East Travis,PR,17059,US,555-1921,2026-06-29T21:28:49,2026-06-29T22:24:58
1922,shannon.johnston1922@example.com,Shannon,Johnston,3580 Walton Flats,Jonathanport,MA,30144,US,555-1922,2025-09-02T16:27:54,2026-03-16T14:53:42
1923,robert.watson1923@example.com,Robert,Watson,44029 Yolanda Mews,Port Scottstad,DE,59176,US,555-1923,2022-01-04T13:32:09,2022-05-10T02:56:10
1924,gregory.green1924@example.com,Gregory,Green,016 Sara Junctions,Nicholashaven,DE,42868,US,555-1924,2023-12-03T07:43:59,2025-02-27T05:14:44
1925,robin.smith1925@example.com,Robin,Smith,6042 Denise Roads Suite 667,North Michaelmouth,WY,30694,US,555-1925,2026-03-28T07:25:10,2026-04-06T08:27:00
1926,lisa.fleming1926@example.com,Lisa,Fleming,767 Abigail Neck,South Jessicashire,WY,15299,US,555-1926,2024-09-09T06:03:15,2025-02-19T19:24:46
1927,christine.morrow1927@example.com,Christine,Morrow,1748 Christopher Stream,Christineport,PW,71124,US,555-1927,2025-08-16T19:18:57,2025-11-17T20:25:36
1928,andrea.miller1928@example.com,Andrea,Miller,4722 Cox Trail,Elliottland,KY,70703,US,555-1928,2025-04-12T07:52:10,2026-02-24T16:47:43
1929,laura.benton1929@example.com,Laura,Benton,2924 Vincent Shoals,New Kayla,UT,44836,US,555-1929,2024-04-24T14:09:19,2025-10-13T10:52:40
1930,andrea.sims1930@example.com,Andrea,Sims,57127 Tapia Summit Apt. 543,Burnettmouth,NM,29738,US,555-1930,2026-05-07T13:57:10,2026-06-16T11:44:41
1931,steven.matthews1931@example.com,Steven,Matthews,29873 Bush Burgs Apt. 149,Joshuafurt,PW,47253,US,555-1931,2023-07-24T18:48:33,2023-09-28T22:28:53
1932,edward.peterson1932@example.com,Edward,Peterson,400 Jensen Lakes Apt. 445,Michaelshire,SD,46354,US,555-1932,2021-10-10T21:34:39,2026-06-19T12:19:32
1933,richard.martin1933@example.com,Richard,Martin,6899 Sandoval Glens Apt. 304,Lake Matthewhaven,WI,96801,US,555-1933,2026-06-28T21:27:47,2026-06-28T22:54:25
1934,barbara.griffin1934@example.com,Barbara,Griffin,549 Brian Underpass Suite 397,Lukebury,DE,96529,US,555-1934,2024-01-28T20:24:58,2026-01-27T02:37:21
1935,kristin.powers1935@example.com,Kristin,Powers,999 Julia Orchard,Port Tara,IN,42693,US,555-1935,2024-06-26T13:40:21,2025-12-21T12:07:43
1936,daniel.wilson1936@example.com,Daniel,Wilson,6178 Maxwell Stravenue Apt. 023,Christopherfurt,MP,20166,US,555-1936,2026-06-14T21:50:47,2026-06-23T20:09:18
1937,kevin.gonzalez1937@example.com,Kevin,Gonzalez,36242 Oliver Springs,Lake Ashley,SC,36067,US,555-1937,2024-10-29T08:02:39,2025-07-23T10:51:00
1938,scott.sanchez1938@example.com,Scott,Sanchez,4630 Andrew Ranch Suite 336,West Jeremy,OH,52848,US,555-1938,2025-12-25T15:45:41,2026-05-15T17:50:16
1939,robert.lopez1939@example.com,Robert,Lopez,858 Griffin River Apt. 106,Adrianbury,PR,93397,US,555-1939,2023-01-22T18:32:04,2025-08-07T17:20:19
1940,danielle.jackson1940@example.com,Danielle,Jackson,190 Michael Shores,West Lisa,DE,27827,US,555-1940,2023-06-16T02:15:07,2023-11-15T08:22:25
1941,meghan.hayes1941@example.com,Meghan,Hayes,942 Hill Oval Suite 089,South Daniel,TN,50136,US,555-1941,2021-09-22T03:48:12,2025-07-03T19:10:01
1942,karen.powers1942@example.com,Karen,Powers,757 Johnson Parkway,Ericafort,DE,54937,US,555-1942,2024-11-16T14:21:44,2025-01-01T23:29:11
1943,andrew.edwards1943@example.com,Andrew,Edwards,8110 Eric Ways Apt. 883,Port Rachelhaven,OH,44168,US,555-1943,2026-06-25T08:34:59,2026-06-27T16:21:08
1944,scott.vincent1944@example.com,Scott,Vincent,11581 Monroe Forest Apt. 539,South Jasmine,IL,63869,US,555-1944,2026-06-25T22:19:25,2026-06-28T13:19:58
1945,sheila.trujillo1945@example.com,Sheila,Trujillo,1359 Perry Garden Apt. 903,Port Royview,SD,42918,US,555-1945,2026-06-15T07:12:20,2026-06-27T09:05:34
1946,amy.maxwell1946@example.com,Amy,Maxwell,21027 Omar Lane,Lindabury,UT,33036,US,555-1946,2025-10-18T01:01:46,2026-02-13T02:47:14
1947,david.ferguson1947@example.com,David,Ferguson,9205 Weaver Ford Suite 090,Lake Steven,DE,34939,US,555-1947,2022-11-03T01:04:31,2023-09-15T05:45:12
1948,michelle.richardson1948@example.com,Michelle,Richardson,6570 Rodriguez Circle Apt. 928,Jeffreyborough,NM,86169,US,555-1948,2025-08-27T00:12:20,2026-01-24T15:17:05
1949,daniel.ellis1949@example.com,Daniel,Ellis,1981 Jaclyn Roads,Davidchester,IN,20243,US,555-1949,2026-06-23T18:34:07,2026-06-25T07:57:27
1950,kaitlyn.ellis1950@example.com,Kaitlyn,Ellis,7560 Reid Coves,North Tanya,SC,06997,US,555-1950,2022-10-07T11:31:38,2024-09-26T08:24:27
1951,tyler.dawson1951@example.com,Tyler,Dawson,9793 Robert Knoll,East Todd,WI,53854,US,555-1951,2022-08-08T12:07:08,2024-05-26T22:59:35
1952,joshua.villanueva1952@example.com,Joshua,Villanueva,36746 Ryan Meadow Apt. 543,Michaelbury,PR,84060,US,555-1952,2026-06-17T13:40:17,2026-06-27T06:31:05
1953,danielle.white1953@example.com,Danielle,White,405 Johnny Curve,Nancyfort,AR,77119,US,555-1953,2024-12-31T20:53:06,2025-05-11T18:00:41
1954,donna.bailey1954@example.com,Donna,Bailey,9412 Kathy Green,East Matthewville,SC,67113,US,555-1954,2025-10-31T00:55:46,2025-12-18T10:15:27
1955,kenneth.marshall1955@example.com,Kenneth,Marshall,2089 Taylor Vista,New Crystal,IN,35677,US,555-1955,2024-07-23T08:44:35,2025-06-23T10:34:26
1956,dylan.franco1956@example.com,Dylan,Franco,94620 Medina Rue Suite 622,Lake Joe,PW,53504,US,555-1956,2022-02-14T04:13:33,2022-05-05T19:44:37
1957,marie.johnson1957@example.com,Marie,Johnson,860 Brittany Underpass Apt. 911,Jerryberg,AR,74813,US,555-1957,2026-02-15T14:10:23,2026-03-18T09:59:10
1958,christine.mendoza1958@example.com,Christine,Mendoza,4327 Margaret Ramp,Rachelland,KS,27325,US,555-1958,2022-04-25T19:49:35,2023-10-17T15:23:29
1959,christopher.blevins1959@example.com,Christopher,Blevins,873 Glover Harbor,Mckayshire,HI,69311,US,555-1959,2024-10-26T16:36:10,2025-08-20T18:48:43
1960,keith.hamilton1960@example.com,Keith,Hamilton,851 Frazier Manors Suite 881,New Jasonmouth,IN,31860,US,555-1960,2024-09-15T20:04:51,2025-03-10T13:16:56
1961,tom.lynch1961@example.com,Tom,Lynch,9146 Tara Station Suite 643,South Kevin,MO,66198,US,555-1961,2024-11-13T21:48:02,2025-10-12T10:00:44
1962,todd.alexander1962@example.com,Todd,Alexander,81757 Garner Cove,Comptonstad,DE,29672,US,555-1962,2024-08-25T05:29:53,2026-04-09T01:54:14
1963,anna.rodriguez1963@example.com,Anna,Rodriguez,99414 Bell River Apt. 370,Ericksonstad,SD,89458,US,555-1963,2026-02-24T14:18:01,2026-05-03T18:45:24
1964,jessica.cook1964@example.com,Jessica,Cook,26949 Hunter Heights Apt. 645,South James,KY,26384,US,555-1964,2025-10-03T00:55:41,2025-12-19T11:22:55
1965,karen.buck1965@example.com,Karen,Buck,79181 Buck Port Suite 834,Sherihaven,PR,72809,US,555-1965,2022-09-19T13:47:05,2022-12-14T01:44:24
1966,sean.bradford1966@example.com,Sean,Bradford,3286 Steven Shores,Castanedashire,DE,11369,US,555-1966,2026-01-15T11:18:49,2026-02-07T02:14:45
1967,edward.davis1967@example.com,Edward,Davis,3502 Sullivan Ports Suite 841,Careybury,PW,23127,US,555-1967,2022-01-01T07:50:24,2024-07-10T02:25:29
1968,ashley.fuller1968@example.com,Ashley,Fuller,1812 Mike Lock,North Deborahshire,PR,96540,US,555-1968,2025-11-01T07:31:51,2026-04-14T20:57:13
1969,curtis.campbell1969@example.com,Curtis,Campbell,502 Kent Freeway Suite 097,Hoffmanland,KY,81689,US,555-1969,2024-12-06T04:49:55,2025-01-03T13:14:29
1970,rebecca.adams1970@example.com,Rebecca,Adams,64466 Shaffer Coves,Lauramouth,ID,98244,US,555-1970,2023-09-09T12:52:38,2024-03-17T15:00:49
1971,lisa.shepherd1971@example.com,Lisa,Shepherd,847 Hughes Hill Apt. 937,Watsonmouth,ID,44236,US,555-1971,2022-01-13T02:30:34,2023-06-16T20:30:36
1972,joshua.gonzalez1972@example.com,Joshua,Gonzalez,446 Michael Walks,Anthonyburgh,ID,23185,US,555-1972,2026-06-15T10:10:42,2026-06-20T02:02:30
1973,rachel.stewart1973@example.com,Rachel,Stewart,63319 White Estate,Williamshire,WI,49005,US,555-1973,2022-11-06T02:32:41,2026-05-05T14:27:40
1974,mariah.vargas1974@example.com,Mariah,Vargas,324 Natalie Station Suite 792,Lake Sarahmouth,PR,61173,US,555-1974,2024-05-09T02:01:56,2024-10-15T09:59:04
1975,colin.berger1975@example.com,Colin,Berger,839 Jeffrey Motorway,Johnchester,IL,38150,US,555-1975,2025-06-02T06:31:52,2025-06-26T19:48:52
1976,andrea.fowler1976@example.com,Andrea,Fowler,21740 Jennifer Ridges Apt. 019,Bakermouth,PW,91948,US,555-1976,2025-04-17T12:58:47,2025-09-19T07:45:42
1977,luis.munoz1977@example.com,Luis,Munoz,557 Rhonda Cliff Suite 688,Alantown,MO,62334,US,555-1977,2026-06-02T18:03:25,2026-06-06T09:58:27
1978,eric.brown1978@example.com,Eric,Brown,900 Ashley Harbors,New Kellyview,MS,88875,US,555-1978,2026-04-02T12:28:08,2026-04-13T17:16:10
1979,kurt.preston1979@example.com,Kurt,Preston,19153 Michael Stravenue Apt. 472,Port Tabithaside,UT,81343,US,555-1979,2026-04-17T08:14:49,2026-05-17T08:31:08
1980,allison.jackson1980@example.com,Allison,Jackson,7560 Reid Coves,Port Sean,KY,68816,US,555-1980,2026-01-10T07:55:11,2026-03-03T14:55:20
1981,jared.gordon1981@example.com,Jared,Gordon,7607 Cline Trail,Kevinmouth,MO,05124,US,555-1981,2024-03-08T23:36:44,2024-05-25T07:27:50
1982,sierra.malone1982@example.com,Sierra,Malone,5398 Morgan Squares,Lake Lisamouth,OK,62317,US,555-1982,2024-01-21T14:09:11,2025-07-12T16:01:29
1983,heather.baldwin1983@example.com,Heather,Baldwin,248 Michelle Hills Suite 046,South Scottport,NC,86319,US,555-1983,2023-06-17T00:46:05,2024-12-24T09:37:25
1984,ryan.reid1984@example.com,Ryan,Reid,2662 Michael Ranch,Katherinechester,ID,22878,US,555-1984,2022-11-21T02:51:51,2023-03-02T15:36:34
1985,jessica.anthony1985@example.com,Jessica,Anthony,22061 Daniel Garden Apt. 359,Matthewstad,MA,45559,US,555-1985,2025-07-08T16:14:33,2026-05-12T02:13:26
1986,karen.lynch1986@example.com,Karen,Lynch,869 Martin Manor Suite 483,Lauratown,DE,14014,US,555-1986,2021-10-30T08:08:40,2023-02-27T09:27:03
1987,caitlin.freeman1987@example.com,Caitlin,Freeman,65707 Lopez Wall Apt. 830,North Robert,WI,18110,US,555-1987,2026-06-29T22:08:35,2026-06-29T23:55:41
1988,heather.cooper1988@example.com,Heather,Cooper,3561 Brown Stream,Jacobchester,SD,95202,US,555-1988,2023-12-03T04:20:52,2026-04-26T15:48:33
1989,marc.nguyen1989@example.com,Marc,Nguyen,0234 Gill Haven Suite 137,Pittmanbury,DE,84231,US,555-1989,2024-07-02T05:34:07,2025-05-14T03:41:15
1990,sarah.cantu1990@example.com,Sarah,Cantu,9153 Blake Courts Suite 065,Lake Mary,MH,63006,US,555-1990,2026-06-06T21:37:06,2026-06-12T04:19:53
1991,henry.turner1991@example.com,Henry,Turner,7118 Taylor Crossroad Suite 863,Port David,FL,44528,US,555-1991,2022-07-10T05:28:40,2025-11-02T09:48:55
1992,elizabeth.smith1992@example.com,Elizabeth,Smith,9075 Linda Prairie Apt. 544,New Susanstad,VT,08162,US,555-1992,2022-12-15T08:47:34,2024-03-26T09:02:17
1993,sean.wood1993@example.com,Sean,Wood,555 Felicia Port Apt. 240,North Alex,FL,27325,US,555-1993,2022-02-09T19:28:19,2022-10-29T16:29:03
1994,ellen.walls1994@example.com,Ellen,Walls,92856 Rodgers Springs,West Daniel,PR,52629,US,555-1994,2026-05-09T03:00:02,2026-06-06T17:45:06
1995,kevin.mccoy1995@example.com,Kevin,Mccoy,8815 Jacobs Mission,Lauraton,MD,64477,US,555-1995,2026-04-21T00:58:33,2026-05-25T06:41:39
1996,krystal.mills1996@example.com,Krystal,Mills,8323 James Summit,East Sabrinaberg,PR,09427,US,555-1996,2025-06-08T07:36:39,2026-05-03T00:06:27
1997,anna.fritz1997@example.com,Anna,Fritz,178 Robert Parkway,Wigginschester,PW,47851,US,555-1997,2026-06-04T12:25:20,2026-06-23T02:26:04
1998,paul.hancock1998@example.com,Paul,Hancock,497 Kristin Turnpike Apt. 419,Jamesfort,AZ,61724,US,555-1998,2025-06-23T13:54:09,2026-05-14T23:53:43
1999,laura.bowen1999@example.com,Laura,Bowen,75784 Cisneros Pike Apt. 414,Hopkinsland,VT,54388,US,555-1999,2023-12-31T21:23:07,2025-10-31T06:51:02
2000,victoria.bradford2000@example.com,Victoria,Bradford,66343 Thompson Harbor,Port Thomashaven,PW,02732,US,555-2000,2026-01-18T16:56:04,2026-05-02T22:14:52
