product_id,name,description,price,cost,category_id,sku,inventory_count,weight,is_active
1,Toward Question 1,Quality question for everyday use.,6.81,3.39,55,SKU-PZ-0000001,208,17.98,true
2,Since Assume 2,Quality assume for everyday use.,61.35,30.20,144,SKU-RA-0000002,495,11.30,true
3,Enter Realize 3,Quality realize for everyday use.,432.20,177.58,415,SKU-EL-0000003,46,18.39,true
4,None We 4,Quality we for everyday use.,6.60,5.17,126,SKU-AE-0000004,151,6.07,true
5,Leave Same 5,Quality same for everyday use.,257.02,175.80,399,SKU-VD-0000005,423,2.39,true
6,Tv Grow 6,Quality grow for everyday use.,247.80,162.12,232,SKU-EN-0000006,267,11.17,true
7,Player Explain 7,Quality explain for everyday use.,170.54,118.97,117,SKU-CG-0000007,87,6.98,true
8,Film Together 8,Quality together for everyday use.,219.07,134.21,168,SKU-YR-0000008,106,16.06,false
9,Draw Personal 9,Quality personal for everyday use.,391.60,231.22,266,SKU-ZJ-0000009,383,17.60,true
10,Boy Also 10,Quality also for everyday use.,421.54,244.41,383,SKU-QF-0000010,431,9.50,true
11,Race Meet 11,Quality meet for everyday use.,134.60,88.32,304,SKU-KE-0000011,180,19.43,true
12,To Imagine 12,Quality imagine for everyday use.,165.30,79.45,467,SKU-VE-0000012,237,11.10,true
13,You Nearly 13,Quality nearly for everyday use.,125.78,94.99,434,SKU-EM-0000013,392,5.49,true
14,Those Major 14,Quality major for everyday use.,243.04,176.13,377,SKU-LH-0000014,88,9.83,true
15,Easy Peace 15,Quality peace for everyday use.,343.52,185.44,302,SKU-JH-0000015,103,0.84,true
16,Hand Compare 16,Quality compare for everyday use.,118.75,74.98,145,SKU-XP-0000016,387,16.10,false
17,Indicate Consumer 17,Quality consumer for everyday use.,169.37,77.30,207,SKU-YZ-0000017,93,2.12,false
18,Spring Rich 18,Quality rich for everyday use.,465.60,367.33,60,SKU-RV-0000018,386,6.24,true
19,Paper After 19,Quality after for everyday use.,29.98,22.82,188,SKU-CY-0000019,249,11.35,true
20,Professor Lose 20,Quality lose for everyday use.,233.61,179.59,464,SKU-MT-0000020,496,0.96,true
21,Believe Learn 21,Quality learn for everyday use.,357.50,190.50,213,SKU-FC-0000021,16,1.68,true
22,Than Movement 22,Quality movement for everyday use.,80.31,37.56,57,SKU-XL-0000022,473,13.95,true
23,Require Officer 23,Quality officer for everyday use.,29.39,14.25,326,SKU-DR-0000023,112,1.53,true
24,Site Personal 24,Quality personal for everyday use.,74.26,32.38,482,SKU-BL-0000024,17,9.59,true
25,Player Play 25,Quality play for everyday use.,459.89,206.05,434,SKU-ST-0000025,362,6.84,true
26,Store Author 26,Quality author for everyday use.,10.56,4.53,138,SKU-LJ-0000026,266,4.64,true
27,Include Month 27,Quality month for everyday use.,99.02,78.81,227,SKU-WE-0000027,419,3.86,true
28,Difficult Leave 28,Quality leave for everyday use.,21.44,9.21,266,SKU-BD-0000028,54,15.29,true
29,Memory Staff 29,Quality staff for everyday use.,60.64,27.47,124,SKU-VM-0000029,40,19.04,true
30,On Where 30,Quality where for everyday use.,312.34,228.29,135,SKU-AE-0000030,284,2.89,true
31,Network Occur 31,Quality occur for everyday use.,125.36,79.24,119,SKU-AV-0000031,441,19.20,true
32,Especially Sell 32,Quality sell for everyday use.,287.18,203.83,498,SKU-MB-0000032,203,11.94,true
33,Reach Staff 33,Quality staff for everyday use.,297.55,194.11,374,SKU-FQ-0000033,399,12.87,true
34,Lay Bill 34,Quality bill for everyday use.,425.61,320.43,421,SKU-QV-0000034,454,14.23,true
35,Since Address 35,Quality address for everyday use.,8.33,5.46,409,SKU-AB-0000035,435,14.11,true
36,Sea Him 36,Quality him for everyday use.,427.55,260.31,480,SKU-AK-0000036,254,16.41,false
37,How Street 37,Quality street for everyday use.,311.83,213.63,53,SKU-TR-0000037,349,9.72,true
38,Now Number 38,Quality number for everyday use.,86.39,50.02,441,SKU-FR-0000038,263,10.71,true
39,Degree Me 39,Quality me for everyday use.,387.82,208.81,34,SKU-RE-0000039,337,6.54,true
40,Stay Mean 40,Quality mean for everyday use.,428.60,251.61,238,SKU-TL-0000040,284,2.19,true
41,Smile Interesting 41,Quality interesting for everyday use.,131.60,61.57,298,SKU-BK-0000041,263,13.33,false
42,Less Pattern 42,Quality pattern for everyday use.,459.87,330.48,179,SKU-US-0000042,218,0.77,true
43,Couple Ready 43,Quality ready for everyday use.,230.49,116.23,74,SKU-GU-0000043,327,5.59,true
44,Agreement Room 44,Quality room for everyday use.,304.08,140.31,97,SKU-KM-0000044,376,1.98,true
45,Pretty Executive 45,Quality executive for everyday use.,492.41,245.49,413,SKU-CZ-0000045,460,3.90,true
46,Win Employee 46,Quality employee for everyday use.,184.59,136.01,160,SKU-WE-0000046,307,12.81,true
47,Sometimes Hope 47,Quality hope for everyday use.,407.69,216.92,156,SKU-PU-0000047,50,12.61,true
48,Cup Employee 48,Quality employee for everyday use.,163.28,110.12,462,SKU-NF-0000048,294,8.48,true
49,Light Address 49,Quality address for everyday use.,400.80,297.62,72,SKU-ZG-0000049,158,1.89,true
50,Customer Believe 50,Quality believe for everyday use.,302.75,130.51,458,SKU-JJ-0000050,13,8.72,true
51,Unit Receive 51,Quality receive for everyday use.,112.87,79.69,461,SKU-XN-0000051,36,7.12,false
52,Stage Value 52,Quality value for everyday use.,210.52,110.12,300,SKU-TX-0000052,296,14.44,false
53,Lose Scientist 53,Quality scientist for everyday use.,162.90,79.28,83,SKU-YW-0000053,473,11.62,false
54,South Key 54,Quality key for everyday use.,44.58,30.12,78,SKU-XY-0000054,253,9.88,true
55,Matter Believe 55,Quality believe for everyday use.,20.73,15.84,143,SKU-ZR-0000055,223,9.79,true
56,Matter Report 56,Quality report for everyday use.,177.15,91.77,289,SKU-DC-0000056,44,19.33,true
57,Look Customer 57,Quality customer for everyday use.,15.39,9.66,77,SKU-VH-0000057,338,15.15,true
58,Mean Kitchen 58,Quality kitchen for everyday use.,87.74,45.27,228,SKU-VY-0000058,27,9.99,true
59,Policy Pay 59,Quality pay for everyday use.,364.23,226.45,58,SKU-RU-0000059,421,9.64,true
60,Hard Thank 60,Quality thank for everyday use.,355.79,230.82,271,SKU-GL-0000060,409,0.63,true
61,Be Serious 61,Quality serious for everyday use.,370.85,238.88,11,SKU-ZV-0000061,496,18.86,true
62,Type Push 62,Quality push for everyday use.,162.66,105.63,355,SKU-EY-0000062,142,6.45,true
63,Soon Part 63,Quality part for everyday use.,445.66,202.34,28,SKU-MW-0000063,81,5.19,true
64,Hospital Film 64,Quality film for everyday use.,299.34,202.78,98,SKU-NQ-0000064,150,19.99,true
65,Reach Reach 65,Quality reach for everyday use.,68.25,45.72,88,SKU-DJ-0000065,400,14.40,false
66,Avoid War 66,Quality war for everyday use.,76.99,51.82,416,SKU-TW-0000066,109,1.04,true
67,Now Affect 67,Quality affect for everyday use.,348.38,149.67,27,SKU-CB-0000067,444,1.33,true
68,Yourself Indicate 68,Quality indicate for everyday use.,91.42,52.91,215,SKU-SL-0000068,77,0.61,true
69,Experience Main 69,Quality main for everyday use.,256.59,144.62,296,SKU-WB-0000069,24,12.03,true
70,Which Effect 70,Quality effect for everyday use.,495.93,215.57,258,SKU-JA-0000070,109,1.52,true
71,Short Party 71,Quality party for everyday use.,7.97,3.90,341,SKU-TW-0000071,377,18.67,true
72,Attorney Response 72,Quality response for everyday use.,14.18,8.17,402,SKU-DH-0000072,301,18.74,true
73,Ten Protect 73,Quality protect for everyday use.,496.57,346.19,197,SKU-WA-0000073,177,10.97,true
74,Suddenly Test 74,Quality test for everyday use.,294.80,145.87,415,SKU-YX-0000074,328,12.37,true
75,Send Against 75,Quality against for everyday use.,68.68,50.27,159,SKU-DD-0000075,324,5.91,false
76,Establish Ball 76,Quality ball for everyday use.,449.26,277.79,493,SKU-SA-0000076,277,1.37,true
77,Realize Card 77,Quality card for everyday use.,440.90,310.47,253,SKU-NB-0000077,257,14.78,true
78,Use Also 78,Quality also for everyday use.,270.87,159.55,369,SKU-NJ-0000078,50,2.13,true
79,Around Move 79,Quality move for everyday use.,313.16,187.80,438,SKU-SX-0000079,130,1.80,true
80,Agency Technology 80,Quality technology for everyday use.,140.94,91.31,397,SKU-MR-0000080,264,6.29,true
81,South Single 81,Quality single for everyday use.,30.95,23.87,426,SKU-QZ-0000081,67,0.35,true
82,Although Play 82,Quality play for everyday use.,299.71,178.84,269,SKU-FF-0000082,238,8.74,true
83,People Necessary 83,Quality necessary for everyday use.,151.60,92.70,22,SKU-KT-0000083,58,14.18,true
84,Such To 84,Quality to for everyday use.,333.82,213.91,247,SKU-WG-0000084,394,16.05,false
85,Let Interesting 85,Quality interesting for everyday use.,419.10,291.28,91,SKU-CQ-0000085,51,12.13,true
86,Suffer Peace 86,Quality peace for everyday use.,14.96,6.41,445,SKU-QJ-0000086,46,16.95,true
87,Boy Attorney 87,Quality attorney for everyday use.,300.27,182.05,119,SKU-EW-0000087,319,8.19,false
88,Assume Gas 88,Quality gas for everyday use.,120.24,71.26,115,SKU-WT-0000088,110,16.99,true
89,Else Garden 89,Quality garden for everyday use.,437.69,336.44,125,SKU-PG-0000089,176,10.18,true
90,Have Play 90,Quality play for everyday use.,131.30,78.44,322,SKU-KB-0000090,157,4.54,true
91,Tv Someone 91,Quality someone for everyday use.,307.71,180.73,286,SKU-FL-0000091,108,18.89,true
92,Set Fill 92,Quality fill for everyday use.,279.44,219.33,475,SKU-LB-0000092,381,5.57,true
93,Avoid Natural 93,Quality natural for everyday use.,201.70,117.03,209,SKU-YG-0000093,346,0.62,false
94,Argue Without 94,Quality without for everyday use.,340.73,160.95,142,SKU-NM-0000094,119,4.93,true
95,I Keep 95,Quality keep for everyday use.,364.52,177.44,25,SKU-MW-0000095,344,7.40,true
96,Forward Experience 96,Quality experience for everyday use.,286.06,125.32,4,SKU-TW-0000096,357,7.09,false
97,According Watch 97,Quality watch for everyday use.,380.65,152.35,187,SKU-KG-0000097,270,10.54,false
98,State My 98,Quality my for everyday use.,491.80,281.69,463,SKU-LP-0000098,289,17.67,false
99,Front Without 99,Quality without for everyday use.,213.11,150.82,262,SKU-JM-0000099,468,5.92,true
100,Adult Reach 100,Quality reach for everyday use.,260.19,180.41,447,SKU-DQ-0000100,227,10.46,true
101,News Group 101,Quality group for everyday use.,12.15,5.02,51,SKU-TN-0000101,193,6.87,true
102,Country Least 102,Quality least for everyday use.,399.23,250.71,47,SKU-WZ-0000102,270,16.45,true
103,Sport Old 103,Quality old for everyday use.,262.98,121.42,417,SKU-XC-0000103,418,3.24,true
104,Reality Their 104,Quality their for everyday use.,207.52,161.12,54,SKU-XJ-0000104,355,2.16,true
105,Operation Test 105,Quality test for everyday use.,52.46,24.50,26,SKU-LK-0000105,37,10.11,true
106,Performance Forward 106,Quality forward for everyday use.,445.48,289.85,203,SKU-GX-0000106,230,13.47,true
107,Entire Firm 107,Quality firm for everyday use.,201.12,106.69,463,SKU-RZ-0000107,370,15.93,true
108,Money Imagine 108,Quality imagine for everyday use.,343.19,225.35,345,SKU-YL-0000108,112,11.83,true
109,Body Ball 109,Quality ball for everyday use.,79.78,45.07,50,SKU-TN-0000109,495,15.50,true
110,Those Huge 110,Quality huge for everyday use.,481.00,338.56,419,SKU-MT-0000110,404,7.91,true
111,Involve Every 111,Quality every for everyday use.,94.14,46.34,422,SKU-SX-0000111,424,0.75,true
112,Feel Paper 112,Quality paper for everyday use.,104.56,79.71,401,SKU-UQ-0000112,40,2.41,false
113,Fill War 113,Quality war for everyday use.,430.33,258.23,452,SKU-YC-0000113,290,0.87,true
114,One Control 114,Quality control for everyday use.,456.81,320.88,120,SKU-UK-0000114,264,6.65,false
115,Small Stay 115,Quality stay for everyday use.,110.79,81.97,490,SKU-LU-0000115,314,9.96,true
116,Manager Upon 116,Quality upon for everyday use.,238.07,190.34,161,SKU-GX-0000116,425,7.19,true
117,Easy Hour 117,Quality hour for everyday use.,368.34,180.33,402,SKU-MJ-0000117,176,11.26,true
118,Reduce Play 118,Quality play for everyday use.,439.90,226.44,290,SKU-HL-0000118,267,9.66,true
119,Family Project 119,Quality project for everyday use.,193.24,96.65,390,SKU-YC-0000119,340,13.59,true
120,Interest Value 120,Quality value for everyday use.,261.40,132.05,314,SKU-NW-0000120,377,13.37,true
121,Than Company 121,Quality company for everyday use.,372.40,235.72,322,SKU-MP-0000121,385,6.43,true
122,Country Away 122,Quality away for everyday use.,367.17,292.78,309,SKU-JD-0000122,168,6.99,true
123,According Scientist 123,Quality scientist for everyday use.,392.77,312.69,390,SKU-RY-0000123,500,11.74,true
124,Drop Up 124,Quality up for everyday use.,287.54,175.60,370,SKU-NL-0000124,4,11.97,true
125,Easy Have 125,Quality have for everyday use.,57.67,37.81,68,SKU-DY-0000125,246,6.36,true
126,Live Value 126,Quality value for everyday use.,452.55,336.69,414,SKU-WX-0000126,304,6.67,true
127,By Although 127,Quality although for everyday use.,433.58,335.23,269,SKU-JR-0000127,30,13.91,true
128,Hold Surface 128,Quality surface for everyday use.,400.25,192.74,162,SKU-LF-0000128,226,12.98,true
129,Number Economic 129,Quality economic for everyday use.,55.32,33.82,258,SKU-EK-0000129,298,2.79,true
130,Benefit Simple 130,Quality simple for everyday use.,106.96,78.42,484,SKU-PC-0000130,304,8.88,true
131,Management Style 131,Quality style for everyday use.,373.33,194.61,429,SKU-SL-0000131,59,17.86,true
132,Drive Yeah 132,Quality yeah for everyday use.,17.42,10.03,417,SKU-XG-0000132,139,0.82,true
133,Remain Offer 133,Quality offer for everyday use.,489.73,388.97,232,SKU-BH-0000133,122,17.12,true
134,Protect What 134,Quality what for everyday use.,192.30,152.69,393,SKU-ZH-0000134,320,3.35,true
135,Reach Term 135,Quality term for everyday use.,361.33,275.49,193,SKU-SW-0000135,164,10.19,true
136,Pretty Explain 136,Quality explain for everyday use.,444.45,319.73,344,SKU-GR-0000136,286,8.54,true
137,Watch Teacher 137,Quality teacher for everyday use.,200.94,102.01,320,SKU-EJ-0000137,366,0.30,true
138,Physical If 138,Quality if for everyday use.,163.64,86.46,125,SKU-HS-0000138,399,18.32,true
139,Peace Player 139,Quality player for everyday use.,306.71,189.83,134,SKU-XG-0000139,92,9.15,true
140,People Under 140,Quality under for everyday use.,293.00,182.92,31,SKU-GV-0000140,452,19.09,false
141,One Mention 141,Quality mention for everyday use.,208.11,125.32,70,SKU-MN-0000141,83,5.81,true
142,Small Push 142,Quality push for everyday use.,303.27,198.54,217,SKU-SD-0000142,10,17.34,true
143,Position Word 143,Quality word for everyday use.,468.07,263.68,239,SKU-WJ-0000143,22,18.46,true
144,Interesting Worry 144,Quality worry for everyday use.,237.00,165.82,83,SKU-RL-0000144,100,11.18,true
145,Child Evidence 145,Quality evidence for everyday use.,103.18,55.04,209,SKU-UQ-0000145,437,4.13,true
146,None Manager 146,Quality manager for everyday use.,192.33,102.37,303,SKU-EE-0000146,104,13.74,true
147,Reduce Movement 147,Quality movement for everyday use.,200.68,90.48,117,SKU-XN-0000147,347,11.02,true
148,Parent American 148,Quality american for everyday use.,70.76,33.65,170,SKU-GD-0000148,209,18.90,true
149,Year Or 149,Quality or for everyday use.,86.45,63.99,184,SKU-DY-0000149,20,8.84,true
150,Name Study 150,Quality study for everyday use.,344.16,199.10,253,SKU-ZK-0000150,222,5.44,true
151,Center Main 151,Quality main for everyday use.,173.69,85.31,184,SKU-EL-0000151,14,2.85,true
152,Night Degree 152,Quality degree for everyday use.,477.71,336.18,369,SKU-DP-0000152,238,14.00,true
153,Company Past 153,Quality past for everyday use.,126.33,78.53,164,SKU-RZ-0000153,279,19.48,true
154,Oil Try 154,Quality try for everyday use.,54.86,22.41,217,SKU-HE-0000154,261,0.66,true
155,Soldier Bring 155,Quality bring for everyday use.,378.22,199.15,190,SKU-DK-0000155,141,14.83,true
156,True Movement 156,Quality movement for everyday use.,441.22,207.73,92,SKU-QB-0000156,384,18.55,true
157,Suddenly Indicate 157,Quality indicate for everyday use.,143.38,94.97,343,SKU-UM-0000157,298,1.59,true
158,Control Especially 158,Quality especially for everyday use.,105.82,53.97,118,SKU-VM-0000158,127,2.29,true
159,Those School 159,Quality school for everyday use.,97.76,41.64,149,SKU-DA-0000159,217,13.87,true
160,Only Kind 160,Quality kind for everyday use.,263.86,111.34,397,SKU-PN-0000160,54,12.99,true
161,Challenge Rich 161,Quality rich for everyday use.,237.39,150.19,475,SKU-VX-0000161,462,1.47,true
162,Process Answer 162,Quality answer for everyday use.,134.15,54.83,336,SKU-DH-0000162,377,16.71,true
163,Garden Range 163,Quality range for everyday use.,28.31,20.94,459,SKU-EC-0000163,144,10.52,false
164,Cultural Let 164,Quality let for everyday use.,243.85,112.70,428,SKU-AB-0000164,338,18.15,true
165,Scene South 165,Quality south for everyday use.,479.90,308.40,241,SKU-ND-0000165,340,17.57,true
166,Service Require 166,Quality require for everyday use.,328.33,189.73,386,SKU-EC-0000166,305,16.27,true
167,Very Wide 167,Quality wide for everyday use.,250.77,144.73,165,SKU-TR-0000167,27,10.37,true
168,School Ball 168,Quality ball for everyday use.,60.67,26.01,231,SKU-ZC-0000168,440,5.11,true
169,Stuff Field 169,Quality field for everyday use.,130.69,94.24,268,SKU-FL-0000169,478,10.17,true
170,Reduce Teacher 170,Quality teacher for everyday use.,151.61,114.80,481,SKU-RD-0000170,488,2.11,true
171,Join Usually 171,Quality usually for everyday use.,383.80,155.21,425,SKU-FL-0000171,491,13.21,true
172,Work Education 172,Quality education for everyday use.,439.09,207.01,245,SKU-AK-0000172,465,2.77,false
173,Concern Way 173,Quality way for everyday use.,451.40,343.77,327,SKU-UN-0000173,370,10.27,true
174,Many Type 174,Quality type for everyday use.,492.37,305.17,102,SKU-LM-0000174,28,1.18,true
175,Since Design 175,Quality design for everyday use.,491.28,226.00,403,SKU-YN-0000175,233,6.06,true
176,They Exactly 176,Quality exactly for everyday use.,476.77,229.38,277,SKU-NY-0000176,122,4.72,true
177,Many Try 177,Quality try for everyday use.,41.47,27.54,267,SKU-DC-0000177,110,12.44,true
178,Federal Discuss 178,Quality discuss for everyday use.,74.06,51.10,384,SKU-LH-0000178,416,15.76,false
179,Staff Management 179,Quality management for everyday use.,156.40,100.06,317,SKU-EC-0000179,407,1.24,false
180,Concern Life 180,Quality life for everyday use.,279.12,218.07,37,SKU-XQ-0000180,261,17.02,true
181,Employee Your 181,Quality your for everyday use.,53.90,32.21,145,SKU-SC-0000181,368,17.23,true
182,Tree Be 182,Quality be for everyday use.,423.81,220.43,89,SKU-JQ-0000182,64,6.91,true
183,Outside Pay 183,Quality pay for everyday use.,310.67,183.57,368,SKU-NS-0000183,111,13.21,true
184,Draw Guy 184,Quality guy for everyday use.,273.92,148.98,18,SKU-SK-0000184,431,8.11,true
185,Use Pattern 185,Quality pattern for everyday use.,87.65,42.93,102,SKU-UG-0000185,226,3.17,true
186,Future Fish 186,Quality fish for everyday use.,131.10,54.85,299,SKU-BX-0000186,273,10.62,true
187,Room Sport 187,Quality sport for everyday use.,85.18,46.07,348,SKU-AG-0000187,231,1.82,true
188,Media Especially 188,Quality especially for everyday use.,426.84,292.20,252,SKU-CF-0000188,101,17.58,true
189,Interview You 189,Quality you for everyday use.,294.60,120.01,431,SKU-KD-0000189,414,18.49,true
190,Best Happen 190,Quality happen for everyday use.,369.14,212.50,460,SKU-MY-0000190,379,16.45,false
191,Upon Spring 191,Quality spring for everyday use.,152.23,100.11,67,SKU-DY-0000191,342,11.29,true
192,Story Morning 192,Quality morning for everyday use.,189.39,122.00,477,SKU-KQ-0000192,176,11.20,true
193,Decision Professor 193,Quality professor for everyday use.,205.99,146.39,308,SKU-LH-0000193,322,19.69,true
194,Author Natural 194,Quality natural for everyday use.,381.44,276.24,319,SKU-CQ-0000194,477,5.03,true
195,Range Threat 195,Quality threat for everyday use.,387.53,265.33,48,SKU-XN-0000195,325,1.61,true
196,Wide Article 196,Quality article for everyday use.,108.16,47.71,311,SKU-QR-0000196,247,11.28,true
197,Teach Technology 197,Quality technology for everyday use.,471.11,277.96,363,SKU-KC-0000197,135,6.64,true
198,Stop Rest 198,Quality rest for everyday use.,65.59,42.07,291,SKU-NW-0000198,261,6.51,true
199,To Type 199,Quality type for everyday use.,448.67,223.54,43,SKU-HW-0000199,186,0.24,true
200,Fact Condition 200,Quality condition for everyday use.,55.59,23.18,262,SKU-WF-0000200,306,11.97,true
201,Another Suggest 201,Quality suggest for everyday use.,136.67,66.89,468,SKU-PT-0000201,22,5.35,false
202,Cup Behind 202,Quality behind for everyday use.,424.15,246.84,362,SKU-MS-0000202,95,3.84,true
203,Yeah Relate 203,Quality relate for everyday use.,94.66,53.54,69,SKU-XR-0000203,394,0.90,true
204,Beautiful Group 204,Quality group for everyday use.,210.29,98.98,480,SKU-WV-0000204,190,7.35,true
205,Mission Sport 205,Quality sport for everyday use.,228.22,166.55,480,SKU-VW-0000205,216,17.59,true
206,Development Boy 206,Quality boy for everyday use.,127.15,97.94,85,SKU-FA-0000206,272,6.80,true
207,Know Least 207,Quality least for everyday use.,356.85,171.48,401,SKU-DF-0000207,219,13.61,true
208,Color Kitchen 208,Quality kitchen for everyday use.,426.55,329.22,204,SKU-SN-0000208,380,15.16,true
209,Game Worry 209,Quality worry for everyday use.,438.03,178.34,297,SKU-MA-0000209,122,6.63,true
210,Research Stand 210,Quality stand for everyday use.,173.62,133.68,223,SKU-SJ-0000210,379,16.45,false
211,Pattern Cost 211,Quality cost for everyday use.,268.23,209.43,392,SKU-UC-0000211,104,13.87,true
212,Relate Move 212,Quality move for everyday use.,128.70,52.10,499,SKU-HB-0000212,185,11.23,true
213,Special Avoid 213,Quality avoid for everyday use.,126.92,89.50,398,SKU-GY-0000213,294,0.12,true
214,Professor Knowledge 214,Quality knowledge for everyday use.,85.65,67.50,466,SKU-ML-0000214,443,0.80,true
215,Move Those 215,Quality those for everyday use.,470.36,358.58,474,SKU-GG-0000215,116,19.82,true
216,Network Reach 216,Quality reach for everyday use.,444.66,350.52,46,SKU-SZ-0000216,294,15.67,true
217,Across Catch 217,Quality catch for everyday use.,390.01,241.86,127,SKU-TT-0000217,32,18.76,true
218,Beyond Against 218,Quality against for everyday use.,261.71,112.87,361,SKU-MC-0000218,37,18.06,true
219,Buy Move 219,Quality move for everyday use.,248.35,183.76,296,SKU-TV-0000219,384,0.51,false
220,Only High 220,Quality high for everyday use.,267.68,172.80,26,SKU-NC-0000220,360,15.86,true
221,House Expert 221,Quality expert for everyday use.,271.05,175.07,48,SKU-TY-0000221,188,9.08,true
222,Wife Meet 222,Quality meet for everyday use.,220.66,125.09,261,SKU-FD-0000222,312,15.81,true
223,Artist Interesting 223,Quality interesting for everyday use.,71.08,44.69,309,SKU-TH-0000223,190,0.23,true
224,Attention Mr 224,Quality mr for everyday use.,68.07,31.41,84,SKU-TS-0000224,138,5.84,true
225,Live Very 225,Quality very for everyday use.,476.40,331.53,86,SKU-GB-0000225,216,15.05,true
226,Site Move 226,Quality move for everyday use.,244.11,104.97,65,SKU-PK-0000226,156,15.88,true
227,Hospital View 227,Quality view for everyday use.,476.87,329.95,283,SKU-WJ-0000227,408,12.43,true
228,Production Agency 228,Quality agency for everyday use.,86.80,64.20,4,SKU-FW-0000228,206,6.09,true
229,Couple Civil 229,Quality civil for everyday use.,279.87,164.84,287,SKU-TQ-0000229,160,6.28,true
230,Paper Degree 230,Quality degree for everyday use.,108.60,65.59,238,SKU-YU-0000230,268,19.34,true
231,Receive Those 231,Quality those for everyday use.,131.06,68.79,233,SKU-WV-0000231,379,8.84,true
232,Model Bit 232,Quality bit for everyday use.,20.84,16.42,340,SKU-KB-0000232,137,9.00,true
233,Big Although 233,Quality although for everyday use.,64.75,44.89,262,SKU-QU-0000233,470,11.09,true
234,Wear War 234,Quality war for everyday use.,458.91,251.30,364,SKU-ZS-0000234,232,8.25,false
235,Avoid House 235,Quality house for everyday use.,164.83,77.46,382,SKU-PP-0000235,331,11.10,true
236,Matter Sister 236,Quality sister for everyday use.,306.41,149.48,461,SKU-CA-0000236,479,8.70,true
237,Hand Word 237,Quality word for everyday use.,235.71,138.02,400,SKU-BX-0000237,216,16.55,true
238,Situation Option 238,Quality option for everyday use.,203.81,158.37,259,SKU-UG-0000238,100,18.19,true
239,Floor According 239,Quality according for everyday use.,268.74,186.41,247,SKU-LM-0000239,374,18.65,true
240,Seek Reason 240,Quality reason for everyday use.,98.49,47.88,118,SKU-FL-0000240,3,11.33,true
241,Old Hundred 241,Quality hundred for everyday use.,494.36,367.72,300,SKU-JS-0000241,229,8.90,true
242,Page The 242,Quality the for everyday use.,410.23,226.15,70,SKU-UC-0000242,490,14.13,true
243,Manager Including 243,Quality including for everyday use.,372.35,275.80,466,SKU-MZ-0000243,207,16.78,true
244,Wish Treatment 244,Quality treatment for everyday use.,237.56,117.99,423,SKU-WV-0000244,342,11.30,true
245,Organization Tell 245,Quality tell for everyday use.,81.51,52.77,60,SKU-TA-0000245,263,14.03,true
246,Keep Seek 246,Quality seek for everyday use.,460.80,355.12,393,SKU-ZT-0000246,107,15.02,true
247,Address Rise 247,Quality rise for everyday use.,174.64,87.87,59,SKU-XX-0000247,159,13.56,true
248,Rich Support 248,Quality support for everyday use.,30.74,20.82,361,SKU-GA-0000248,262,14.95,true
249,Before Quickly 249,Quality quickly for everyday use.,175.14,139.22,44,SKU-RM-0000249,52,4.25,true
250,Case Small 250,Quality small for everyday use.,398.45,183.38,245,SKU-AG-0000250,207,10.02,true
251,Rest Page 251,Quality page for everyday use.,313.61,136.53,329,SKU-ZJ-0000251,207,11.81,true
252,Senior Central 252,Quality central for everyday use.,376.90,252.40,365,SKU-GR-0000252,418,0.15,true
253,Too Sport 253,Quality sport for everyday use.,398.05,213.31,210,SKU-RH-0000253,62,17.13,true
254,Citizen Hot 254,Quality hot for everyday use.,110.70,47.43,461,SKU-WP-0000254,422,12.24,true
255,Senior Part 255,Quality part for everyday use.,462.34,272.84,388,SKU-DH-0000255,205,2.67,true
256,Only Recent 256,Quality recent for everyday use.,222.36,155.99,105,SKU-WC-0000256,326,16.35,true
257,I Claim 257,Quality claim for everyday use.,321.66,165.35,336,SKU-AR-0000257,279,14.37,true
258,Those Fall 258,Quality fall for everyday use.,7.13,3.81,366,SKU-LG-0000258,150,15.19,true
259,Stand Mean 259,Quality mean for everyday use.,496.71,366.71,167,SKU-ME-0000259,466,7.90,true
260,View Personal 260,Quality personal for everyday use.,144.75,88.01,370,SKU-JF-0000260,112,17.10,true
261,Many Where 261,Quality where for everyday use.,36.65,27.01,450,SKU-QS-0000261,18,8.34,false
262,Event Upon 262,Quality upon for everyday use.,232.37,134.44,409,SKU-XB-0000262,375,11.45,true
263,Join Challenge 263,Quality challenge for everyday use.,69.73,54.47,382,SKU-HG-0000263,311,0.11,true
264,Be Image 264,Quality image for everyday use.,81.24,53.64,318,SKU-PN-0000264,446,12.93,true
265,Lay Road 265,Quality road for everyday use.,318.34,142.09,136,SKU-XY-0000265,229,14.39,true
266,Major Clearly 266,Quality clearly for everyday use.,200.10,150.88,398,SKU-UE-0000266,8,11.39,true
267,Tell Drop 267,Quality drop for everyday use.,461.39,274.85,183,SKU-AX-0000267,10,9.98,true
268,Mr Impact 268,Quality impact for everyday use.,163.65,74.73,267,SKU-YG-0000268,217,16.22,true
269,Benefit Sometimes 269,Quality sometimes for everyday use.,364.72,168.16,158,SKU-BS-0000269,125,13.66,true
270,Professor Need 270,Quality need for everyday use.,233.77,157.80,157,SKU-QX-0000270,462,5.63,true
271,Couple Share 271,Quality share for everyday use.,332.01,139.10,79,SKU-PU-0000271,59,19.19,true
272,Her Child 272,Quality child for everyday use.,302.24,155.54,481,SKU-UA-0000272,441,14.17,true
273,Pattern Never 273,Quality never for everyday use.,239.55,109.21,74,SKU-DU-0000273,108,19.76,true
274,Three Certainly 274,Quality certainly for everyday use.,475.32,273.99,44,SKU-EE-0000274,59,19.43,true
275,Land Forward 275,Quality forward for everyday use.,175.29,99.17,469,SKU-UE-0000275,137,18.39,true
276,Surface Firm 276,Quality firm for everyday use.,93.54,56.94,278,SKU-DA-0000276,72,15.13,true
277,Record Message 277,Quality message for everyday use.,340.97,174.53,219,SKU-MR-0000277,201,12.23,true
278,Work Catch 278,Quality catch for everyday use.,423.92,175.00,369,SKU-TX-0000278,165,3.53,true
279,Wish Test 279,Quality test for everyday use.,25.88,16.71,192,SKU-RU-0000279,265,10.91,true
280,Seat Service 280,Quality service for everyday use.,228.11,125.34,64,SKU-FJ-0000280,269,15.33,true
281,To One 281,Quality one for everyday use.,446.88,295.18,365,SKU-HB-0000281,0,10.47,false
282,Indicate Turn 282,Quality turn for everyday use.,376.30,166.88,88,SKU-ZF-0000282,62,17.38,true
283,Catch Meeting 283,Quality meeting for everyday use.,495.94,201.11,277,SKU-LJ-0000283,81,2.28,true
284,Especially Kid 284,Quality kid for everyday use.,268.51,134.07,475,SKU-BX-0000284,97,7.68,true
285,Point Party 285,Quality party for everyday use.,332.03,193.45,469,SKU-FC-0000285,46,10.17,true
286,Film Process 286,Quality process for everyday use.,155.42,86.67,181,SKU-JD-0000286,157,8.70,true
287,Set Expert 287,Quality expert for everyday use.,474.07,343.28,391,SKU-ZE-0000287,275,2.26,true
288,Consumer Test 288,Quality test for everyday use.,186.96,103.04,307,SKU-HG-0000288,154,3.16,true
289,Let Suffer 289,Quality suffer for everyday use.,370.81,227.00,240,SKU-AA-0000289,164,16.77,true
290,Assume Upon 290,Quality upon for everyday use.,205.14,130.76,70,SKU-NF-0000290,235,9.74,true
291,Citizen Read 291,Quality read for everyday use.,283.53,115.89,189,SKU-CG-0000291,274,1.07,true
292,Thought Question 292,Quality question for everyday use.,361.56,219.12,326,SKU-GL-0000292,165,0.43,true
293,Paper Mission 293,Quality mission for everyday use.,257.40,138.46,494,SKU-ZH-0000293,111,9.52,true
294,Sister Only 294,Quality only for everyday use.,454.09,258.16,3,SKU-SU-0000294,205,3.37,true
295,Occur Light 295,Quality light for everyday use.,213.12,93.80,359,SKU-BN-0000295,12,14.13,true
296,Suggest Player 296,Quality player for everyday use.,325.64,232.22,424,SKU-LN-0000296,246,15.93,false
297,Subject Way 297,Quality way for everyday use.,175.12,136.06,476,SKU-EM-0000297,471,4.64,true
298,Later Energy 298,Quality energy for everyday use.,207.62,84.90,212,SKU-CY-0000298,199,11.88,true
299,Fish Prevent 299,Quality prevent for everyday use.,223.37,143.08,60,SKU-QA-0000299,54,3.17,true
300,Film High 300,Quality high for everyday use.,68.14,48.08,136,SKU-NY-0000300,354,6.14,true
301,Trouble Industry 301,Quality industry for everyday use.,51.30,26.36,426,SKU-TG-0000301,63,17.79,false
302,Speak Tax 302,Quality tax for everyday use.,335.73,240.05,439,SKU-XE-0000302,97,10.93,false
303,Rule Difficult 303,Quality difficult for everyday use.,329.82,215.35,319,SKU-FD-0000303,73,17.73,true
304,Staff Keep 304,Quality keep for everyday use.,333.47,257.33,62,SKU-YT-0000304,442,4.58,true
305,Gun Table 305,Quality table for everyday use.,15.75,12.48,61,SKU-NS-0000305,491,6.67,true
306,Now Effect 306,Quality effect for everyday use.,167.30,69.75,240,SKU-GB-0000306,285,9.47,true
307,Scientist Life 307,Quality life for everyday use.,103.71,59.94,295,SKU-WZ-0000307,309,9.65,true
308,Enter Whom 308,Quality whom for everyday use.,390.40,241.58,17,SKU-AB-0000308,323,19.95,true
309,Group How 309,Quality how for everyday use.,431.14,197.76,344,SKU-PB-0000309,305,2.38,true
310,Drop Least 310,Quality least for everyday use.,127.85,68.34,273,SKU-TY-0000310,272,17.05,true
311,Garden Idea 311,Quality idea for everyday use.,335.91,267.07,7,SKU-GH-0000311,494,17.29,false
312,Within Quite 312,Quality quite for everyday use.,69.90,28.41,48,SKU-WJ-0000312,367,11.11,true
313,Which Guy 313,Quality guy for everyday use.,141.92,82.46,228,SKU-FC-0000313,44,6.95,false
314,Into Pattern 314,Quality pattern for everyday use.,74.49,54.90,362,SKU-WY-0000314,196,10.43,true
315,Can Their 315,Quality their for everyday use.,146.05,77.34,413,SKU-BV-0000315,488,5.92,true
316,Concern Address 316,Quality address for everyday use.,339.31,200.84,216,SKU-DD-0000316,202,16.00,true
317,Skin Government 317,Quality government for everyday use.,455.69,360.55,148,SKU-KL-0000317,102,10.02,true
318,Include Media 318,Quality media for everyday use.,106.04,62.56,485,SKU-WS-0000318,435,18.52,true
319,Any Least 319,Quality least for everyday use.,273.78,123.85,230,SKU-DQ-0000319,312,12.49,false
320,Professor High 320,Quality high for everyday use.,352.48,148.28,158,SKU-XR-0000320,281,10.33,true
321,Soldier Couple 321,Quality couple for everyday use.,476.73,370.98,222,SKU-FD-0000321,210,14.25,true
322,Perform Represent 322,Quality represent for everyday use.,307.36,155.62,7,SKU-LM-0000322,62,10.13,true
323,Pattern Interest 323,Quality interest for everyday use.,132.01,79.42,151,SKU-JC-0000323,192,18.10,true
324,Include Oil 324,Quality oil for everyday use.,314.98,137.42,258,SKU-CN-0000324,219,3.77,true
325,Indicate Idea 325,Quality idea for everyday use.,164.31,93.57,460,SKU-YQ-0000325,466,19.47,true
326,Surface Year 326,Quality year for everyday use.,488.20,376.91,370,SKU-LY-0000326,153,16.26,true
327,Require Enter 327,Quality enter for everyday use.,203.43,122.25,391,SKU-ST-0000327,74,17.23,true
328,What Property 328,Quality property for everyday use.,344.59,271.69,273,SKU-PU-0000328,214,9.71,false
329,Concern Marriage 329,Quality marriage for everyday use.,17.46,8.79,56,SKU-NQ-0000329,499,16.76,true
330,Similar Impact 330,Quality impact for everyday use.,203.62,122.54,196,SKU-QU-0000330,241,6.20,true
331,Explain Attorney 331,Quality attorney for everyday use.,438.29,326.01,499,SKU-XH-0000331,189,15.26,true
332,Nothing Nearly 332,Quality nearly for everyday use.,307.44,178.10,23,SKU-SA-0000332,334,2.89,true
333,Eat Discover 333,Quality discover for everyday use.,225.30,115.31,440,SKU-NX-0000333,325,6.21,true
334,Imagine Everybody 334,Quality everybody for everyday use.,468.34,347.60,343,SKU-RG-0000334,149,8.97,true
335,Detail Either 335,Quality either for everyday use.,427.86,237.87,142,SKU-QJ-0000335,484,6.51,true
336,Big Half 336,Quality half for everyday use.,165.16,101.13,389,SKU-LF-0000336,297,7.80,true
337,Benefit Bit 337,Quality bit for everyday use.,275.00,217.42,419,SKU-QE-0000337,28,16.42,true
338,Reason Test 338,Quality test for everyday use.,247.96,117.68,22,SKU-LY-0000338,204,5.21,false
339,Modern Author 339,Quality author for everyday use.,318.30,165.69,54,SKU-UK-0000339,462,14.93,true
340,Design Approach 340,Quality approach for everyday use.,171.04,70.54,333,SKU-ZA-0000340,197,1.57,false
341,Pass Rock 341,Quality rock for everyday use.,126.63,70.50,500,SKU-ZJ-0000341,284,15.34,true
342,Huge Realize 342,Quality realize for everyday use.,456.85,219.32,12,SKU-VY-0000342,306,15.86,true
343,Nearly Agency 343,Quality agency for everyday use.,462.38,310.73,333,SKU-QQ-0000343,352,8.09,true
344,Tv Worry 344,Quality worry for everyday use.,422.59,199.69,69,SKU-TF-0000344,437,14.48,true
345,Without Write 345,Quality write for everyday use.,489.22,327.74,326,SKU-EJ-0000345,74,18.31,true
346,Any Size 346,Quality size for everyday use.,374.02,189.03,312,SKU-MT-0000346,258,16.03,true
347,Author Least 347,Quality least for everyday use.,383.74,208.02,46,SKU-GP-0000347,267,7.87,true
348,Trial Explain 348,Quality explain for everyday use.,382.71,206.49,341,SKU-AA-0000348,76,9.74,true
349,Let Behind 349,Quality behind for everyday use.,243.41,167.15,449,SKU-ZW-0000349,337,15.61,true
350,Policy Production 350,Quality production for everyday use.,231.48,135.79,432,SKU-WH-0000350,59,5.92,true
351,Call Forward 351,Quality forward for everyday use.,124.66,67.88,15,SKU-NS-0000351,228,16.10,true
352,Concern Image 352,Quality image for everyday use.,324.53,240.49,123,SKU-GT-0000352,165,6.63,true
353,Recent Win 353,Quality win for everyday use.,148.91,93.63,121,SKU-SK-0000353,77,16.14,true
354,Especially Series 354,Quality series for everyday use.,133.35,64.75,227,SKU-LH-0000354,411,1.83,true
355,Wish Marriage 355,Quality marriage for everyday use.,295.45,224.55,72,SKU-VZ-0000355,122,0.98,true
356,Beyond Ever 356,Quality ever for everyday use.,208.52,111.99,428,SKU-ZU-0000356,127,19.95,true
357,Suffer Guy 357,Quality guy for everyday use.,114.11,47.42,389,SKU-JU-0000357,428,17.40,true
358,Soldier Rich 358,Quality rich for everyday use.,409.12,244.59,405,SKU-FX-0000358,439,17.67,true
359,Evening Know 359,Quality know for everyday use.,431.11,193.82,100,SKU-GK-0000359,17,19.03,true
360,Care Affect 360,Quality affect for everyday use.,88.83,44.01,8,SKU-CB-0000360,139,8.82,true
361,Involve Author 361,Quality author for everyday use.,9.70,6.78,456,SKU-KP-0000361,355,5.81,true
362,Service Work 362,Quality work for everyday use.,172.04,77.81,145,SKU-AW-0000362,389,2.69,true
363,Require Feel 363,Quality feel for everyday use.,399.96,289.08,329,SKU-CZ-0000363,500,10.07,true
364,Different Year 364,Quality year for everyday use.,420.54,325.82,455,SKU-GK-0000364,277,4.48,true
365,Clearly Role 365,Quality role for everyday use.,74.32,47.76,19,SKU-DV-0000365,3,18.72,true
366,Only Enter 366,Quality enter for everyday use.,388.51,265.80,3,SKU-TB-0000366,437,0.18,true
367,Expert Serious 367,Quality serious for everyday use.,63.15,43.29,3,SKU-CQ-0000367,80,2.95,true
368,All Believe 368,Quality believe for everyday use.,198.68,158.37,79,SKU-WC-0000368,60,5.00,true
369,Charge Let 369,Quality let for everyday use.,499.30,267.93,26,SKU-FP-0000369,337,4.06,true
370,Can Best 370,Quality best for everyday use.,101.13,47.04,410,SKU-CH-0000370,302,4.59,true
371,Wrong Rule 371,Quality rule for everyday use.,82.05,49.86,303,SKU-AM-0000371,30,13.16,true
372,Firm Never 372,Quality never for everyday use.,214.85,131.77,491,SKU-TK-0000372,84,6.62,true
373,Series Society 373,Quality society for everyday use.,312.11,147.06,401,SKU-GL-0000373,295,12.34,true
374,Appear Office 374,Quality office for everyday use.,466.84,301.23,482,SKU-ND-0000374,127,17.82,true
375,Good Old 375,Quality old for everyday use.,490.52,198.98,120,SKU-CE-0000375,342,12.09,true
376,Store Eat 376,Quality eat for everyday use.,40.39,31.14,144,SKU-ZT-0000376,206,13.92,true
377,Once Once 377,Quality once for everyday use.,74.16,37.51,425,SKU-DH-0000377,294,7.37,true
378,Rise Kitchen 378,Quality kitchen for everyday use.,396.61,164.92,123,SKU-KE-0000378,237,3.28,true
379,But Consider 379,Quality consider for everyday use.,139.68,61.92,29,SKU-WY-0000379,182,6.48,true
380,Concern Maintain 380,Quality maintain for everyday use.,443.11,219.83,335,SKU-FA-0000380,171,19.29,true
381,Including Determine 381,Quality determine for everyday use.,333.74,170.06,401,SKU-GP-0000381,349,12.47,true
382,Experience Ball 382,Quality ball for everyday use.,61.24,25.30,485,SKU-VJ-0000382,257,5.62,true
383,Upon Four 383,Quality four for everyday use.,417.26,213.53,464,SKU-GF-0000383,297,9.07,true
384,When Same 384,Quality same for everyday use.,93.11,44.43,61,SKU-AA-0000384,289,16.73,true
385,Religious Light 385,Quality light for everyday use.,215.20,118.67,387,SKU-LQ-0000385,104,13.40,true
386,Without Explain 386,Quality explain for everyday use.,278.77,154.46,424,SKU-AE-0000386,457,11.26,true
387,She Into 387,Quality into for everyday use.,253.37,135.71,350,SKU-XZ-0000387,282,17.71,true
388,As Benefit 388,Quality benefit for everyday use.,344.95,183.23,410,SKU-RN-0000388,359,13.48,true
389,Degree Maintain 389,Quality maintain for everyday use.,328.42,143.16,419,SKU-PJ-0000389,441,12.89,true
390,If Professor 390,Quality professor for everyday use.,496.06,203.43,224,SKU-EK-0000390,463,3.88,true
391,South Nearly 391,Quality nearly for everyday use.,499.70,240.28,21,SKU-SR-0000391,334,2.22,true
392,Traditional Month 392,Quality month for everyday use.,261.12,183.48,229,SKU-SQ-0000392,394,19.31,true
393,Indeed Explain 393,Quality explain for everyday use.,53.02,42.22,101,SKU-BR-0000393,236,12.02,true
394,Imagine Catch 394,Quality catch for everyday use.,365.54,281.98,57,SKU-XR-0000394,369,8.37,true
395,To Me 395,Quality me for everyday use.,488.46,293.90,63,SKU-PF-0000395,161,11.82,true
396,Never Worry 396,Quality worry for everyday use.,163.24,100.02,349,SKU-VL-0000396,356,1.33,false
397,Turn Money 397,Quality money for everyday use.,233.83,122.96,253,SKU-GM-0000397,43,16.46,true
398,Oil Either 398,Quality either for everyday use.,215.83,153.15,270,SKU-CY-0000398,458,4.41,true
399,Perform Site 399,Quality site for everyday use.,31.39,22.16,373,SKU-SH-0000399,122,16.11,true
400,Although Fight 400,Quality fight for everyday use.,338.09,249.41,275,SKU-VB-0000400,328,10.73,true
401,Yet Report 401,Quality report for everyday use.,180.54,136.89,316,SKU-KR-0000401,5,5.60,true
402,Drop Month 402,Quality month for everyday use.,395.00,226.63,44,SKU-AT-0000402,78,0.70,false
403,Point Cup 403,Quality cup for everyday use.,417.06,294.76,426,SKU-VQ-0000403,494,16.34,true
404,Relate Wear 404,Quality wear for everyday use.,411.68,297.46,225,SKU-ET-0000404,417,3.61,false
405,Without Win 405,Quality win for everyday use.,211.82,110.86,78,SKU-JT-0000405,111,1.13,true
406,Big Air 406,Quality air for everyday use.,164.83,127.20,407,SKU-RC-0000406,65,15.14,true
407,Pass Evening 407,Quality evening for everyday use.,375.91,164.55,368,SKU-CA-0000407,408,7.07,true
408,Return Building 408,Quality building for everyday use.,401.88,320.58,27,SKU-BH-0000408,496,7.85,true
409,Know Everyone 409,Quality everyone for everyday use.,248.67,176.07,97,SKU-AY-0000409,84,5.02,true
410,Future Matter 410,Quality matter for everyday use.,447.15,195.54,8,SKU-XE-0000410,332,17.20,true
411,High Protect 411,Quality protect for everyday use.,77.08,51.06,136,SKU-HT-0000411,142,6.02,true
412,Yes Sense 412,Quality sense for everyday use.,440.25,182.12,50,SKU-RP-0000412,372,4.28,true
413,Least Forward 413,Quality forward for everyday use.,53.46,37.85,355,SKU-ZR-0000413,209,6.25,true
414,Affect Sense 414,Quality sense for everyday use.,81.83,58.89,262,SKU-SN-0000414,62,4.14,true
415,Part Team 415,Quality team for everyday use.,269.71,172.87,491,SKU-NG-0000415,162,6.42,true
416,Later Board 416,Quality board for everyday use.,39.34,29.22,375,SKU-NY-0000416,269,1.75,true
417,Sea Ball 417,Quality ball for everyday use.,32.08,14.09,306,SKU-KD-0000417,399,3.25,true
418,Surface Six 418,Quality six for everyday use.,6.25,3.19,255,SKU-QU-0000418,10,8.40,true
419,Question Unit 419,Quality unit for everyday use.,221.53,125.31,28,SKU-ZP-0000419,479,17.60,true
420,Civil Every 420,Quality every for everyday use.,388.65,162.06,36,SKU-UG-0000420,325,1.24,true
421,Away Capital 421,Quality capital for everyday use.,23.20,13.44,309,SKU-LL-0000421,438,4.33,true
422,Remember Natural 422,Quality natural for everyday use.,328.21,166.10,3,SKU-HT-0000422,465,18.18,true
423,Enter Gas 423,Quality gas for everyday use.,412.61,229.86,22,SKU-XH-0000423,76,17.81,true
424,Difficult Assume 424,Quality assume for everyday use.,88.98,50.72,110,SKU-DV-0000424,46,13.62,false
425,Front Fish 425,Quality fish for everyday use.,78.54,59.04,443,SKU-WY-0000425,389,4.89,true
426,Word Imagine 426,Quality imagine for everyday use.,431.23,219.12,230,SKU-GT-0000426,94,8.45,true
427,Option Sell 427,Quality sell for everyday use.,412.61,312.55,355,SKU-TU-0000427,74,4.30,true
428,There Thank 428,Quality thank for everyday use.,272.23,155.28,206,SKU-VY-0000428,234,2.66,true
429,Threat Determine 429,Quality determine for everyday use.,410.67,218.12,87,SKU-MB-0000429,457,7.66,true
430,People Main 430,Quality main for everyday use.,51.81,31.14,186,SKU-EX-0000430,398,11.56,true
431,Address Safe 431,Quality safe for everyday use.,200.86,113.91,46,SKU-WA-0000431,259,7.26,true
432,Simple Theory 432,Quality theory for everyday use.,370.46,186.32,386,SKU-JF-0000432,98,12.26,true
433,Site Trouble 433,Quality trouble for everyday use.,133.17,80.04,92,SKU-HR-0000433,168,6.00,false
434,Message Part 434,Quality part for everyday use.,377.64,173.99,189,SKU-NM-0000434,344,6.98,true
435,Argue Almost 435,Quality almost for everyday use.,255.05,137.92,491,SKU-LR-0000435,78,15.83,true
436,Senior Industry 436,Quality industry for everyday use.,376.62,235.88,296,SKU-SB-0000436,262,17.58,true
437,Series Condition 437,Quality condition for everyday use.,235.54,133.17,230,SKU-DJ-0000437,5,6.51,true
438,Garden Structure 438,Quality structure for everyday use.,187.73,136.96,272,SKU-LZ-0000438,162,11.47,true
439,Car Body 439,Quality body for everyday use.,114.27,57.44,393,SKU-XR-0000439,124,5.64,false
440,Rock Must 440,Quality must for everyday use.,108.93,85.83,128,SKU-AC-0000440,341,1.16,true
441,If Change 441,Quality change for everyday use.,377.23,269.30,319,SKU-LQ-0000441,457,14.78,true
442,Same Nothing 442,Quality nothing for everyday use.,64.73,50.94,437,SKU-RD-0000442,73,3.50,false
443,Discuss Personal 443,Quality personal for everyday use.,48.47,35.64,287,SKU-XM-0000443,399,8.57,true
444,Candidate Artist 444,Quality artist for everyday use.,93.08,42.52,224,SKU-QA-0000444,328,9.79,true
445,Edge Yet 445,Quality yet for everyday use.,92.61,56.55,73,SKU-VP-0000445,485,3.77,true
446,Stuff Sound 446,Quality sound for everyday use.,412.61,193.10,125,SKU-FH-0000446,456,1.98,true
447,Point Street 447,Quality street for everyday use.,202.85,147.53,474,SKU-JA-0000447,50,7.03,true
448,Network Way 448,Quality way for everyday use.,495.24,313.82,271,SKU-YV-0000448,372,19.05,true
449,Country Best 449,Quality best for everyday use.,73.77,37.28,151,SKU-XJ-0000449,296,12.34,true
450,Watch Suffer 450,Quality suffer for everyday use.,328.84,253.81,210,SKU-PL-0000450,56,7.69,true
451,Thought Support 451,Quality support for everyday use.,227.66,101.55,290,SKU-MQ-0000451,128,0.87,true
452,Law Party 452,Quality party for everyday use.,200.09,125.17,269,SKU-LU-0000452,464,12.05,true
453,Style Girl 453,Quality girl for everyday use.,438.28,301.72,350,SKU-BE-0000453,272,1.94,true
454,Federal Evidence 454,Quality evidence for everyday use.,487.93,206.66,129,SKU-XX-0000454,169,10.90,true
455,Spring Explain 455,Quality explain for everyday use.,437.18,279.42,325,SKU-VJ-0000455,160,15.06,true
456,Group Keep 456,Quality keep for everyday use.,100.99,73.36,222,SKU-LA-0000456,419,8.53,true
457,Smile Author 457,Quality author for everyday use.,115.06,49.13,471,SKU-GT-0000457,142,6.06,true
458,Control Once 458,Quality once for everyday use.,330.09,199.67,79,SKU-JM-0000458,79,1.04,true
459,Play Activity 459,Quality activity for everyday use.,148.80,74.91,75,SKU-CM-0000459,287,0.59,true
460,All Upon 460,Quality upon for everyday use.,368.94,245.41,231,SKU-TP-0000460,497,8.66,true
461,Professor Up 461,Quality up for everyday use.,285.80,127.89,255,SKU-PX-0000461,91,17.68,true
462,Quality Three 462,Quality three for everyday use.,278.14,215.51,346,SKU-FH-0000462,127,4.96,true
463,Remain Education 463,Quality education for everyday use.,415.29,314.74,203,SKU-QM-0000463,235,11.52,true
464,Series Only 464,Quality only for everyday use.,356.99,169.35,457,SKU-ZB-0000464,100,13.72,true
465,Player Oil 465,Quality oil for everyday use.,19.12,10.12,238,SKU-CJ-0000465,326,1.31,true
466,Choose Natural 466,Quality natural for everyday use.,30.42,19.32,65,SKU-MX-0000466,127,3.15,true
467,Key Whom 467,Quality whom for everyday use.,303.16,208.34,60,SKU-ML-0000467,64,6.69,false
468,My Yes 468,Quality yes for everyday use.,246.17,142.06,487,SKU-EL-0000468,130,13.43,true
469,Month Necessary 469,Quality necessary for everyday use.,134.52,62.22,68,SKU-NQ-0000469,466,8.84,true
470,Pay Argue 470,Quality argue for everyday use.,212.81,93.99,474,SKU-QL-0000470,468,14.71,true
471,Over After 471,Quality after for everyday use.,380.40,304.28,140,SKU-DD-0000471,253,17.37,true
472,Sister Meet 472,Quality meet for everyday use.,414.34,241.20,47,SKU-DQ-0000472,200,15.19,true
473,Mean Operation 473,Quality operation for everyday use.,283.23,212.14,153,SKU-WX-0000473,410,19.85,true
474,Many Appear 474,Quality appear for everyday use.,196.36,116.43,308,SKU-HB-0000474,97,15.11,true
475,Rule Reason 475,Quality reason for everyday use.,139.71,107.43,214,SKU-RA-0000475,327,17.06,true
476,Professor Also 476,Quality also for everyday use.,263.82,114.79,393,SKU-RK-0000476,340,16.66,true
477,Two Discuss 477,Quality discuss for everyday use.,161.48,71.96,306,SKU-WR-0000477,355,14.63,true
478,Management Radio 478,Quality radio for everyday use.,284.65,219.71,201,SKU-TK-0000478,109,16.06,true
479,Sign Interview 479,Quality interview for everyday use.,340.26,265.06,318,SKU-WN-0000479,358,18.70,true
480,She Investment 480,Quality investment for everyday use.,38.63,20.32,486,SKU-RJ-0000480,306,9.56,true
481,Reach Teach 481,Quality teach for everyday use.,6.52,3.53,206,SKU-LW-0000481,438,12.80,true
482,Month Improve 482,Quality improve for everyday use.,110.85,64.40,77,SKU-KA-0000482,87,10.35,true
483,People Office 483,Quality office for everyday use.,447.88,253.71,205,SKU-KK-0000483,307,17.04,true
484,Rich Night 484,Quality night for everyday use.,325.26,154.83,421,SKU-LB-0000484,415,8.68,true
485,Right Age 485,Quality age for everyday use.,90.94,69.06,109,SKU-DH-0000485,139,16.41,false
486,Husband Civil 486,Quality civil for everyday use.,445.78,223.48,475,SKU-LA-0000486,372,16.01,true
487,School Oil 487,Quality oil for everyday use.,238.15,162.44,295,SKU-KH-0000487,49,19.24,true
488,Control Boy 488,Quality boy for everyday use.,241.18,102.95,301,SKU-AG-0000488,359,5.05,true
489,Usually Reach 489,Quality reach for everyday use.,468.15,194.52,159,SKU-GD-0000489,303,14.22,true
490,Tell Surface 490,Quality surface for everyday use.,35.38,23.40,461,SKU-UB-0000490,96,15.16,true
491,Guy Ball 491,Quality ball for everyday use.,112.29,60.14,19,SKU-PR-0000491,33,18.73,true
492,Light Appear 492,Quality appear for everyday use.,295.36,195.58,150,SKU-VP-0000492,373,18.15,true
493,Pay Usually 493,Quality usually for everyday use.,102.56,44.88,210,SKU-PU-0000493,120,11.51,true
494,Without Treatment 494,Quality treatment for everyday use.,341.68,266.49,239,SKU-WF-0000494,249,11.63,true
495,Customer Mission 495,Quality mission for everyday use.,111.75,78.16,238,SKU-VM-0000495,30,3.43,true
496,Old Human 496,Quality human for everyday use.,54.97,41.26,74,SKU-CQ-0000496,482,19.50,true
497,Federal Else 497,Quality else for everyday use.,108.24,49.20,113,SKU-ZD-0000497,274,5.17,true
498,Production Professor 498,Quality professor for everyday use.,214.82,113.44,48,SKU-AX-0000498,466,14.52,false
499,Write Good 499,Quality good for everyday use.,93.00,50.90,287,SKU-QF-0000499,80,15.94,true
500,Dream Consumer 500,Quality consumer for everyday use.,72.53,44.60,176,SKU-VK-0000500,103,8.88,true
501,Mouth At 501,Quality at for everyday use.,430.97,223.56,283,SKU-HG-0000501,305,4.30,true
502,Office Rise 502,Quality rise for everyday use.,164.27,69.69,295,SKU-QD-0000502,302,3.86,true
503,Can Step 503,Quality step for everyday use.,184.20,100.86,352,SKU-JH-0000503,396,17.14,true
504,Policy Forget 504,Quality forget for everyday use.,33.29,16.71,274,SKU-BU-0000504,464,10.26,true
505,Civil Any 505,Quality any for everyday use.,182.53,101.19,324,SKU-AZ-0000505,411,1.89,false
506,Light Over 506,Quality over for everyday use.,136.80,65.50,294,SKU-CJ-0000506,70,14.37,false
507,Citizen Remain 507,Quality remain for everyday use.,307.57,155.25,327,SKU-CJ-0000507,155,5.08,true
508,Somebody Compare 508,Quality compare for everyday use.,107.45,69.93,309,SKU-QC-0000508,457,17.54,true
509,Say Hour 509,Quality hour for everyday use.,444.84,247.00,159,SKU-NU-0000509,275,6.26,true
510,Race Scientist 510,Quality scientist for everyday use.,465.25,250.38,124,SKU-LC-0000510,434,4.09,true
511,Nothing Value 511,Quality value for everyday use.,55.31,33.94,394,SKU-SE-0000511,282,1.79,true
512,Detail Indeed 512,Quality indeed for everyday use.,59.05,41.85,172,SKU-AL-0000512,24,10.28,true
513,Child Relate 513,Quality relate for everyday use.,62.96,34.73,275,SKU-GA-0000513,236,9.07,true
514,Rule Miss 514,Quality miss for everyday use.,312.06,198.16,99,SKU-UQ-0000514,413,15.05,true
515,Fish Test 515,Quality test for everyday use.,66.24,52.10,216,SKU-XM-0000515,328,9.35,true
516,Meeting Difficult 516,Quality difficult for everyday use.,427.07,260.00,265,SKU-LW-0000516,66,6.94,true
517,Together Push 517,Quality push for everyday use.,378.60,289.22,314,SKU-BJ-0000517,105,5.31,true
518,Area If 518,Quality if for everyday use.,410.98,294.87,264,SKU-VH-0000518,428,5.64,true
519,View To 519,Quality to for everyday use.,265.86,112.59,181,SKU-XG-0000519,490,18.56,false
520,Explain Upon 520,Quality upon for everyday use.,498.35,284.88,481,SKU-KX-0000520,377,3.39,true
521,Piece Pass 521,Quality pass for everyday use.,27.81,18.89,257,SKU-FZ-0000521,49,19.76,true
522,Research American 522,Quality american for everyday use.,204.21,162.28,405,SKU-BG-0000522,310,6.61,true
523,Special Fish 523,Quality fish for everyday use.,166.01,96.84,369,SKU-QQ-0000523,415,1.86,true
524,Either Mean 524,Quality mean for everyday use.,474.62,207.46,280,SKU-XZ-0000524,320,5.05,true
525,Imagine Sit 525,Quality sit for everyday use.,290.96,181.79,444,SKU-SR-0000525,297,1.26,true
526,Tough Avoid 526,Quality avoid for everyday use.,404.25,182.17,65,SKU-HV-0000526,234,15.82,true
527,Avoid Music 527,Quality music for everyday use.,90.14,63.15,461,SKU-RA-0000527,122,10.30,true
528,Compare According 528,Quality according for everyday use.,489.44,295.17,426,SKU-VJ-0000528,140,6.81,true
529,Production Range 529,Quality range for everyday use.,252.32,173.94,252,SKU-MM-0000529,373,13.27,true
530,Event Easy 530,Quality easy for everyday use.,249.86,186.83,367,SKU-VG-0000530,34,12.65,true
531,Cup Least 531,Quality least for everyday use.,485.61,316.41,261,SKU-KA-0000531,42,18.80,true
532,Least Forget 532,Quality forget for everyday use.,194.07,125.17,135,SKU-JC-0000532,198,19.23,true
533,Also Support 533,Quality support for everyday use.,202.37,142.03,400,SKU-PX-0000533,387,13.65,false
534,Tell Customer 534,Quality customer for everyday use.,294.86,217.31,123,SKU-MX-0000534,329,16.37,true
535,Service Site 535,Quality site for everyday use.,69.25,51.77,158,SKU-ZB-0000535,295,15.87,false
536,Wife Indicate 536,Quality indicate for everyday use.,164.61,68.24,260,SKU-NN-0000536,267,9.88,false
537,Fast Explain 537,Quality explain for everyday use.,101.43,63.14,419,SKU-KV-0000537,55,14.12,true
538,Technology Small 538,Quality small for everyday use.,57.01,27.74,192,SKU-KB-0000538,166,1.66,false
539,Expert Property 539,Quality property for everyday use.,433.87,322.86,248,SKU-PE-0000539,39,15.18,true
540,Way Real 540,Quality real for everyday use.,297.12,195.91,21,SKU-JN-0000540,379,19.24,true
541,Mr Employee 541,Quality employee for everyday use.,183.17,104.06,58,SKU-TG-0000541,376,1.79,true
542,Majority Account 542,Quality account for everyday use.,207.87,98.79,28,SKU-KB-0000542,129,16.74,true
543,New Although 543,Quality although for everyday use.,219.16,117.38,37,SKU-KP-0000543,146,18.67,true
544,Teach Simple 544,Quality simple for everyday use.,318.77,217.25,435,SKU-QH-0000544,159,4.60,true
545,Question Task 545,Quality task for everyday use.,463.81,223.44,421,SKU-BP-0000545,445,10.54,true
546,Single Hard 546,Quality hard for everyday use.,466.78,204.19,411,SKU-RC-0000546,244,18.56,true
547,Recent Left 547,Quality left for everyday use.,199.39,150.58,28,SKU-NC-0000547,381,19.21,true
548,South Imagine 548,Quality imagine for everyday use.,168.65,119.01,39,SKU-LR-0000548,224,2.64,true
549,Matter Production 549,Quality production for everyday use.,228.81,109.81,141,SKU-TT-0000549,349,7.05,true
550,Once Oil 550,Quality oil for everyday use.,286.55,148.12,283,SKU-UF-0000550,264,13.99,true
551,Edge Current 551,Quality current for everyday use.,234.13,184.69,168,SKU-WJ-0000551,139,4.51,true
552,Turn Investment 552,Quality investment for everyday use.,331.41,226.44,244,SKU-JU-0000552,439,6.56,false
553,Indicate We 553,Quality we for everyday use.,279.86,180.29,87,SKU-HB-0000553,355,0.56,true
554,Activity Less 554,Quality less for everyday use.,164.42,86.00,366,SKU-TR-0000554,385,3.16,true
555,Message Range 555,Quality range for everyday use.,176.78,91.86,157,SKU-PD-0000555,475,11.29,true
556,Forget Away 556,Quality away for everyday use.,193.01,80.26,34,SKU-RE-0000556,124,13.10,true
557,But Major 557,Quality major for everyday use.,52.74,36.46,372,SKU-PN-0000557,45,13.01,true
558,Religious Successful 558,Quality successful for everyday use.,88.02,36.73,452,SKU-UZ-0000558,291,15.59,true
559,Join Yes 559,Quality yes for everyday use.,363.21,145.99,8,SKU-EC-0000559,163,8.36,true
560,Read Task 560,Quality task for everyday use.,198.20,137.11,219,SKU-PY-0000560,218,5.54,true
561,Treatment Have 561,Quality have for everyday use.,111.97,87.29,414,SKU-DM-0000561,117,0.41,true
562,Reality Group 562,Quality group for everyday use.,283.95,199.50,354,SKU-KH-0000562,199,4.21,true
563,Ball Scientist 563,Quality scientist for everyday use.,379.23,223.24,429,SKU-RH-0000563,197,6.32,false
564,Parent Perform 564,Quality perform for everyday use.,133.16,79.15,208,SKU-MW-0000564,175,3.65,true
565,Maintain Her 565,Quality her for everyday use.,414.42,238.07,187,SKU-KA-0000565,371,0.50,true
566,Personal Friend 566,Quality friend for everyday use.,464.18,245.95,355,SKU-XG-0000566,296,3.23,true
567,Painting Firm 567,Quality firm for everyday use.,301.10,183.28,77,SKU-UU-0000567,237,13.36,true
568,Art Kitchen 568,Quality kitchen for everyday use.,336.45,192.60,120,SKU-NC-0000568,56,12.63,true
569,Page What 569,Quality what for everyday use.,31.96,20.43,301,SKU-YS-0000569,285,18.72,true
570,Business Mean 570,Quality mean for everyday use.,473.08,359.19,335,SKU-LW-0000570,87,15.98,true
571,One Somebody 571,Quality somebody for everyday use.,199.88,159.50,60,SKU-UU-0000571,157,11.40,true
572,Yourself Move 572,Quality move for everyday use.,462.40,199.52,255,SKU-ER-0000572,207,2.84,true
573,Rule Technology 573,Quality technology for everyday use.,292.00,161.73,183,SKU-GB-0000573,70,11.33,true
574,Trouble Ahead 574,Quality ahead for everyday use.,8.27,3.91,251,SKU-JC-0000574,195,1.33,true
575,Together For 575,Quality for for everyday use.,25.03,13.54,480,SKU-CT-0000575,133,8.67,true
576,Keep Offer 576,Quality offer for everyday use.,342.12,176.19,39,SKU-NK-0000576,425,7.87,false
577,Suggest Their 577,Quality their for everyday use.,283.95,133.40,498,SKU-EU-0000577,430,8.61,true
578,Develop Personal 578,Quality personal for everyday use.,19.10,13.48,225,SKU-RQ-0000578,2,5.67,true
579,Could Appear 579,Quality appear for everyday use.,373.26,223.40,387,SKU-EC-0000579,301,13.75,true
580,Guy Represent 580,Quality represent for everyday use.,426.95,327.77,213,SKU-CA-0000580,320,16.83,true
581,Them Field 581,Quality field for everyday use.,251.22,103.76,156,SKU-ZJ-0000581,189,15.39,true
582,Eat How 582,Quality how for everyday use.,236.07,100.75,386,SKU-RZ-0000582,235,12.59,true
583,Employee Unit 583,Quality unit for everyday use.,8.69,4.88,344,SKU-YH-0000583,395,10.81,true
584,Yes Herself 584,Quality herself for everyday use.,394.59,170.51,73,SKU-MM-0000584,189,0.72,true
585,War Fish 585,Quality fish for everyday use.,169.36,85.54,353,SKU-AU-0000585,32,14.49,true
586,Watch Word 586,Quality word for everyday use.,440.10,349.62,377,SKU-PJ-0000586,186,10.95,true
587,Play Fall 587,Quality fall for everyday use.,190.28,92.02,194,SKU-PT-0000587,127,5.49,true
588,Policy Also 588,Quality also for everyday use.,285.14,136.65,463,SKU-AR-0000588,191,6.62,true
589,Reduce Catch 589,Quality catch for everyday use.,139.54,87.83,321,SKU-WT-0000589,115,18.72,true
590,Scientist Rule 590,Quality rule for everyday use.,85.32,51.12,167,SKU-QC-0000590,75,12.52,true
591,Box Interesting 591,Quality interesting for everyday use.,388.79,245.78,6,SKU-TU-0000591,493,9.57,true
592,Relate If 592,Quality if for everyday use.,251.31,138.39,338,SKU-MP-0000592,64,12.46,true
593,Staff Someone 593,Quality someone for everyday use.,271.02,198.04,105,SKU-QC-0000593,353,8.33,true
594,Teacher Bad 594,Quality bad for everyday use.,482.91,219.93,379,SKU-GV-0000594,359,9.46,true
595,Three Pay 595,Quality pay for everyday use.,482.00,275.39,263,SKU-ZG-0000595,309,5.88,true
596,Soldier Field 596,Quality field for everyday use.,428.68,289.75,234,SKU-KX-0000596,456,8.85,true
597,Upon Experience 597,Quality experience for everyday use.,98.67,73.74,82,SKU-DG-0000597,2,13.74,false
598,Require Country 598,Quality country for everyday use.,299.56,164.11,356,SKU-BF-0000598,151,0.89,false
599,Charge Shake 599,Quality shake for everyday use.,439.79,275.79,83,SKU-RJ-0000599,92,15.92,true
600,Yes Major 600,Quality major for everyday use.,190.98,81.67,209,SKU-ZX-0000600,289,5.73,true
601,Return Position 601,Quality position for everyday use.,55.94,26.19,419,SKU-XT-0000601,318,13.68,true
602,Than Human 602,Quality human for everyday use.,406.61,173.89,461,SKU-SN-0000602,449,12.89,true
603,Agency Teacher 603,Quality teacher for everyday use.,243.98,168.63,495,SKU-ZC-0000603,190,13.09,true
604,Civil Marriage 604,Quality marriage for everyday use.,284.80,146.74,480,SKU-TD-0000604,118,12.20,true
605,Spring Enter 605,Quality enter for everyday use.,491.17,338.66,278,SKU-JG-0000605,463,19.19,true
606,Personal Occur 606,Quality occur for everyday use.,305.95,130.51,101,SKU-QU-0000606,337,10.22,true
607,Walk Paper 607,Quality paper for everyday use.,215.93,160.87,420,SKU-BQ-0000607,383,14.67,true
608,Data Believe 608,Quality believe for everyday use.,188.76,138.59,401,SKU-FB-0000608,222,14.14,true
609,Easy Case 609,Quality case for everyday use.,212.29,92.47,496,SKU-LP-0000609,224,4.80,true
610,Stuff Property 610,Quality property for everyday use.,64.48,26.40,326,SKU-EK-0000610,194,5.74,true
611,Green Hold 611,Quality hold for everyday use.,398.60,168.41,71,SKU-YJ-0000611,375,8.54,true
612,Send Compare 612,Quality compare for everyday use.,419.82,311.28,252,SKU-ZW-0000612,105,5.63,true
613,Improve Only 613,Quality only for everyday use.,146.48,72.34,225,SKU-JP-0000613,488,7.40,true
614,Together Oil 614,Quality oil for everyday use.,156.07,96.66,422,SKU-TM-0000614,88,7.88,true
615,Experience Nothing 615,Quality nothing for everyday use.,437.91,249.83,197,SKU-KH-0000615,230,12.12,false
616,Affect Environmental 616,Quality environmental for everyday use.,17.83,12.81,165,SKU-DA-0000616,157,4.48,true
617,Happen Professor 617,Quality professor for everyday use.,263.10,156.69,41,SKU-JV-0000617,321,16.11,true
618,Could Reduce 618,Quality reduce for everyday use.,235.05,141.09,418,SKU-FE-0000618,341,8.81,true
619,Pay Traditional 619,Quality traditional for everyday use.,346.91,276.01,378,SKU-HQ-0000619,460,14.15,false
620,Night Later 620,Quality later for everyday use.,86.71,39.89,21,SKU-FF-0000620,395,1.72,true
621,Majority Design 621,Quality design for everyday use.,336.15,246.16,217,SKU-CH-0000621,124,9.45,true
622,Relationship Or 622,Quality or for everyday use.,192.10,80.82,240,SKU-FV-0000622,103,0.66,true
623,Seek Number 623,Quality number for everyday use.,311.64,184.20,235,SKU-XJ-0000623,444,13.55,true
624,None Stand 624,Quality stand for everyday use.,25.80,19.47,460,SKU-CC-0000624,244,6.94,true
625,Remember Certainly 625,Quality certainly for everyday use.,234.08,155.92,76,SKU-HM-0000625,48,18.99,true
626,Agreement Together 626,Quality together for everyday use.,263.98,177.95,154,SKU-NH-0000626,413,6.55,true
627,School Research 627,Quality research for everyday use.,111.87,56.53,91,SKU-JG-0000627,324,11.32,true
628,Within Kid 628,Quality kid for everyday use.,74.96,42.53,123,SKU-NS-0000628,12,5.22,true
629,Message Product 629,Quality product for everyday use.,99.10,54.17,454,SKU-BM-0000629,392,12.44,true
630,Up President 630,Quality president for everyday use.,176.00,107.11,471,SKU-RS-0000630,304,9.39,true
631,Window Idea 631,Quality idea for everyday use.,53.81,31.47,23,SKU-PN-0000631,307,7.48,true
632,Experience Response 632,Quality response for everyday use.,473.97,251.56,317,SKU-SK-0000632,433,4.15,true
633,Keep Manager 633,Quality manager for everyday use.,206.06,107.60,117,SKU-PH-0000633,248,2.32,true
634,Our Difficult 634,Quality difficult for everyday use.,405.62,202.95,97,SKU-LC-0000634,231,2.49,true
635,Let Night 635,Quality night for everyday use.,487.35,266.10,147,SKU-JD-0000635,309,19.98,true
636,Pattern Project 636,Quality project for everyday use.,45.87,21.10,98,SKU-FL-0000636,99,8.30,true
637,Sport Treatment 637,Quality treatment for everyday use.,327.91,245.55,246,SKU-NY-0000637,75,0.14,true
638,Discuss Fact 638,Quality fact for everyday use.,436.47,279.71,498,SKU-AX-0000638,422,19.06,true
639,Pay Check 639,Quality check for everyday use.,319.30,144.81,294,SKU-HT-0000639,108,0.50,true
640,Leave Step 640,Quality step for everyday use.,217.93,147.66,362,SKU-SZ-0000640,252,8.43,true
641,Tough Article 641,Quality article for everyday use.,218.94,161.81,247,SKU-CZ-0000641,135,14.38,true
642,Word Occur 642,Quality occur for everyday use.,23.72,11.74,7,SKU-BX-0000642,115,18.30,true
643,Establish Either 643,Quality either for everyday use.,270.08,124.30,43,SKU-RM-0000643,299,14.29,true
644,Word Keep 644,Quality keep for everyday use.,496.80,200.43,135,SKU-KC-0000644,401,9.33,true
645,Floor Human 645,Quality human for everyday use.,479.59,200.90,122,SKU-VT-0000645,221,19.49,true
646,Dream One 646,Quality one for everyday use.,25.95,18.29,421,SKU-YT-0000646,69,0.88,true
647,New Sometimes 647,Quality sometimes for everyday use.,354.65,281.90,422,SKU-YX-0000647,122,19.74,true
648,Same Meeting 648,Quality meeting for everyday use.,155.06,64.81,428,SKU-LS-0000648,82,17.00,true
649,Threat Win 649,Quality win for everyday use.,452.07,316.10,319,SKU-GV-0000649,442,18.59,true
650,Meeting To 650,Quality to for everyday use.,28.28,12.12,279,SKU-QL-0000650,160,5.17,true
651,Wrong Sport 651,Quality sport for everyday use.,468.31,298.24,325,SKU-RG-0000651,187,2.93,true
652,Reason Could 652,Quality could for everyday use.,419.70,294.81,204,SKU-QM-0000652,35,13.30,true
653,Light Our 653,Quality our for everyday use.,64.04,34.82,336,SKU-HZ-0000653,223,10.37,true
654,Customer Change 654,Quality change for everyday use.,35.54,14.37,398,SKU-BU-0000654,457,10.51,true
655,Window Send 655,Quality send for everyday use.,418.34,266.93,382,SKU-FF-0000655,205,18.50,true
656,Look Past 656,Quality past for everyday use.,82.93,66.05,307,SKU-DC-0000656,326,12.44,true
657,Range Modern 657,Quality modern for everyday use.,270.23,135.94,30,SKU-CV-0000657,91,6.29,true
658,What View 658,Quality view for everyday use.,458.37,218.09,363,SKU-YQ-0000658,71,8.06,true
659,Smile Film 659,Quality film for everyday use.,286.31,128.72,184,SKU-AW-0000659,366,2.76,true
660,Personal Condition 660,Quality condition for everyday use.,202.22,125.80,372,SKU-QN-0000660,32,3.93,true
661,Keep Half 661,Quality half for everyday use.,225.83,144.21,270,SKU-YK-0000661,224,2.95,true
662,Player Leave 662,Quality leave for everyday use.,37.17,26.65,441,SKU-JU-0000662,158,16.22,true
663,Ago With 663,Quality with for everyday use.,484.55,339.78,170,SKU-NT-0000663,8,14.13,true
664,With Condition 664,Quality condition for everyday use.,159.45,120.71,466,SKU-SW-0000664,266,10.65,true
665,Senior But 665,Quality but for everyday use.,99.54,71.90,423,SKU-HB-0000665,482,7.55,true
666,Discuss Benefit 666,Quality benefit for everyday use.,147.30,73.49,166,SKU-MR-0000666,34,13.40,true
667,Look Management 667,Quality management for everyday use.,482.39,300.22,242,SKU-VG-0000667,408,16.28,true
668,Reduce Idea 668,Quality idea for everyday use.,52.57,27.28,266,SKU-TV-0000668,270,17.64,true
669,Entire Let 669,Quality let for everyday use.,434.44,231.08,385,SKU-VV-0000669,362,10.99,true
670,Keep Paper 670,Quality paper for everyday use.,355.66,274.85,345,SKU-ZR-0000670,48,16.42,true
671,Skin Them 671,Quality them for everyday use.,416.02,279.88,427,SKU-JL-0000671,435,10.27,true
672,Answer Almost 672,Quality almost for everyday use.,488.08,385.50,185,SKU-TF-0000672,5,9.54,true
673,Mean Main 673,Quality main for everyday use.,422.01,239.18,253,SKU-QP-0000673,454,17.32,true
674,Politics Term 674,Quality term for everyday use.,472.02,290.28,216,SKU-RL-0000674,329,7.79,true
675,Service War 675,Quality war for everyday use.,68.70,40.87,455,SKU-TB-0000675,169,7.98,true
676,Event You 676,Quality you for everyday use.,399.11,176.77,153,SKU-TV-0000676,3,6.17,true
677,Recognize Upon 677,Quality upon for everyday use.,275.55,136.31,294,SKU-XY-0000677,306,10.42,true
678,Movement Relationship 678,Quality relationship for everyday use.,274.48,167.72,61,SKU-JB-0000678,43,10.94,true
679,Network Professor 679,Quality professor for everyday use.,450.06,192.15,426,SKU-RC-0000679,305,13.24,true
680,Sign Politics 680,Quality politics for everyday use.,486.06,375.52,193,SKU-GS-0000680,387,8.67,true
681,Staff State 681,Quality state for everyday use.,354.18,159.22,171,SKU-QQ-0000681,133,4.43,true
682,Recent Professor 682,Quality professor for everyday use.,244.56,117.19,292,SKU-UD-0000682,119,17.35,true
683,Professor Car 683,Quality car for everyday use.,231.45,163.43,250,SKU-UQ-0000683,111,6.99,true
684,Hope Field 684,Quality field for everyday use.,196.84,86.37,424,SKU-LM-0000684,112,18.47,true
685,Require Still 685,Quality still for everyday use.,184.62,140.33,266,SKU-NP-0000685,57,4.23,true
686,Win Tax 686,Quality tax for everyday use.,199.39,137.64,259,SKU-JF-0000686,125,11.25,true
687,Sell Environmental 687,Quality environmental for everyday use.,50.33,21.51,53,SKU-EJ-0000687,330,10.78,true
688,He Sister 688,Quality sister for everyday use.,44.24,29.94,11,SKU-GN-0000688,151,16.59,true
689,Or Conference 689,Quality conference for everyday use.,391.25,255.35,200,SKU-XC-0000689,391,2.86,true
690,Know Whole 690,Quality whole for everyday use.,226.35,159.11,500,SKU-HB-0000690,410,18.21,true
691,Or Real 691,Quality real for everyday use.,465.75,340.59,459,SKU-ZS-0000691,381,10.68,true
692,Operation Any 692,Quality any for everyday use.,308.43,212.00,315,SKU-FK-0000692,270,11.76,true
693,Good Check 693,Quality check for everyday use.,23.37,14.83,316,SKU-TY-0000693,158,10.25,true
694,Month Rule 694,Quality rule for everyday use.,83.81,44.33,196,SKU-PG-0000694,465,0.82,true
695,Personal Study 695,Quality study for everyday use.,107.66,73.09,89,SKU-SS-0000695,102,9.99,true
696,Special Tv 696,Quality tv for everyday use.,488.00,382.00,5,SKU-RB-0000696,232,5.34,true
697,Watch Easy 697,Quality easy for everyday use.,114.03,72.41,170,SKU-SA-0000697,227,6.92,true
698,Front Network 698,Quality network for everyday use.,260.77,173.60,159,SKU-XX-0000698,373,13.02,true
699,Clearly Once 699,Quality once for everyday use.,468.46,269.29,96,SKU-PR-0000699,273,10.00,true
700,Those Account 700,Quality account for everyday use.,488.72,343.30,130,SKU-BW-0000700,400,1.96,true
701,Easy Eat 701,Quality eat for everyday use.,122.75,98.09,13,SKU-GG-0000701,460,1.55,true
702,Which Different 702,Quality different for everyday use.,30.25,14.04,304,SKU-SY-0000702,195,3.79,false
703,Degree Imagine 703,Quality imagine for everyday use.,81.87,39.38,464,SKU-MN-0000703,438,3.90,true
704,Tough Clearly 704,Quality clearly for everyday use.,37.27,22.95,346,SKU-PG-0000704,85,12.21,true
705,Your Their 705,Quality their for everyday use.,102.38,60.67,225,SKU-QZ-0000705,458,3.64,true
706,Also But 706,Quality but for everyday use.,286.86,180.33,211,SKU-KU-0000706,89,17.65,true
707,Tree Customer 707,Quality customer for everyday use.,456.74,191.66,154,SKU-UW-0000707,425,4.27,true
708,Front Firm 708,Quality firm for everyday use.,271.38,152.44,72,SKU-TY-0000708,195,1.91,true
709,Role Upon 709,Quality upon for everyday use.,315.23,199.60,300,SKU-TZ-0000709,483,17.53,true
710,Pay Message 710,Quality message for everyday use.,105.71,67.03,284,SKU-TW-0000710,64,5.98,true
711,Music None 711,Quality none for everyday use.,401.48,266.15,4,SKU-XZ-0000711,233,8.57,true
712,Affect By 712,Quality by for everyday use.,311.18,214.12,208,SKU-QT-0000712,451,19.18,true
713,Reality Our 713,Quality our for everyday use.,432.87,284.23,140,SKU-ZK-0000713,23,18.89,true
714,Side Church 714,Quality church for everyday use.,474.72,339.95,86,SKU-CX-0000714,132,14.33,true
715,Rule Watch 715,Quality watch for everyday use.,177.85,115.59,352,SKU-RL-0000715,41,1.47,true
716,Account Together 716,Quality together for everyday use.,50.74,31.21,263,SKU-TA-0000716,160,11.91,true
717,Scientist Question 717,Quality question for everyday use.,117.60,75.56,317,SKU-MG-0000717,195,19.78,true
718,Do Hour 718,Quality hour for everyday use.,222.28,97.91,357,SKU-GZ-0000718,310,18.94,true
719,Front Year 719,Quality year for everyday use.,473.16,240.96,491,SKU-PD-0000719,129,2.21,true
720,Look Play 720,Quality play for everyday use.,192.88,117.84,402,SKU-JF-0000720,79,7.98,true
721,Bill True 721,Quality true for everyday use.,386.75,289.75,311,SKU-XG-0000721,85,6.38,true
722,Service Whom 722,Quality whom for everyday use.,272.99,183.35,440,SKU-JJ-0000722,470,2.68,true
723,Six Explain 723,Quality explain for everyday use.,96.30,42.00,239,SKU-EU-0000723,477,13.93,true
724,Which Serious 724,Quality serious for everyday use.,164.43,104.73,493,SKU-PL-0000724,110,5.55,true
725,Nearly Large 725,Quality large for everyday use.,328.67,160.62,381,SKU-KS-0000725,97,6.96,true
726,Road Measure 726,Quality measure for everyday use.,338.38,234.70,326,SKU-CY-0000726,27,1.90,false
727,Huge Heavy 727,Quality heavy for everyday use.,220.76,161.37,452,SKU-PF-0000727,480,10.01,true
728,Art Stop 728,Quality stop for everyday use.,118.94,75.81,258,SKU-NW-0000728,353,3.25,true
729,Executive Radio 729,Quality radio for everyday use.,362.61,230.82,361,SKU-EN-0000729,381,8.70,false
730,Road Move 730,Quality move for everyday use.,89.41,47.87,143,SKU-QV-0000730,145,2.95,true
731,Card Painting 731,Quality painting for everyday use.,468.70,271.14,482,SKU-PT-0000731,321,19.08,true
732,Painting Guy 732,Quality guy for everyday use.,98.81,73.68,312,SKU-UX-0000732,29,2.99,false
733,Mission Difficult 733,Quality difficult for everyday use.,59.00,40.67,392,SKU-JS-0000733,338,10.49,true
734,Imagine Fact 734,Quality fact for everyday use.,251.83,153.09,231,SKU-FW-0000734,290,4.02,true
735,Team Sell 735,Quality sell for everyday use.,262.65,143.75,434,SKU-YH-0000735,166,1.62,true
736,Yes Major 736,Quality major for everyday use.,257.04,108.00,38,SKU-PV-0000736,355,4.13,true
737,Benefit Point 737,Quality point for everyday use.,221.70,101.36,58,SKU-AS-0000737,323,1.19,true
738,Green Those 738,Quality those for everyday use.,497.43,237.38,254,SKU-VW-0000738,219,2.87,true
739,Painting If 739,Quality if for everyday use.,246.21,135.26,367,SKU-EU-0000739,93,9.92,true
740,Watch Difficult 740,Quality difficult for everyday use.,242.10,188.27,405,SKU-UA-0000740,11,13.07,true
741,Affect Soldier 741,Quality soldier for everyday use.,214.34,129.05,221,SKU-SR-0000741,469,1.84,true
742,Choose Customer 742,Quality customer for everyday use.,39.00,19.26,325,SKU-ZB-0000742,140,8.88,true
743,Air Industry 743,Quality industry for everyday use.,298.91,132.21,277,SKU-ZP-0000743,151,11.67,true
744,Dream Perform 744,Quality perform for everyday use.,118.61,63.49,481,SKU-GK-0000744,341,4.76,true
745,Town Play 745,Quality play for everyday use.,320.97,233.12,328,SKU-UZ-0000745,127,7.50,true
746,I Require 746,Quality require for everyday use.,31.10,17.21,209,SKU-HZ-0000746,188,1.53,true
747,Author Draw 747,Quality draw for everyday use.,490.80,347.98,485,SKU-RE-0000747,356,4.48,true
748,Meeting Indicate 748,Quality indicate for everyday use.,237.68,171.39,54,SKU-QV-0000748,298,9.39,true
749,Situation He 749,Quality he for everyday use.,448.99,199.50,493,SKU-BB-0000749,328,19.81,true
750,Staff Everybody 750,Quality everybody for everyday use.,240.92,155.02,78,SKU-AP-0000750,2,19.93,true
751,Wear Which 751,Quality which for everyday use.,35.79,28.05,145,SKU-BY-0000751,226,19.59,false
752,Technology Drop 752,Quality drop for everyday use.,412.16,231.16,411,SKU-DB-0000752,238,8.52,true
753,Modern Involve 753,Quality involve for everyday use.,326.19,137.12,367,SKU-GU-0000753,316,1.71,true
754,Stand Impact 754,Quality impact for everyday use.,392.18,301.71,486,SKU-XG-0000754,75,6.54,true
755,Heavy Account 755,Quality account for everyday use.,217.51,163.89,375,SKU-NU-0000755,79,4.83,true
756,Conference Buy 756,Quality buy for everyday use.,321.13,195.52,319,SKU-VD-0000756,381,0.38,true
757,Radio Develop 757,Quality develop for everyday use.,428.97,266.35,174,SKU-WW-0000757,337,2.00,true
758,Simple Work 758,Quality work for everyday use.,317.74,154.01,3,SKU-TN-0000758,406,9.12,true
759,Have Very 759,Quality very for everyday use.,177.74,129.36,62,SKU-KX-0000759,135,6.86,true
760,Sell Group 760,Quality group for everyday use.,333.28,199.78,149,SKU-WN-0000760,499,3.69,true
761,Professor Right 761,Quality right for everyday use.,337.89,139.73,21,SKU-TK-0000761,136,14.35,true
762,Remain Up 762,Quality up for everyday use.,480.52,323.49,255,SKU-TC-0000762,326,7.21,true
763,Religious Thought 763,Quality thought for everyday use.,189.22,147.63,389,SKU-XN-0000763,81,17.05,true
764,Another Office 764,Quality office for everyday use.,215.98,158.02,482,SKU-QE-0000764,460,4.90,true
765,Meeting Response 765,Quality response for everyday use.,407.18,208.02,245,SKU-NA-0000765,166,10.81,false
766,Certainly Firm 766,Quality firm for everyday use.,255.84,107.79,438,SKU-XT-0000766,402,3.76,true
767,Trouble Design 767,Quality design for everyday use.,369.86,287.06,493,SKU-LW-0000767,165,9.96,true
768,Language Message 768,Quality message for everyday use.,233.09,180.60,430,SKU-VC-0000768,396,3.13,true
769,Development Maintain 769,Quality maintain for everyday use.,112.44,68.92,233,SKU-BG-0000769,227,3.32,true
770,If Mission 770,Quality mission for everyday use.,374.12,245.77,163,SKU-AP-0000770,31,12.28,true
771,Left Imagine 771,Quality imagine for everyday use.,70.78,41.41,489,SKU-NN-0000771,95,5.35,true
772,What Light 772,Quality light for everyday use.,104.09,59.11,121,SKU-BY-0000772,342,3.53,true
773,Forward Reduce 773,Quality reduce for everyday use.,315.64,141.34,206,SKU-ZQ-0000773,96,18.60,true
774,Bar Style 774,Quality style for everyday use.,375.14,164.57,38,SKU-AK-0000774,137,0.96,true
775,Quickly Option 775,Quality option for everyday use.,447.97,220.89,397,SKU-TT-0000775,271,11.35,true
776,Within Simple 776,Quality simple for everyday use.,140.65,103.33,325,SKU-FV-0000776,126,11.01,true
777,Far Enter 777,Quality enter for everyday use.,60.69,27.82,43,SKU-ZN-0000777,64,5.09,true
778,System Have 778,Quality have for everyday use.,478.28,234.68,111,SKU-KN-0000778,312,9.11,true
779,We Professor 779,Quality professor for everyday use.,82.28,50.97,278,SKU-AN-0000779,345,1.85,true
780,Then Manager 780,Quality manager for everyday use.,103.64,50.37,271,SKU-AA-0000780,367,14.45,true
781,Attention Their 781,Quality their for everyday use.,149.91,69.75,402,SKU-PN-0000781,472,4.51,true
782,Assume Glass 782,Quality glass for everyday use.,267.51,167.28,134,SKU-ZN-0000782,62,3.95,true
783,Structure Seek 783,Quality seek for everyday use.,442.11,241.94,463,SKU-ZV-0000783,213,6.37,true
784,By Leave 784,Quality leave for everyday use.,381.70,248.28,223,SKU-JY-0000784,117,18.06,true
785,Assume Trouble 785,Quality trouble for everyday use.,355.82,272.16,412,SKU-MQ-0000785,451,15.95,true
786,My Meeting 786,Quality meeting for everyday use.,92.53,42.60,120,SKU-CF-0000786,270,18.94,true
787,Author By 787,Quality by for everyday use.,182.69,139.83,19,SKU-NG-0000787,49,13.07,true
788,Stand Leave 788,Quality leave for everyday use.,242.32,184.40,28,SKU-QB-0000788,346,13.29,true
789,Course President 789,Quality president for everyday use.,78.82,57.67,187,SKU-GR-0000789,21,9.65,true
790,Employee Send 790,Quality send for everyday use.,141.06,92.04,477,SKU-QZ-0000790,137,18.11,false
791,Price Us 791,Quality us for everyday use.,158.31,102.59,25,SKU-XV-0000791,361,10.27,false
792,Movement Policy 792,Quality policy for everyday use.,68.86,45.15,185,SKU-AQ-0000792,253,7.17,true
793,Body Room 793,Quality room for everyday use.,277.81,187.85,55,SKU-FG-0000793,381,12.84,false
794,Word Since 794,Quality since for everyday use.,354.27,144.04,466,SKU-FL-0000794,286,10.97,true
795,Family Soon 795,Quality soon for everyday use.,40.54,31.75,338,SKU-CN-0000795,422,2.57,true
796,Politics You 796,Quality you for everyday use.,243.66,154.54,382,SKU-DN-0000796,281,7.92,true
797,Son Subject 797,Quality subject for everyday use.,392.40,279.62,357,SKU-RE-0000797,28,6.34,true
798,Be Know 798,Quality know for everyday use.,375.50,206.87,329,SKU-CV-0000798,35,16.95,true
799,Herself Peace 799,Quality peace for everyday use.,408.64,165.48,387,SKU-TG-0000799,389,7.64,true
800,Discuss Dinner 800,Quality dinner for everyday use.,227.42,137.34,5,SKU-XF-0000800,19,16.45,true
801,Base Away 801,Quality away for everyday use.,411.35,247.99,433,SKU-YC-0000801,188,8.90,true
802,Service At 802,Quality at for everyday use.,124.92,71.80,370,SKU-RA-0000802,8,15.09,true
803,Would Exactly 803,Quality exactly for everyday use.,184.23,98.73,370,SKU-EK-0000803,151,2.79,true
804,Fall Live 804,Quality live for everyday use.,93.11,46.55,197,SKU-CL-0000804,298,18.50,true
805,Spring Range 805,Quality range for everyday use.,236.93,144.77,401,SKU-FC-0000805,86,9.66,true
806,Bank Seven 806,Quality seven for everyday use.,199.67,109.84,191,SKU-ZZ-0000806,233,5.27,true
807,Set Real 807,Quality real for everyday use.,125.01,98.50,25,SKU-ZD-0000807,499,4.91,true
808,Business Attorney 808,Quality attorney for everyday use.,377.37,177.05,454,SKU-KH-0000808,35,5.38,true
809,Building Same 809,Quality same for everyday use.,161.03,85.00,118,SKU-HK-0000809,31,7.40,true
810,Nearly Voice 810,Quality voice for everyday use.,140.76,72.86,51,SKU-NM-0000810,135,14.38,true
811,Late Boy 811,Quality boy for everyday use.,70.65,43.61,311,SKU-HZ-0000811,414,19.00,true
812,Believe Plant 812,Quality plant for everyday use.,222.77,133.60,117,SKU-ZH-0000812,203,13.41,true
813,Area Couple 813,Quality couple for everyday use.,155.65,102.34,430,SKU-FN-0000813,320,10.99,true
814,Federal Company 814,Quality company for everyday use.,188.41,146.96,222,SKU-JZ-0000814,16,9.03,true
815,Test Cold 815,Quality cold for everyday use.,122.57,63.01,3,SKU-LA-0000815,368,16.58,true
816,Impact South 816,Quality south for everyday use.,382.99,259.33,476,SKU-DB-0000816,33,17.01,true
817,System Such 817,Quality such for everyday use.,465.41,190.83,258,SKU-KH-0000817,356,5.93,true
818,Less Win 818,Quality win for everyday use.,251.97,127.23,132,SKU-WX-0000818,74,19.07,true
819,Data With 819,Quality with for everyday use.,323.63,189.48,339,SKU-DY-0000819,430,7.96,true
820,Story Everyone 820,Quality everyone for everyday use.,434.37,179.13,266,SKU-QH-0000820,148,16.02,false
821,Let Win 821,Quality win for everyday use.,499.41,323.15,15,SKU-KL-0000821,92,19.34,true
822,Attorney Approach 822,Quality approach for everyday use.,309.07,207.49,380,SKU-EW-0000822,168,14.10,true
823,Guy Memory 823,Quality memory for everyday use.,445.54,311.30,201,SKU-AB-0000823,0,3.31,true
824,Develop Road 824,Quality road for everyday use.,454.84,275.92,350,SKU-GD-0000824,82,11.76,true
825,On Wide 825,Quality wide for everyday use.,396.97,254.69,448,SKU-BK-0000825,299,2.46,true
826,Win Tv 826,Quality tv for everyday use.,233.69,130.50,306,SKU-KD-0000826,150,15.80,true
827,Condition Believe 827,Quality believe for everyday use.,46.08,19.19,336,SKU-VX-0000827,177,5.70,true
828,Exactly Compare 828,Quality compare for everyday use.,13.80,6.07,128,SKU-TN-0000828,404,13.93,true
829,Affect Song 829,Quality song for everyday use.,241.73,160.02,119,SKU-YJ-0000829,62,18.21,true
830,Unit Including 830,Quality including for everyday use.,250.18,199.70,208,SKU-LA-0000830,198,3.70,true
831,Film How 831,Quality how for everyday use.,207.23,84.20,427,SKU-SC-0000831,93,7.92,true
832,High Rule 832,Quality rule for everyday use.,286.66,178.60,263,SKU-RU-0000832,241,12.98,true
833,Against Senior 833,Quality senior for everyday use.,278.76,195.24,175,SKU-FQ-0000833,166,8.45,true
834,Without Card 834,Quality card for everyday use.,419.28,306.37,390,SKU-HK-0000834,23,3.58,true
835,World Art 835,Quality art for everyday use.,59.67,36.88,427,SKU-NF-0000835,35,0.68,true
836,Cultural Collection 836,Quality collection for everyday use.,117.23,75.96,452,SKU-VK-0000836,427,8.19,true
837,Up Those 837,Quality those for everyday use.,397.73,269.94,150,SKU-MV-0000837,28,13.02,true
838,Way Same 838,Quality same for everyday use.,424.82,315.89,355,SKU-FL-0000838,392,11.52,true
839,Rock Speech 839,Quality speech for everyday use.,497.43,223.30,296,SKU-ZK-0000839,458,3.21,true
840,Property Let 840,Quality let for everyday use.,437.21,336.86,225,SKU-CG-0000840,233,9.07,true
841,Serious Address 841,Quality address for everyday use.,445.60,182.88,199,SKU-YU-0000841,156,7.45,true
842,Energy Reveal 842,Quality reveal for everyday use.,161.28,118.46,58,SKU-VG-0000842,388,5.56,true
843,Movement Read 843,Quality read for everyday use.,204.41,88.04,138,SKU-WK-0000843,492,14.61,true
844,Main Enter 844,Quality enter for everyday use.,138.42,66.14,275,SKU-VX-0000844,60,6.26,false
845,Sense Rule 845,Quality rule for everyday use.,305.50,122.68,444,SKU-EY-0000845,483,10.85,true
846,Hard Hard 846,Quality hard for everyday use.,469.76,271.57,434,SKU-RT-0000846,472,18.47,true
847,Hold Maintain 847,Quality maintain for everyday use.,176.24,94.07,94,SKU-UE-0000847,71,10.83,true
848,Finish Large 848,Quality large for everyday use.,281.15,131.13,340,SKU-TF-0000848,27,12.38,true
849,Gas Treatment 849,Quality treatment for everyday use.,152.36,88.44,43,SKU-GC-0000849,358,1.56,true
850,Determine Newspaper 850,Quality newspaper for everyday use.,89.87,50.41,338,SKU-EZ-0000850,38,3.64,true
851,Rule Will 851,Quality will for everyday use.,102.41,72.41,171,SKU-HK-0000851,301,2.11,true
852,Four Keep 852,Quality keep for everyday use.,34.62,26.22,225,SKU-MT-0000852,32,15.32,true
853,Point Capital 853,Quality capital for everyday use.,474.94,313.95,359,SKU-PN-0000853,346,16.73,true
854,Have Design 854,Quality design for everyday use.,205.01,92.21,213,SKU-WM-0000854,116,3.81,true
855,Whose Since 855,Quality since for everyday use.,418.05,216.62,404,SKU-UX-0000855,48,4.46,true
856,Walk Surface 856,Quality surface for everyday use.,342.57,262.18,267,SKU-SA-0000856,33,6.53,true
857,Will Race 857,Quality race for everyday use.,100.80,43.90,500,SKU-GQ-0000857,94,11.86,true
858,Sea Suffer 858,Quality suffer for everyday use.,92.67,52.15,320,SKU-MG-0000858,270,12.47,true
859,Hospital Center 859,Quality center for everyday use.,407.11,316.33,149,SKU-JB-0000859,38,13.77,true
860,Cup Dog 860,Quality dog for everyday use.,136.76,106.71,388,SKU-FU-0000860,401,18.11,true
861,Thank Professor 861,Quality professor for everyday use.,457.15,258.05,204,SKU-AW-0000861,302,5.97,true
862,Suffer Window 862,Quality window for everyday use.,75.18,50.14,268,SKU-JV-0000862,148,13.21,true
863,Simple Respond 863,Quality respond for everyday use.,340.78,198.57,69,SKU-GV-0000863,494,11.24,false
864,Game Husband 864,Quality husband for everyday use.,408.34,286.40,60,SKU-PW-0000864,329,6.19,true
865,Know Newspaper 865,Quality newspaper for everyday use.,122.21,50.43,288,SKU-BV-0000865,336,18.16,true
866,Value Base 866,Quality base for everyday use.,142.44,65.19,94,SKU-GJ-0000866,87,2.00,true
867,Threat Nothing 867,Quality nothing for everyday use.,482.46,311.51,499,SKU-BY-0000867,356,14.27,true
868,Bank I 868,Quality i for everyday use.,136.70,67.40,428,SKU-RZ-0000868,280,14.58,true
869,Spring Church 869,Quality church for everyday use.,218.39,145.54,351,SKU-PD-0000869,493,18.31,true
870,Month Set 870,Quality set for everyday use.,219.65,118.72,368,SKU-JL-0000870,239,10.42,true
871,Mouth Position 871,Quality position for everyday use.,130.99,98.85,298,SKU-DY-0000871,339,6.50,true
872,Bit Product 872,Quality product for everyday use.,389.23,283.24,31,SKU-YP-0000872,170,16.57,true
873,Follow Less 873,Quality less for everyday use.,387.28,231.26,197,SKU-QS-0000873,20,15.44,true
874,Test Situation 874,Quality situation for everyday use.,192.88,136.78,248,SKU-SB-0000874,64,10.06,true
875,Language Without 875,Quality without for everyday use.,418.54,212.81,458,SKU-NU-0000875,434,15.38,true
876,Mission Mr 876,Quality mr for everyday use.,111.25,66.49,110,SKU-VQ-0000876,369,5.43,true
877,Whose Drive 877,Quality drive for everyday use.,8.12,3.89,249,SKU-XQ-0000877,182,11.83,true
878,Seek None 878,Quality none for everyday use.,288.15,214.49,173,SKU-KL-0000878,349,17.32,true
879,Mention Quality 879,Quality quality for everyday use.,497.06,362.47,68,SKU-SX-0000879,2,6.43,false
880,Require Let 880,Quality let for everyday use.,25.08,19.08,52,SKU-FH-0000880,18,9.72,true
881,Hot Safe 881,Quality safe for everyday use.,108.74,81.66,183,SKU-RU-0000881,254,19.03,true
882,Box Hour 882,Quality hour for everyday use.,262.33,205.62,42,SKU-KR-0000882,313,15.98,true
883,Effort Officer 883,Quality officer for everyday use.,406.10,199.53,34,SKU-AH-0000883,469,17.75,true
884,Main My 884,Quality my for everyday use.,49.98,38.62,176,SKU-YP-0000884,380,7.77,true
885,Include Main 885,Quality main for everyday use.,201.24,126.48,101,SKU-WF-0000885,128,19.93,true
886,Very Gun 886,Quality gun for everyday use.,375.05,213.40,278,SKU-GZ-0000886,408,3.14,false
887,Field Without 887,Quality without for everyday use.,189.53,118.30,9,SKU-ZX-0000887,246,10.42,true
888,Option Within 888,Quality within for everyday use.,99.28,53.32,151,SKU-HV-0000888,413,9.64,true
889,Tree Control 889,Quality control for everyday use.,102.56,52.86,227,SKU-MW-0000889,87,15.99,true
890,Explain Discuss 890,Quality discuss for everyday use.,208.55,103.55,482,SKU-WL-0000890,13,18.18,true
891,Author Suggest 891,Quality suggest for everyday use.,242.82,105.13,318,SKU-HZ-0000891,28,14.65,true
892,Thank Rich 892,Quality rich for everyday use.,431.73,258.44,441,SKU-LL-0000892,496,12.57,true
893,Sense Exactly 893,Quality exactly for everyday use.,323.26,244.10,172,SKU-RY-0000893,40,8.61,true
894,Least Though 894,Quality though for everyday use.,347.05,226.30,225,SKU-DZ-0000894,470,10.26,true
895,Special Realize 895,Quality realize for everyday use.,491.59,299.08,211,SKU-LA-0000895,364,10.24,true
896,Then Point 896,Quality point for everyday use.,209.44,119.68,444,SKU-HM-0000896,73,0.51,true
897,Where Family 897,Quality family for everyday use.,205.25,120.23,480,SKU-SP-0000897,432,10.11,false
898,Remain Against 898,Quality against for everyday use.,462.12,223.53,482,SKU-DM-0000898,72,17.13,false
899,Federal Late 899,Quality late for everyday use.,127.45,92.93,376,SKU-FG-0000899,71,14.21,true
900,Write Seven 900,Quality seven for everyday use.,366.52,175.69,252,SKU-TV-0000900,288,15.93,true
901,Matter Lawyer 901,Quality lawyer for everyday use.,378.75,260.07,271,SKU-DQ-0000901,144,7.87,true
902,Civil Air 902,Quality air for everyday use.,54.30,38.23,491,SKU-LJ-0000902,145,10.63,true
903,Certainly Box 903,Quality box for everyday use.,237.30,149.49,143,SKU-TF-0000903,97,0.77,true
904,Occur Personal 904,Quality personal for everyday use.,105.07,78.30,174,SKU-UK-0000904,304,7.72,true
905,Move Half 905,Quality half for everyday use.,97.57,50.39,449,SKU-CV-0000905,13,9.54,true
906,Easy What 906,Quality what for everyday use.,235.12,176.96,194,SKU-WP-0000906,122,5.18,true
907,Professor Smile 907,Quality smile for everyday use.,148.97,103.05,118,SKU-TD-0000907,277,0.72,true
908,Tough Fine 908,Quality fine for everyday use.,399.24,287.25,281,SKU-JJ-0000908,243,13.84,true
909,Arm Teacher 909,Quality teacher for everyday use.,454.35,302.52,163,SKU-UJ-0000909,350,8.76,true
910,Share Federal 910,Quality federal for everyday use.,402.53,297.28,446,SKU-TH-0000910,108,8.37,true
911,Him Care 911,Quality care for everyday use.,137.41,109.55,455,SKU-QF-0000911,324,5.07,true
912,Enter Point 912,Quality point for everyday use.,141.41,80.33,154,SKU-PB-0000912,380,10.80,false
913,Hard Page 913,Quality page for everyday use.,131.83,95.65,265,SKU-TA-0000913,194,8.82,true
914,Beyond Type 914,Quality type for everyday use.,72.70,50.73,492,SKU-ZW-0000914,128,9.53,true
915,Will Ahead 915,Quality ahead for everyday use.,472.23,274.44,372,SKU-PX-0000915,278,11.66,false
916,Tree Have 916,Quality have for everyday use.,204.60,157.70,108,SKU-VD-0000916,290,0.23,false
917,Before Ago 917,Quality ago for everyday use.,116.99,65.25,296,SKU-TK-0000917,47,18.16,true
918,Buy Scientist 918,Quality scientist for everyday use.,424.25,265.66,310,SKU-WW-0000918,283,1.51,true
919,Explain Image 919,Quality image for everyday use.,203.19,89.89,327,SKU-YL-0000919,77,9.07,true
920,Mr Fish 920,Quality fish for everyday use.,23.34,11.44,13,SKU-ED-0000920,284,4.23,true
921,Interesting Future 921,Quality future for everyday use.,85.99,63.31,150,SKU-DZ-0000921,466,10.52,true
922,Center Clearly 922,Quality clearly for everyday use.,321.78,179.75,428,SKU-QJ-0000922,269,5.68,true
923,Major Result 923,Quality result for everyday use.,392.75,219.01,121,SKU-LE-0000923,381,17.21,true
924,Care How 924,Quality how for everyday use.,110.19,54.92,150,SKU-PL-0000924,155,7.99,true
925,Senior Support 925,Quality support for everyday use.,459.18,273.97,162,SKU-VA-0000925,462,12.81,true
926,Interest Into 926,Quality into for everyday use.,426.38,307.99,89,SKU-YB-0000926,407,5.05,true
927,If Everybody 927,Quality everybody for everyday use.,425.09,322.25,78,SKU-LJ-0000927,459,0.49,true
928,Suffer Read 928,Quality read for everyday use.,118.45,50.70,174,SKU-TR-0000928,371,8.14,true
929,Least Think 929,Quality think for everyday use.,30.95,19.50,438,SKU-EM-0000929,325,10.78,true
930,Teach Film 930,Quality film for everyday use.,434.50,255.01,1,SKU-NM-0000930,263,9.24,true
931,Fine Evening 931,Quality evening for everyday use.,157.06,101.42,142,SKU-AE-0000931,465,19.24,true
932,Film Including 932,Quality including for everyday use.,311.73,180.46,31,SKU-NG-0000932,424,14.17,true
933,Attention Side 933,Quality side for everyday use.,381.41,213.38,281,SKU-PD-0000933,208,19.91,true
934,Especially Gun 934,Quality gun for everyday use.,69.37,40.84,126,SKU-TE-0000934,42,5.97,false
935,Follow Husband 935,Quality husband for everyday use.,391.72,247.88,396,SKU-RW-0000935,1,15.80,true
936,Option Artist 936,Quality artist for everyday use.,469.61,281.95,293,SKU-JD-0000936,116,11.16,false
937,Box Road 937,Quality road for everyday use.,365.81,215.41,392,SKU-AJ-0000937,31,12.27,true
938,Reality Meeting 938,Quality meeting for everyday use.,223.95,162.84,318,SKU-CX-0000938,105,19.72,false
939,Team Wish 939,Quality wish for everyday use.,439.07,306.58,220,SKU-ZZ-0000939,54,13.11,true
940,Activity Concern 940,Quality concern for everyday use.,266.55,143.02,431,SKU-YQ-0000940,491,17.99,true
941,Customer Mr 941,Quality mr for everyday use.,373.91,269.30,239,SKU-HL-0000941,47,14.54,true
942,Tough Rule 942,Quality rule for everyday use.,411.32,304.98,475,SKU-GW-0000942,314,2.63,true
943,Explain Mention 943,Quality mention for everyday use.,376.17,173.56,498,SKU-LK-0000943,176,14.02,false
944,Avoid Clearly 944,Quality clearly for everyday use.,148.19,93.82,295,SKU-SJ-0000944,87,9.74,true
945,Green Him 945,Quality him for everyday use.,64.20,33.01,338,SKU-JF-0000945,351,18.38,false
946,Mouth Center 946,Quality center for everyday use.,123.73,86.08,128,SKU-BA-0000946,486,16.16,true
947,Sound Short 947,Quality short for everyday use.,254.41,126.06,408,SKU-KZ-0000947,396,2.17,false
948,Remain Candidate 948,Quality candidate for everyday use.,255.60,170.88,336,SKU-GR-0000948,488,2.76,true
949,Design Walk 949,Quality walk for everyday use.,293.82,147.51,452,SKU-HH-0000949,295,1.49,true
950,Same Film 950,Quality film for everyday use.,201.17,121.60,134,SKU-DP-0000950,337,9.92,true
951,Write Light 951,Quality light for everyday use.,394.71,307.66,394,SKU-RJ-0000951,73,1.71,true
952,Win Also 952,Quality also for everyday use.,457.09,252.55,236,SKU-NM-0000952,427,14.50,true
953,Suggest Yet 953,Quality yet for everyday use.,127.87,95.94,93,SKU-GS-0000953,374,11.09,true
954,Successful Ball 954,Quality ball for everyday use.,369.83,293.93,86,SKU-PB-0000954,127,16.73,true
955,Part Work 955,Quality work for everyday use.,340.91,255.66,282,SKU-MK-0000955,177,5.67,true
956,Bill Reduce 956,Quality reduce for everyday use.,264.40,123.30,160,SKU-VH-0000956,306,10.43,true
957,Case Range 957,Quality range for everyday use.,99.12,72.15,51,SKU-YQ-0000957,6,2.44,true
958,Point Relate 958,Quality relate for everyday use.,398.83,164.66,214,SKU-DK-0000958,409,17.70,true
959,Recent Where 959,Quality where for everyday use.,480.54,267.81,327,SKU-XG-0000959,140,3.58,true
960,Task Age 960,Quality age for everyday use.,362.58,271.32,160,SKU-SU-0000960,37,2.14,true
961,Move Image 961,Quality image for everyday use.,459.41,310.33,478,SKU-SC-0000961,165,4.18,true
962,Surface Ahead 962,Quality ahead for everyday use.,492.18,301.75,390,SKU-JJ-0000962,418,16.14,true
963,Only On 963,Quality on for everyday use.,179.90,99.87,257,SKU-JX-0000963,137,2.21,true
964,Agreement Network 964,Quality network for everyday use.,321.27,232.89,468,SKU-AN-0000964,270,12.33,true
965,Remember Personal 965,Quality personal for everyday use.,240.11,164.19,217,SKU-ZX-0000965,406,14.95,true
966,Change Send 966,Quality send for everyday use.,493.38,289.79,70,SKU-QZ-0000966,16,15.05,false
967,Professor Yeah 967,Quality yeah for everyday use.,52.33,39.61,18,SKU-KQ-0000967,380,3.88,false
968,You Oil 968,Quality oil for everyday use.,209.70,103.17,470,SKU-PB-0000968,144,1.33,true
969,Relationship Join 969,Quality join for everyday use.,438.51,205.29,480,SKU-AX-0000969,348,9.03,false
970,Lay Agency 970,Quality agency for everyday use.,146.31,96.14,370,SKU-EJ-0000970,94,4.13,false
971,Check Easy 971,Quality easy for everyday use.,395.16,311.70,52,SKU-QP-0000971,69,14.02,true
972,Without Capital 972,Quality capital for everyday use.,195.08,97.33,147,SKU-NZ-0000972,394,7.20,true
973,Discover Price 973,Quality price for everyday use.,490.10,244.99,21,SKU-UY-0000973,404,9.04,true
974,Federal Both 974,Quality both for everyday use.,442.45,201.67,26,SKU-RZ-0000974,491,2.36,true
975,Couple Teacher 975,Quality teacher for everyday use.,154.84,115.24,124,SKU-QP-0000975,339,11.39,true
976,Case Yet 976,Quality yet for everyday use.,386.47,189.59,287,SKU-VW-0000976,233,3.79,true
977,Toward Meeting 977,Quality meeting for everyday use.,172.40,103.66,33,SKU-BX-0000977,97,13.61,true
978,Write Area 978,Quality area for everyday use.,305.53,243.31,493,SKU-SX-0000978,147,1.52,false
979,Improve Dream 979,Quality dream for everyday use.,331.28,134.12,228,SKU-TY-0000979,324,19.52,true
980,Meeting Receive 980,Quality receive for everyday use.,415.81,258.88,132,SKU-GE-0000980,173,13.72,true
981,Pattern Garden 981,Quality garden for everyday use.,18.07,10.93,259,SKU-EG-0000981,242,3.72,true
982,Reveal Bad 982,Quality bad for everyday use.,114.75,82.96,396,SKU-FL-0000982,84,0.38,true
983,Send Hour 983,Quality hour for everyday use.,357.68,193.90,157,SKU-ED-0000983,220,6.76,false
984,Trial Suffer 984,Quality suffer for everyday use.,284.37,160.42,24,SKU-NV-0000984,119,3.14,true
985,Article Clearly 985,Quality clearly for everyday use.,250.82,117.18,26,SKU-DN-0000985,56,4.45,true
986,Half Remain 986,Quality remain for everyday use.,33.26,23.16,426,SKU-RS-0000986,66,17.47,true
987,Meet Pass 987,Quality pass for everyday use.,178.04,127.10,56,SKU-CT-0000987,259,12.10,true
988,Approach Old 988,Quality old for everyday use.,433.35,197.03,318,SKU-AF-0000988,183,3.61,false
989,Use Product 989,Quality product for everyday use.,21.25,11.84,193,SKU-HW-0000989,50,11.18,true
990,Occur Budget 990,Quality budget for everyday use.,201.83,152.82,389,SKU-EU-0000990,257,5.19,true
991,Yet Sea 991,Quality sea for everyday use.,472.89,189.67,31,SKU-ZZ-0000991,82,19.53,true
992,Audience Professor 992,Quality professor for everyday use.,31.13,16.17,449,SKU-HC-0000992,7,0.75,true
993,He Condition 993,Quality condition for everyday use.,376.34,234.09,350,SKU-FU-0000993,66,14.67,true
994,Natural Late 994,Quality late for everyday use.,133.25,71.11,225,SKU-ER-0000994,224,15.48,true
995,Boy Author 995,Quality author for everyday use.,434.09,220.87,104,SKU-JU-0000995,478,1.44,true
996,Remain Now 996,Quality now for everyday use.,374.55,218.74,489,SKU-QQ-0000996,121,3.52,true
997,Body Body 997,Quality body for everyday use.,443.53,209.62,152,SKU-UY-0000997,142,7.75,true
998,Remember Occur 998,Quality occur for everyday use.,112.66,68.93,246,SKU-JN-0000998,121,17.38,true
999,Network Somebody 999,Quality somebody for everyday use.,268.45,183.27,198,SKU-RV-0000999,177,10.79,true
1000,Service Education 1000,Quality education for everyday use.,390.95,246.34,116,SKU-MJ-0001000,359,13.14,true
